<?xml version="1.0"?>
<?xml-stylesheet type='text/xsl' href='MessageLog.xsl'?>
<Log FirstSessionID="1" LastSessionID="3"><Message Date="28/01/2013" Time="09:31:54" DateTime="2013-01-28T11:31:54.432Z" SessionID="1"><From><User FriendlyName="Comercial l GRUPO GENESIS"/></From><To><User FriendlyName="MICRO WAY ARAPONGAS PR-RAFAEL ñ quer"/></To><Text Style="font-family:Segoe UI; color:#000000; ">ola</Text></Message><Message Date="28/01/2013" Time="09:31:57" DateTime="2013-01-28T11:31:57.661Z" SessionID="1"><From><User FriendlyName="Comercial l GRUPO GENESIS"/></From><To><User FriendlyName="MICRO WAY ARAPONGAS PR-RAFAEL ñ quer"/></To><Text Style="font-family:Segoe UI; color:#000000; ">bom dia</Text></Message><Message Date="14/03/2013" Time="09:43:28" DateTime="2013-03-14T12:43:28.444Z" SessionID="2"><From><User FriendlyName="Comercial l GRUPO GENESIS"/></From><To><User FriendlyName="MICRO WAY ARAPONGAS PR-RAFAEL ñ quer"/></To><Text Style="font-family:Segoe UI; color:#000000; ">Oi</Text></Message><Message Date="14/03/2013" Time="09:43:32" DateTime="2013-03-14T12:43:32.781Z" SessionID="2"><From><User FriendlyName="Comercial l GRUPO GENESIS"/></From><To><User FriendlyName="MICRO WAY ARAPONGAS PR-RAFAEL ñ quer"/></To><Text Style="font-family:Segoe UI; color:#000000; ">Bom Dia</Text></Message><Message Date="10/04/2013" Time="08:46:43" DateTime="2013-04-10T11:46:43.384Z" SessionID="3"><From><User FriendlyName="Comercial l GRUPO GENESIS"/></From><To><User FriendlyName="MICRO WAY ARAPONGAS PR-RAFAEL ñ quer"/></To><Text Style="font-family:Segoe UI; color:#000000; ">Oi</Text></Message><Message Date="10/04/2013" Time="08:46:45" DateTime="2013-04-10T11:46:45.802Z" SessionID="3"><From><User FriendlyName="Comercial l GRUPO GENESIS"/></From><To><User FriendlyName="MICRO WAY ARAPONGAS PR-RAFAEL ñ quer"/></To><Text Style="font-family:Segoe UI; color:#000000; ">bom dia</Text></Message></Log>
