<?xml version="1.0"?>
<?xml-stylesheet type='text/xsl' href='MessageLog.xsl'?>
<Log FirstSessionID="1" LastSessionID="1"><Message Date="22/01/2013" Time="10:50:31" DateTime="2013-01-22T12:50:31.584Z" SessionID="1"><From><User FriendlyName="Comercial l GRUPO GENESIS"/></From><To><User FriendlyName="Mundial info. Cambé -PR contato novo"/></To><Text Style="font-family:Segoe UI; color:#000000; ">olá</Text></Message><Message Date="22/01/2013" Time="10:50:34" DateTime="2013-01-22T12:50:34.124Z" SessionID="1"><From><User FriendlyName="Comercial l GRUPO GENESIS"/></From><To><User FriendlyName="Mundial info. Cambé -PR contato novo"/></To><Text Style="font-family:Segoe UI; color:#000000; ">Bom dia</Text></Message><Message Date="22/01/2013" Time="10:52:42" DateTime="2013-01-22T12:52:42.505Z" SessionID="1"><From><User FriendlyName="Mundial info. Cambé -PR contato novo"/></From><To><User FriendlyName="Comercial l GRUPO GENESIS"/></To><Text Style="font-family:Segoe UI; color:#000000; ">Bom Dia</Text></Message></Log>
