<?xml version="1.0"?>
<?xml-stylesheet type='text/xsl' href='MessageLog.xsl'?>
<Log FirstSessionID="1" LastSessionID="2"><Message Date="04/02/2013" Time="09:00:58" DateTime="2013-02-04T11:00:58.101Z" SessionID="1"><From><User FriendlyName="Comercial l GRUPO GENESIS"/></From><To><User FriendlyName="Alexandre Barros"/></To><Text Style="font-family:Segoe UI; color:#000000; ">ola</Text></Message><Message Date="04/02/2013" Time="09:01:00" DateTime="2013-02-04T11:01:00.441Z" SessionID="1"><From><User FriendlyName="Comercial l GRUPO GENESIS"/></From><To><User FriendlyName="Alexandre Barros"/></To><Text Style="font-family:Segoe UI; color:#000000; ">bom dia</Text></Message><Message Date="08/02/2013" Time="11:41:57" DateTime="2013-02-08T13:41:57.609Z" SessionID="2"><From><User FriendlyName="Comercial l GRUPO GENESIS"/></From><To><User FriendlyName="Alexandre Barros"/></To><Text Style="font-family:Segoe UI; color:#000000; ">ola</Text></Message><Message Date="08/02/2013" Time="11:41:59" DateTime="2013-02-08T13:41:59.939Z" SessionID="2"><From><User FriendlyName="Comercial l GRUPO GENESIS"/></From><To><User FriendlyName="Alexandre Barros"/></To><Text Style="font-family:Segoe UI; color:#000000; ">bom dia</Text></Message></Log>
