<?xml version="1.0"?>
<?xml-stylesheet type='text/xsl' href='MessageLog.xsl'?>
<Log FirstSessionID="1" LastSessionID="2"><Message Date="01/02/2013" Time="11:04:04" DateTime="2013-02-01T13:04:04.463Z" SessionID="1"><From><User FriendlyName="Comercial l GRUPO GENESIS"/></From><To><User FriendlyName="SIGMA Mangueirinha Silomar ñ quer - PR"/></To><Text Style="font-family:Segoe UI; color:#000000; ">ola</Text></Message><Message Date="01/02/2013" Time="11:04:07" DateTime="2013-02-01T13:04:07.645Z" SessionID="1"><From><User FriendlyName="Comercial l GRUPO GENESIS"/></From><To><User FriendlyName="SIGMA Mangueirinha Silomar ñ quer - PR"/></To><Text Style="font-family:Segoe UI; color:#000000; ">bom dia</Text></Message><Message Date="01/02/2013" Time="11:05:31" DateTime="2013-02-01T13:05:31.542Z" SessionID="1"><From><User FriendlyName="SIGMA Mangueirinha Silomar ñ quer - PR"/></From><To><User FriendlyName="Comercial l GRUPO GENESIS"/></To><Text Style="font-family:Tahoma; font-weight:bold; color:#000000; ">bom dia</Text></Message><Message Date="01/02/2013" Time="11:05:43" DateTime="2013-02-01T13:05:43.367Z" SessionID="1"><From><User FriendlyName="Comercial l GRUPO GENESIS"/></From><To><User FriendlyName="SIGMA Mangueirinha Silomar ñ quer - PR"/></To><Text Style="font-family:Segoe UI; color:#000000; ">tudo bem?</Text></Message><Message Date="01/02/2013" Time="11:12:46" DateTime="2013-02-01T13:12:46.338Z" SessionID="1"><From><User FriendlyName="SIGMA Mangueirinha Silomar ñ quer - PR"/></From><To><User FriendlyName="Comercial l GRUPO GENESIS"/></To><Text Style="font-family:Tahoma; font-weight:bold; color:#000000; ">tudo</Text></Message><Message Date="01/02/2013" Time="11:12:56" DateTime="2013-02-01T13:12:56.201Z" SessionID="1"><From><User FriendlyName="Comercial l GRUPO GENESIS"/></From><To><User FriendlyName="SIGMA Mangueirinha Silomar ñ quer - PR"/></To><Text Style="font-family:Segoe UI; color:#000000; ">que bom</Text></Message><Message Date="01/02/2013" Time="11:13:02" DateTime="2013-02-01T13:13:02.488Z" SessionID="1"><From><User FriendlyName="Comercial l GRUPO GENESIS"/></From><To><User FriendlyName="SIGMA Mangueirinha Silomar ñ quer - PR"/></To><Text Style="font-family:Segoe UI; color:#000000; ">=)</Text></Message><Message Date="01/02/2013" Time="11:13:34" DateTime="2013-02-01T13:13:34.307Z" SessionID="1"><From><User FriendlyName="Comercial l GRUPO GENESIS"/></From><To><User FriendlyName="SIGMA Mangueirinha Silomar ñ quer - PR"/></To><Text Style="font-family:Segoe UI; color:#000000; ">Gostaria de saber se voce ja fez o agendamento pra 2013²</Text></Message><Message Date="01/02/2013" Time="11:13:37" DateTime="2013-02-01T13:13:37.568Z" SessionID="1"><From><User FriendlyName="Comercial l GRUPO GENESIS"/></From><To><User FriendlyName="SIGMA Mangueirinha Silomar ñ quer - PR"/></To><Text Style="font-family:Segoe UI; color:#000000; ">?</Text></Message><Message Date="01/02/2013" Time="11:20:19" DateTime="2013-02-01T13:20:19.944Z" SessionID="1"><From><User FriendlyName="SIGMA Mangueirinha Silomar ñ quer - PR"/></From><To><User FriendlyName="Comercial l GRUPO GENESIS"/></To><Text Style="font-family:Tahoma; font-weight:bold; color:#000000; ">nao</Text></Message><Message Date="01/02/2013" Time="11:20:44" DateTime="2013-02-01T13:20:44.750Z" SessionID="1"><From><User FriendlyName="Comercial l GRUPO GENESIS"/></From><To><User FriendlyName="SIGMA Mangueirinha Silomar ñ quer - PR"/></To><Text Style="font-family:Segoe UI; color:#000000; ">quer deixar sua data agendada?</Text></Message><Message Date="01/02/2013" Time="11:21:33" DateTime="2013-02-01T13:21:33.775Z" SessionID="1"><From><User FriendlyName="SIGMA Mangueirinha Silomar ñ quer - PR"/></From><To><User FriendlyName="Comercial l GRUPO GENESIS"/></To><Text Style="font-family:Tahoma; font-weight:bold; color:#000000; ">no momento nao, obrigado</Text></Message><Message Date="01/02/2013" Time="11:23:06" DateTime="2013-02-01T13:23:06.511Z" SessionID="1"><From><User FriendlyName="Comercial l GRUPO GENESIS"/></From><To><User FriendlyName="SIGMA Mangueirinha Silomar ñ quer - PR"/></To><Text Style="font-family:Segoe UI; color:#000000; ">ok,obrigado pela atenção</Text></Message><Message Date="01/02/2013" Time="11:23:10" DateTime="2013-02-01T13:23:10.734Z" SessionID="1"><From><User FriendlyName="Comercial l GRUPO GENESIS"/></From><To><User FriendlyName="SIGMA Mangueirinha Silomar ñ quer - PR"/></To><Text Style="font-family:Segoe UI; color:#000000; ">um bom dia</Text></Message><Message Date="01/02/2013" Time="11:23:13" DateTime="2013-02-01T13:23:13.714Z" SessionID="1"><From><User FriendlyName="Comercial l GRUPO GENESIS"/></From><To><User FriendlyName="SIGMA Mangueirinha Silomar ñ quer - PR"/></To><Text Style="font-family:Segoe UI; color:#000000; ">ate mais</Text></Message><Message Date="01/02/2013" Time="11:23:16" DateTime="2013-02-01T13:23:16.491Z" SessionID="2"><From><User FriendlyName="SIGMA Mangueirinha Silomar ñ quer - PR"/></From><To><User FriendlyName="Comercial l GRUPO GENESIS"/></To><Text Style="font-family:Tahoma; font-weight:bold; color:#000000; ">bom dia</Text></Message></Log>
