<?xml version="1.0"?>
<?xml-stylesheet type='text/xsl' href='MessageLog.xsl'?>
<Log FirstSessionID="1" LastSessionID="4"><Message Date="29/01/2013" Time="13:53:35" DateTime="2013-01-29T15:53:35.717Z" SessionID="1"><From><User FriendlyName="Comercial l GRUPO GENESIS"/></From><To><User FriendlyName="Ananza - Americanas SP"/></To><Text Style="font-family:Segoe UI; color:#000000; ">ola</Text></Message><Message Date="29/01/2013" Time="13:53:41" DateTime="2013-01-29T15:53:41.302Z" SessionID="1"><From><User FriendlyName="Comercial l GRUPO GENESIS"/></From><To><User FriendlyName="Ananza - Americanas SP"/></To><Text Style="font-family:Segoe UI; color:#000000; ">boa tarde</Text></Message><Message Date="29/01/2013" Time="14:24:32" DateTime="2013-01-29T16:24:32.378Z" SessionID="1"><From><User FriendlyName="Comercial l GRUPO GENESIS"/></From><To><User FriendlyName="Ananza - Americanas SP"/></To><Text Style="font-family:Segoe UI; color:#000000; ">olaaa</Text></Message><Message Date="29/01/2013" Time="14:24:37" DateTime="2013-01-29T16:24:37.298Z" SessionID="1"><From><User FriendlyName="Comercial l GRUPO GENESIS"/></From><To><User FriendlyName="Ananza - Americanas SP"/></To><Text Style="font-family:Segoe UI; color:#000000; ">tudo bem??</Text></Message><Message Date="29/01/2013" Time="14:24:37" DateTime="2013-01-29T16:24:37.948Z" SessionID="1"><From><User FriendlyName="Ananza - Americanas SP"/></From><To><User FriendlyName="Comercial l GRUPO GENESIS"/></To><Text Style="font-family:Segoe UI; color:#000000; ">oi</Text></Message><Message Date="29/01/2013" Time="14:25:06" DateTime="2013-01-29T16:25:06.258Z" SessionID="1"><From><User FriendlyName="Comercial l GRUPO GENESIS"/></From><To><User FriendlyName="Ananza - Americanas SP"/></To><Text Style="font-family:Segoe UI; color:#000000; ">tudo bem?</Text></Message><Message Date="29/01/2013" Time="14:25:45" DateTime="2013-01-29T16:25:45.019Z" SessionID="1"><From><User FriendlyName="Ananza - Americanas SP"/></From><To><User FriendlyName="Comercial l GRUPO GENESIS"/></To><Text Style="font-family:Segoe UI; color:#000000; ">sim</Text></Message><Message Date="29/01/2013" Time="14:25:50" DateTime="2013-01-29T16:25:50.311Z" SessionID="1"><From><User FriendlyName="Comercial l GRUPO GENESIS"/></From><To><User FriendlyName="Ananza - Americanas SP"/></To><Text Style="font-family:Segoe UI; color:#000000; ">que bom</Text></Message><Message Date="29/01/2013" Time="14:27:30" DateTime="2013-01-29T16:27:30.853Z" SessionID="1"><From><User FriendlyName="Comercial l GRUPO GENESIS"/></From><To><User FriendlyName="Ananza - Americanas SP"/></To><Text Style="font-family:Segoe UI; color:#000000; ">ja agendou sua data para campanha esse ano?</Text></Message><Message Date="29/01/2013" Time="14:32:35" DateTime="2013-01-29T16:32:35.348Z" SessionID="1"><From><User FriendlyName="Ananza - Americanas SP"/></From><To><User FriendlyName="Comercial l GRUPO GENESIS"/></To><Text Style="font-family:Segoe UI; color:#000000; ">não</Text></Message><Message Date="29/01/2013" Time="14:32:48" DateTime="2013-01-29T16:32:48.042Z" SessionID="1"><From><User FriendlyName="Ananza - Americanas SP"/></From><To><User FriendlyName="Comercial l GRUPO GENESIS"/></To><Text Style="font-family:Segoe UI; color:#000000; ">desculpe, não estou conseguindo falar agora</Text></Message><Message Date="29/01/2013" Time="14:36:19" DateTime="2013-01-29T16:36:19.669Z" SessionID="1"><From><User FriendlyName="Comercial l GRUPO GENESIS"/></From><To><User FriendlyName="Ananza - Americanas SP"/></To><Text Style="font-family:Segoe UI; color:#000000; ">Quer deixar sua data agendada?</Text></Message><Message Date="31/01/2013" Time="16:25:44" DateTime="2013-01-31T18:25:44.305Z" SessionID="2"><From><User FriendlyName="Comercial l GRUPO GENESIS"/></From><To><User FriendlyName="Ananza - Americanas SP"/></To><Text Style="font-family:Segoe UI; color:#000000; ">ola</Text></Message><Message Date="31/01/2013" Time="16:25:52" DateTime="2013-01-31T18:25:52.108Z" SessionID="2"><From><User FriendlyName="Comercial l GRUPO GENESIS"/></From><To><User FriendlyName="Ananza - Americanas SP"/></To><Text Style="font-family:Segoe UI; color:#000000; ">boa tarde</Text></Message><Message Date="01/02/2013" Time="13:46:01" DateTime="2013-02-01T15:46:01.019Z" SessionID="3"><From><User FriendlyName="Comercial l GRUPO GENESIS"/></From><To><User FriendlyName="Ananza - Americanas SP"/></To><Text Style="font-family:Segoe UI; color:#000000; ">ooi</Text></Message><Message Date="01/02/2013" Time="13:46:05" DateTime="2013-02-01T15:46:05.789Z" SessionID="3"><From><User FriendlyName="Comercial l GRUPO GENESIS"/></From><To><User FriendlyName="Ananza - Americanas SP"/></To><Text Style="font-family:Segoe UI; color:#000000; ">boa tarde</Text></Message><Message Date="01/02/2013" Time="13:51:14" DateTime="2013-02-01T15:51:14.192Z" SessionID="4"><From><User FriendlyName="Ananza - Americanas SP"/></From><To><User FriendlyName="Comercial l GRUPO GENESIS"/></To><Text Style="font-family:Segoe UI; color:#000000; ">oi</Text></Message><Message Date="01/02/2013" Time="13:53:13" DateTime="2013-02-01T15:53:13.483Z" SessionID="4"><From><User FriendlyName="Comercial l GRUPO GENESIS"/></From><To><User FriendlyName="Ananza - Americanas SP"/></To><Text Style="font-family:Segoe UI; color:#000000; ">tudo bemm?</Text></Message><Message Date="01/02/2013" Time="13:54:01" DateTime="2013-02-01T15:54:01.282Z" SessionID="4"><From><User FriendlyName="Ananza - Americanas SP"/></From><To><User FriendlyName="Comercial l GRUPO GENESIS"/></To><Text Style="font-family:Segoe UI; color:#000000; ">sim]</Text></Message><Message Date="01/02/2013" Time="13:54:03" DateTime="2013-02-01T15:54:03.890Z" SessionID="4"><From><User FriendlyName="Ananza - Americanas SP"/></From><To><User FriendlyName="Comercial l GRUPO GENESIS"/></To><Text Style="font-family:Segoe UI; color:#000000; ">td bem</Text></Message><Message Date="01/02/2013" Time="13:54:10" DateTime="2013-02-01T15:54:10.844Z" SessionID="4"><From><User FriendlyName="Comercial l GRUPO GENESIS"/></From><To><User FriendlyName="Ananza - Americanas SP"/></To><Text Style="font-family:Segoe UI; color:#000000; ">que bom</Text></Message><Message Date="01/02/2013" Time="13:54:54" DateTime="2013-02-01T15:54:54.747Z" SessionID="4"><From><User FriendlyName="Comercial l GRUPO GENESIS"/></From><To><User FriendlyName="Ananza - Americanas SP"/></To><Text Style="font-family:Segoe UI; color:#000000; ">Estou entrando em contato pois vi na minha agenda que sua escola queria data pra campanha em 2013</Text></Message><Message Date="01/02/2013" Time="13:55:02" DateTime="2013-02-01T15:55:02.470Z" SessionID="4"><From><User FriendlyName="Comercial l GRUPO GENESIS"/></From><To><User FriendlyName="Ananza - Americanas SP"/></To><Text Style="font-family:Segoe UI; color:#000000; ">ja quer agendar?</Text></Message><Message Date="01/02/2013" Time="13:55:45" DateTime="2013-02-01T15:55:45.061Z" SessionID="4"><From><User FriendlyName="Ananza - Americanas SP"/></From><To><User FriendlyName="Comercial l GRUPO GENESIS"/></To><Text Style="font-family:Segoe UI; color:#000000; ">não obrigado</Text></Message><Message Date="01/02/2013" Time="13:56:01" DateTime="2013-02-01T15:56:01.021Z" SessionID="4"><From><User FriendlyName="Comercial l GRUPO GENESIS"/></From><To><User FriendlyName="Ananza - Americanas SP"/></To><Text Style="font-family:Segoe UI; color:#000000; ">porque?</Text></Message><Message Date="01/02/2013" Time="13:57:30" DateTime="2013-02-01T15:57:30.027Z" SessionID="4"><From><User FriendlyName="Ananza - Americanas SP"/></From><To><User FriendlyName="Comercial l GRUPO GENESIS"/></To><Text Style="font-family:Segoe UI; color:#000000; ">caso eu precise entro em contato ok</Text></Message><Message Date="01/02/2013" Time="13:57:32" DateTime="2013-02-01T15:57:32.167Z" SessionID="4"><From><User FriendlyName="Ananza - Americanas SP"/></From><To><User FriendlyName="Comercial l GRUPO GENESIS"/></To><Text Style="font-family:Segoe UI; color:#000000; ">grata</Text></Message><Message Date="01/02/2013" Time="13:58:09" DateTime="2013-02-01T15:58:09.902Z" SessionID="4"><From><User FriendlyName="Comercial l GRUPO GENESIS"/></From><To><User FriendlyName="Ananza - Americanas SP"/></To><Text Style="font-family:Segoe UI; color:#000000; ">sim,vou aguardar</Text></Message></Log>
