<?xml version="1.0"?>
<?xml-stylesheet type='text/xsl' href='MessageLog.xsl'?>
<Log FirstSessionID="1" LastSessionID="2"><Message Date="10/04/2013" Time="13:36:43" DateTime="2013-04-10T16:36:43.177Z" SessionID="1"><From><User FriendlyName="André ES - Quer campanha quando ja estiver lá"/></From><To><User FriendlyName="Comercial l GRUPO GENESIS"/></To><Text>Olá, boa tarde.</Text></Message><Message Date="10/04/2013" Time="13:37:05" DateTime="2013-04-10T16:37:05.315Z" SessionID="1"><From><User FriendlyName="Comercial l GRUPO GENESIS"/></From><To><User FriendlyName="André ES - Quer campanha quando ja estiver lá"/></To><Text Style="font-family:Segoe UI; color:#000000; ">Oi
boa tarde</Text></Message><Message Date="10/04/2013" Time="13:37:39" DateTime="2013-04-10T16:37:39.707Z" SessionID="1"><From><User FriendlyName="André ES - Quer campanha quando ja estiver lá"/></From><To><User FriendlyName="Comercial l GRUPO GENESIS"/></To><Text>Estou com 04 mães de alunos (da divulgação feita pelo Sr. Vinícius, na cidade de Ecoporanga - ES) alegando que não receberam a senha do portal tira-duvidas c/ professor conforme combinado qndo da divulgação e irão acionar o Procon.</Text></Message><Message Date="10/04/2013" Time="13:39:25" DateTime="2013-04-10T16:39:25.074Z" SessionID="1"><From><User FriendlyName="André ES - Quer campanha quando ja estiver lá"/></From><To><User FriendlyName="Comercial l GRUPO GENESIS"/></To><Text>Se não for contigo, com quem vejo isso?</Text></Message><Message Date="10/04/2013" Time="13:39:39" DateTime="2013-04-10T16:39:39.077Z" SessionID="1"><From><User FriendlyName="Comercial l GRUPO GENESIS"/></From><To><User FriendlyName="André ES - Quer campanha quando ja estiver lá"/></To><Text Style="font-family:Segoe UI; color:#000000; ">1 MIN</Text></Message><Message Date="10/04/2013" Time="13:39:43" DateTime="2013-04-10T16:39:43.040Z" SessionID="1"><From><User FriendlyName="Comercial l GRUPO GENESIS"/></From><To><User FriendlyName="André ES - Quer campanha quando ja estiver lá"/></To><Text Style="font-family:Segoe UI; color:#000000; ">ja resolvo</Text></Message><Message Date="10/04/2013" Time="13:49:32" DateTime="2013-04-10T16:49:32.543Z" SessionID="1"><From><User FriendlyName="Comercial l GRUPO GENESIS"/></From><To><User FriendlyName="André ES - Quer campanha quando ja estiver lá"/></To><Text Style="font-family:Segoe UI; color:#000000; ">Hoje quando fazemos a campanha a senha eo cadastro é dado atras do contrato de cada aluno,nessa época pode ser que nao tinha ou elas não viram</Text></Message><Message Date="10/04/2013" Time="13:57:05" DateTime="2013-04-10T16:57:05.953Z" SessionID="1"><From><User FriendlyName="André ES - Quer campanha quando ja estiver lá"/></From><To><User FriendlyName="Comercial l GRUPO GENESIS"/></To><Text>Henrique Honorato dos Santos
Erik Gomes de Souza
Henrique Gomes de Souza</Text></Message><Message Date="10/04/2013" Time="14:00:00" DateTime="2013-04-10T17:00:00.880Z" SessionID="1"><From><User FriendlyName="André ES - Quer campanha quando ja estiver lá"/></From><To><User FriendlyName="Comercial l GRUPO GENESIS"/></To><Text>cadastre e me passe a senha, por gentileza. Preciso dar um parecer para as mães ainda hj na tentativa de evitar o acionamento do Procon.</Text></Message><Message Date="10/04/2013" Time="14:15:11" DateTime="2013-04-10T17:15:11.328Z" SessionID="1"><From><User FriendlyName="André ES - Quer campanha quando ja estiver lá"/></From><To><User FriendlyName="Comercial l GRUPO GENESIS"/></To><Text>No contrato nao há nada sobre acesso ao portal.</Text></Message><Message Date="10/04/2013" Time="14:15:37" DateTime="2013-04-10T17:15:37.834Z" SessionID="1"><From><User FriendlyName="André ES - Quer campanha quando ja estiver lá"/></From><To><User FriendlyName="Comercial l GRUPO GENESIS"/></To><Text>acabei de ler e nao há menção disso? Vai cadastrar pra mim e passar a senha agora?</Text></Message><Message Date="10/04/2013" Time="14:20:14" DateTime="2013-04-10T17:20:14.526Z" SessionID="1"><From><User FriendlyName="Comercial l GRUPO GENESIS"/></From><To><User FriendlyName="André ES - Quer campanha quando ja estiver lá"/></To><Text Style="font-family:Segoe UI; color:#000000; ">vou te explicar como funciona</Text></Message><Message Date="10/04/2013" Time="14:20:40" DateTime="2013-04-10T17:20:40.136Z" SessionID="1"><From><User FriendlyName="Comercial l GRUPO GENESIS"/></From><To><User FriendlyName="André ES - Quer campanha quando ja estiver lá"/></To><Text Style="font-family:Segoe UI; color:#000000; ">Eh q assim.. O aluno escolhe a senha qnd faz o cadastro,
 Soh q ele precisa ativar o cadastro clicando num link q vai pro email dele
 Eh assim q funciona</Text></Message><Message Date="10/04/2013" Time="14:20:47" DateTime="2013-04-10T17:20:47.157Z" SessionID="1"><From><User FriendlyName="André ES - Quer campanha quando ja estiver lá"/></From><To><User FriendlyName="Comercial l GRUPO GENESIS"/></To><Text>por favor...</Text></Message><Message Date="10/04/2013" Time="14:21:10" DateTime="2013-04-10T17:21:10.169Z" SessionID="1"><From><User FriendlyName="Comercial l GRUPO GENESIS"/></From><To><User FriendlyName="André ES - Quer campanha quando ja estiver lá"/></To><Text Style="font-family:Segoe UI; color:#000000; ">Se ele se cadastrou certinho, vai fucionar</Text></Message><Message Date="10/04/2013" Time="14:22:31" DateTime="2013-04-10T17:22:31.794Z" SessionID="1"><From><User FriendlyName="André ES - Quer campanha quando ja estiver lá"/></From><To><User FriendlyName="Comercial l GRUPO GENESIS"/></To><Text>qualquer um pode se cadastrar no portal, então?</Text></Message><Message Date="10/04/2013" Time="14:28:30" DateTime="2013-04-10T17:28:30.173Z" SessionID="1"><From><User FriendlyName="André ES - Quer campanha quando ja estiver lá"/></From><To><User FriendlyName="Comercial l GRUPO GENESIS"/></To><Text>qual o link do site, por favor.</Text></Message><Message Date="10/04/2013" Time="14:28:33" DateTime="2013-04-10T17:28:33.085Z" SessionID="1"><From><User FriendlyName="André ES - Quer campanha quando ja estiver lá"/></From><To><User FriendlyName="Comercial l GRUPO GENESIS"/></To><Text>?</Text></Message><Message Date="10/04/2013" Time="14:28:55" DateTime="2013-04-10T17:28:55.725Z" SessionID="1"><From><User FriendlyName="Comercial l GRUPO GENESIS"/></From><To><User FriendlyName="André ES - Quer campanha quando ja estiver lá"/></To><Text Style="font-family:Segoe UI; color:#000000; ">eliteestudantil.com.br</Text></Message><Message Date="10/04/2013" Time="14:29:39" DateTime="2013-04-10T17:29:39.046Z" SessionID="1"><From><User FriendlyName="Comercial l GRUPO GENESIS"/></From><To><User FriendlyName="André ES - Quer campanha quando ja estiver lá"/></To><Text Style="font-family:Segoe UI; color:#000000; ">nosso site é fiscaliza de que escola o aluno é,e pelo seu contrato tambem
por isso é bom que ele se cadastre certo</Text></Message><Message Date="10/04/2013" Time="14:35:19" DateTime="2013-04-10T17:35:19.096Z" SessionID="1"><From><User FriendlyName="Comercial l GRUPO GENESIS"/></From><To><User FriendlyName="André ES - Quer campanha quando ja estiver lá"/></To><Text Style="font-family:Segoe UI; color:#000000; ">entendeu como faz?</Text></Message><Message Date="10/04/2013" Time="14:36:06" DateTime="2013-04-10T17:36:06.786Z" SessionID="1"><From><User FriendlyName="André ES - Quer campanha quando ja estiver lá"/></From><To><User FriendlyName="Comercial l GRUPO GENESIS"/></To><Text>ok</Text></Message><Message Date="10/04/2013" Time="14:36:35" DateTime="2013-04-10T17:36:35.742Z" SessionID="1"><From><User FriendlyName="Comercial l GRUPO GENESIS"/></From><To><User FriendlyName="André ES - Quer campanha quando ja estiver lá"/></To><Text Style="font-family:Segoe UI; color:#000000; ">qualquer duvida estou a disposição.até mais</Text></Message><Message Date="10/04/2013" Time="14:46:40" DateTime="2013-04-10T17:46:40.941Z" SessionID="2"><From><User FriendlyName="André ES - Quer campanha quando ja estiver lá"/></From><To><User FriendlyName="Comercial l GRUPO GENESIS"/></To><Text>certo</Text></Message><Message Date="10/04/2013" Time="14:47:10" DateTime="2013-04-10T17:47:10.718Z" SessionID="2"><From><User FriendlyName="André ES - Quer campanha quando ja estiver lá"/></From><To><User FriendlyName="Comercial l GRUPO GENESIS"/></To><Text> e qual o codigo de segurança que devo informar para os alunos ao se cadastrarem no portal? Pede um codigo de segurança que a escola deve fornecer</Text></Message><Message Date="10/04/2013" Time="14:50:50" DateTime="2013-04-10T17:50:50.953Z" SessionID="2"><From><User FriendlyName="André ES - Quer campanha quando ja estiver lá"/></From><To><User FriendlyName="Comercial l GRUPO GENESIS"/></To><Text>Qual o codigo, Daiana?</Text></Message><Message Date="10/04/2013" Time="14:50:59" DateTime="2013-04-10T17:50:59.085Z" SessionID="2"><From><User FriendlyName="Comercial l GRUPO GENESIS"/></From><To><User FriendlyName="André ES - Quer campanha quando ja estiver lá"/></To><Text Style="font-family:Segoe UI; color:#000000; "> e qual o codigo de segurança que devo informar para os alunos ao se cadastrarem no portal? Pede um codigo de segurança que a escola deve fornecer</Text></Message><Message Date="10/04/2013" Time="14:51:18" DateTime="2013-04-10T17:51:18.429Z" SessionID="2"><From><User FriendlyName="Comercial l GRUPO GENESIS"/></From><To><User FriendlyName="André ES - Quer campanha quando ja estiver lá"/></To><Text Style="font-family:Segoe UI; color:#000000; ">O código de segurança é FUTUROEDUCAGENESIS</Text></Message><Message Date="10/04/2013" Time="14:51:43" DateTime="2013-04-10T17:51:43.061Z" SessionID="2"><From><User FriendlyName="André ES - Quer campanha quando ja estiver lá"/></From><To><User FriendlyName="Comercial l GRUPO GENESIS"/></To><Text>para todos os alunos?</Text></Message><Message Date="10/04/2013" Time="14:52:17" DateTime="2013-04-10T17:52:17.849Z" SessionID="2"><From><User FriendlyName="Comercial l GRUPO GENESIS"/></From><To><User FriendlyName="André ES - Quer campanha quando ja estiver lá"/></To><Text Style="font-family:Segoe UI; color:#000000; ">éo codigo de segurança do site,so os alunos tem
éo mesmo</Text></Message><Message Date="10/04/2013" Time="14:52:32" DateTime="2013-04-10T17:52:32.623Z" SessionID="2"><From><User FriendlyName="André ES - Quer campanha quando ja estiver lá"/></From><To><User FriendlyName="Comercial l GRUPO GENESIS"/></To><Text>ok, blz</Text></Message><Message Date="10/04/2013" Time="14:52:37" DateTime="2013-04-10T17:52:37.100Z" SessionID="2"><From><User FriendlyName="André ES - Quer campanha quando ja estiver lá"/></From><To><User FriendlyName="Comercial l GRUPO GENESIS"/></To><Text>obrigado</Text></Message><Message Date="10/04/2013" Time="14:53:06" DateTime="2013-04-10T17:53:06.646Z" SessionID="2"><From><User FriendlyName="Comercial l GRUPO GENESIS"/></From><To><User FriendlyName="André ES - Quer campanha quando ja estiver lá"/></To><Text Style="font-family:Segoe UI; color:#000000; ">de nada</Text></Message></Log>
