<?xml version="1.0"?>
<?xml-stylesheet type='text/xsl' href='MessageLog.xsl'?>
<Log FirstSessionID="1" LastSessionID="1"><Message Date="10/04/2013" Time="11:00:36" DateTime="2013-04-10T14:00:36.064Z" SessionID="1"><From><User FriendlyName="Comercial l GRUPO GENESIS"/></From><To><User FriendlyName="Escola CDI"/></To><Text Style="font-family:Segoe UI; color:#000000; ">Oi</Text></Message><Message Date="10/04/2013" Time="11:00:38" DateTime="2013-04-10T14:00:38.280Z" SessionID="1"><From><User FriendlyName="Comercial l GRUPO GENESIS"/></From><To><User FriendlyName="Escola CDI"/></To><Text Style="font-family:Segoe UI; color:#000000; ">bom dia</Text></Message></Log>
