<?xml version="1.0"?>
<?xml-stylesheet type='text/xsl' href='MessageLog.xsl'?>
<Log FirstSessionID="1" LastSessionID="2"><Message Date="28/01/2013" Time="09:13:31" DateTime="2013-01-28T11:13:31.124Z" SessionID="1"><From><User FriendlyName="Comercial l GRUPO GENESIS"/></From><To><User FriendlyName="SoftGRAF Ariéli ñ quer"/></To><Text Style="font-family:Segoe UI; color:#000000; ">ola</Text></Message><Message Date="28/01/2013" Time="09:13:33" DateTime="2013-01-28T11:13:33.636Z" SessionID="1"><From><User FriendlyName="Comercial l GRUPO GENESIS"/></From><To><User FriendlyName="SoftGRAF Ariéli ñ quer"/></To><Text Style="font-family:Segoe UI; color:#000000; ">bom dia</Text></Message><Message Date="28/01/2013" Time="16:45:04" DateTime="2013-01-28T18:45:04.148Z" SessionID="2"><From><User FriendlyName="Comercial l GRUPO GENESIS"/></From><To><User FriendlyName="SoftGRAF Ariéli ñ quer"/></To><Text Style="font-family:Segoe UI; color:#000000; ">ola</Text></Message><Message Date="28/01/2013" Time="16:45:07" DateTime="2013-01-28T18:45:07.299Z" SessionID="2"><From><User FriendlyName="Comercial l GRUPO GENESIS"/></From><To><User FriendlyName="SoftGRAF Ariéli ñ quer"/></To><Text Style="font-family:Segoe UI; color:#000000; ">boa tarde</Text></Message><Message Date="28/01/2013" Time="16:45:17" DateTime="2013-01-28T18:45:17.348Z" SessionID="2"><From><User FriendlyName="SoftGRAF Ariéli ñ quer"/></From><To><User FriendlyName="Comercial l GRUPO GENESIS"/></To><Text Style="font-family:Segoe UI; color:#000000; ">olá boa tarde</Text></Message><Message Date="28/01/2013" Time="16:45:22" DateTime="2013-01-28T18:45:22.058Z" SessionID="2"><From><User FriendlyName="Comercial l GRUPO GENESIS"/></From><To><User FriendlyName="SoftGRAF Ariéli ñ quer"/></To><Text Style="font-family:Segoe UI; color:#000000; ">tudo bem?</Text></Message><Message Date="28/01/2013" Time="16:45:35" DateTime="2013-01-28T18:45:35.638Z" SessionID="2"><From><User FriendlyName="SoftGRAF Ariéli ñ quer"/></From><To><User FriendlyName="Comercial l GRUPO GENESIS"/></To><Text Style="font-family:Segoe UI; color:#000000; ">simn</Text></Message><Message Date="28/01/2013" Time="16:46:01" DateTime="2013-01-28T18:46:01.713Z" SessionID="2"><From><User FriendlyName="Comercial l GRUPO GENESIS"/></From><To><User FriendlyName="SoftGRAF Ariéli ñ quer"/></To><Text Style="font-family:Segoe UI; color:#000000; ">que bom</Text></Message><Message Date="28/01/2013" Time="16:46:17" DateTime="2013-01-28T18:46:17.732Z" SessionID="2"><From><User FriendlyName="Comercial l GRUPO GENESIS"/></From><To><User FriendlyName="SoftGRAF Ariéli ñ quer"/></To><Text Style="font-family:Segoe UI; color:#000000; ">Ja agendou sua campanha 2013?</Text></Message><Message Date="28/01/2013" Time="16:46:36" DateTime="2013-01-28T18:46:36.906Z" SessionID="2"><From><User FriendlyName="SoftGRAF Ariéli ñ quer"/></From><To><User FriendlyName="Comercial l GRUPO GENESIS"/></To><Text Style="font-family:Segoe UI; color:#000000; ">:) sim</Text></Message><Message Date="28/01/2013" Time="16:46:55" DateTime="2013-01-28T18:46:55.297Z" SessionID="2"><From><User FriendlyName="Comercial l GRUPO GENESIS"/></From><To><User FriendlyName="SoftGRAF Ariéli ñ quer"/></To><Text Style="font-family:Segoe UI; color:#000000; ">qual sua cidade ?</Text></Message></Log>
