<?xml version="1.0"?>
<?xml-stylesheet type='text/xsl' href='MessageLog.xsl'?>
<Log FirstSessionID="1" LastSessionID="3"><Message Date="19/03/2013" Time="17:10:04" DateTime="2013-03-19T20:10:04.768Z" SessionID="1"><From><User FriendlyName="Comercial l GRUPO GENESIS"/></From><To><User FriendlyName="Angela Yes Bras Joinvile"/></To><Text Style="font-family:Segoe UI; color:#000000; ">ola</Text></Message><Message Date="19/03/2013" Time="17:10:07" DateTime="2013-03-19T20:10:07.533Z" SessionID="1"><From><User FriendlyName="Comercial l GRUPO GENESIS"/></From><To><User FriendlyName="Angela Yes Bras Joinvile"/></To><Text Style="font-family:Segoe UI; color:#000000; ">boa tarde</Text></Message><Message Date="19/03/2013" Time="17:13:07" DateTime="2013-03-19T20:13:07.994Z" SessionID="1"><From><User FriendlyName="Angela Yes Bras Joinvile"/></From><To><User FriendlyName="Comercial l GRUPO GENESIS"/></To><Text Style="font-family:Segoe UI; color:#000000; ">Olá tudo bem, e vcs</Text></Message><Message Date="19/03/2013" Time="17:13:14" DateTime="2013-03-19T20:13:14.721Z" SessionID="1"><From><User FriendlyName="Comercial l GRUPO GENESIS"/></From><To><User FriendlyName="Angela Yes Bras Joinvile"/></To><Text Style="font-family:Segoe UI; color:#000000; ">tudo ótimo</Text></Message><Message Date="19/03/2013" Time="17:13:30" DateTime="2013-03-19T20:13:30.057Z" SessionID="1"><From><User FriendlyName="Angela Yes Bras Joinvile"/></From><To><User FriendlyName="Comercial l GRUPO GENESIS"/></To><Text Style="font-family:Segoe UI; color:#000000; ">que bom</Text></Message><Message Date="19/03/2013" Time="17:13:56" DateTime="2013-03-19T20:13:56.022Z" SessionID="1"><From><User FriendlyName="Comercial l GRUPO GENESIS"/></From><To><User FriendlyName="Angela Yes Bras Joinvile"/></To><Text Style="font-family:Segoe UI; color:#000000; ">Ja fez seu agendamento?</Text></Message><Message Date="19/03/2013" Time="17:19:18" DateTime="2013-03-19T20:19:18.186Z" SessionID="1"><From><User FriendlyName="Angela Yes Bras Joinvile"/></From><To><User FriendlyName="Comercial l GRUPO GENESIS"/></To><Text Style="font-family:Segoe UI; color:#000000; ">Não</Text></Message><Message Date="19/03/2013" Time="17:20:51" DateTime="2013-03-19T20:20:51.093Z" SessionID="1"><From><User FriendlyName="Comercial l GRUPO GENESIS"/></From><To><User FriendlyName="Angela Yes Bras Joinvile"/></To><Text Style="font-family:Segoe UI; color:#000000; ">quer fazer?</Text></Message><Message Date="19/03/2013" Time="17:21:20" DateTime="2013-03-19T20:21:20.138Z" SessionID="1"><From><User FriendlyName="Angela Yes Bras Joinvile"/></From><To><User FriendlyName="Comercial l GRUPO GENESIS"/></To><Text Style="font-family:Segoe UI; color:#000000; ">não sei</Text></Message><Message Date="19/03/2013" Time="17:21:59" DateTime="2013-03-19T20:21:59.679Z" SessionID="1"><From><User FriendlyName="Angela Yes Bras Joinvile"/></From><To><User FriendlyName="Comercial l GRUPO GENESIS"/></To><Text Style="font-family:Segoe UI; color:#000000; ">o conteudo da macro de vcs esta todo no site???</Text></Message><Message Date="19/03/2013" Time="17:24:15" DateTime="2013-03-19T20:24:15.807Z" SessionID="1"><From><User FriendlyName="Comercial l GRUPO GENESIS"/></From><To><User FriendlyName="Angela Yes Bras Joinvile"/></To><Text Style="font-family:Segoe UI; color:#000000; ">Posso te explicar</Text></Message><Message Date="19/03/2013" Time="17:24:21" DateTime="2013-03-19T20:24:21.570Z" SessionID="1"><From><User FriendlyName="Comercial l GRUPO GENESIS"/></From><To><User FriendlyName="Angela Yes Bras Joinvile"/></To><Text Style="font-family:Segoe UI; color:#000000; ">ou te mandar um email</Text></Message><Message Date="19/03/2013" Time="17:27:47" DateTime="2013-03-19T20:27:47.705Z" SessionID="1"><From><User FriendlyName="Angela Yes Bras Joinvile"/></From><To><User FriendlyName="Comercial l GRUPO GENESIS"/></To><Text Style="font-family:Segoe UI; color:#000000; ">mande email : atendimento@amplacursos.com.br</Text></Message><Message Date="19/03/2013" Time="17:28:53" DateTime="2013-03-19T20:28:53.215Z" SessionID="1"><From><User FriendlyName="Comercial l GRUPO GENESIS"/></From><To><User FriendlyName="Angela Yes Bras Joinvile"/></To><Text Style="font-family:Segoe UI; color:#000000; ">Sim.</Text></Message><Message Date="19/03/2013" Time="17:29:00" DateTime="2013-03-19T20:29:00.309Z" SessionID="1"><From><User FriendlyName="Comercial l GRUPO GENESIS"/></From><To><User FriendlyName="Angela Yes Bras Joinvile"/></To><Text Style="font-family:Segoe UI; color:#000000; ">vou encaminhar agora mesmo</Text></Message><Message Date="19/03/2013" Time="17:29:04" DateTime="2013-03-19T20:29:04.805Z" SessionID="1"><From><User FriendlyName="Angela Yes Bras Joinvile"/></From><To><User FriendlyName="Comercial l GRUPO GENESIS"/></To><Text Style="font-family:Segoe UI; color:#000000; ">ok</Text></Message><Message Date="19/03/2013" Time="17:46:25" DateTime="2013-03-19T20:46:25.045Z" SessionID="1"><From><User FriendlyName="Comercial l GRUPO GENESIS"/></From><To><User FriendlyName="Angela Yes Bras Joinvile"/></To><Text Style="font-family:Segoe UI; color:#000000; ">ja enviei</Text></Message><Message Date="19/03/2013" Time="17:46:34" DateTime="2013-03-19T20:46:34.333Z" SessionID="1"><From><User FriendlyName="Comercial l GRUPO GENESIS"/></From><To><User FriendlyName="Angela Yes Bras Joinvile"/></To><Text Style="font-family:Segoe UI; color:#000000; ">me de o retorno por email</Text></Message><Message Date="19/03/2013" Time="17:46:37" DateTime="2013-03-19T20:46:37.811Z" SessionID="1"><From><User FriendlyName="Comercial l GRUPO GENESIS"/></From><To><User FriendlyName="Angela Yes Bras Joinvile"/></To><Text Style="font-family:Segoe UI; color:#000000; ">obrigado</Text></Message><Message Date="19/03/2013" Time="17:46:46" DateTime="2013-03-19T20:46:46.239Z" SessionID="2"><From><User FriendlyName="Angela Yes Bras Joinvile"/></From><To><User FriendlyName="Comercial l GRUPO GENESIS"/></To><Text Style="font-family:Segoe UI; color:#000000; ">ok</Text></Message><Message Date="28/03/2013" Time="11:20:24" DateTime="2013-03-28T14:20:24.774Z" SessionID="3"><From><User FriendlyName="Comercial l GRUPO GENESIS"/></From><To><User FriendlyName="Angela Yes Bras Joinvile"/></To><Text Style="font-family:Segoe UI; color:#000000; ">oI</Text></Message><Message Date="28/03/2013" Time="11:20:27" DateTime="2013-03-28T14:20:27.644Z" SessionID="3"><From><User FriendlyName="Comercial l GRUPO GENESIS"/></From><To><User FriendlyName="Angela Yes Bras Joinvile"/></To><Text Style="font-family:Segoe UI; color:#000000; ">BOM DIA</Text></Message></Log>
