<?xml version="1.0"?>
<?xml-stylesheet type='text/xsl' href='MessageLog.xsl'?>
<Log FirstSessionID="1" LastSessionID="2"><Message Date="19/02/2013" Time="09:40:42" DateTime="2013-02-19T12:40:42.051Z" SessionID="1"><From><User FriendlyName="Comercial l GRUPO GENESIS"/></From><To><User FriendlyName="Joelson"/></To><Text Style="font-family:Segoe UI; color:#000000; ">bom dia</Text></Message><Message Date="19/02/2013" Time="09:40:50" DateTime="2013-02-19T12:40:50.327Z" SessionID="1"><From><User FriendlyName="Comercial l GRUPO GENESIS"/></From><To><User FriendlyName="Joelson"/></To><Text Style="font-family:Segoe UI; color:#000000; ">tudo bem?</Text></Message><Message Date="19/02/2013" Time="10:24:25" DateTime="2013-02-19T13:24:25.272Z" SessionID="1"><From><User FriendlyName="Comercial l GRUPO GENESIS"/></From><To><User FriendlyName="Joelson"/></To><Text Style="font-family:Segoe UI; color:#000000; ">oooi</Text></Message><Message Date="19/02/2013" Time="10:29:45" DateTime="2013-02-19T13:29:45.436Z" SessionID="1"><From><User FriendlyName="Comercial l GRUPO GENESIS"/></From><To><User FriendlyName="Joelson"/></To><Text Style="font-family:Segoe UI; color:#000000; ">o senhor ja resolveu a questão da passagem?</Text></Message><Message Date="01/04/2013" Time="16:35:54" DateTime="2013-04-01T19:35:54.850Z" SessionID="2"><From><User FriendlyName="Joelson"/></From><To><User FriendlyName="Comercial l GRUPO GENESIS"/></To><Text Style="font-family:Segoe UI; color:#000000; ">oi</Text></Message><Message Date="01/04/2013" Time="16:36:30" DateTime="2013-04-01T19:36:30.792Z" SessionID="2"><From><User FriendlyName="Joelson"/></From><To><User FriendlyName="Comercial l GRUPO GENESIS"/></To><Text Style="font-family:Segoe UI; color:#000000; ">Pois é, como t falei, </Text></Message><Message Date="01/04/2013" Time="16:36:58" DateTime="2013-04-01T19:36:58.602Z" SessionID="2"><From><User FriendlyName="Joelson"/></From><To><User FriendlyName="Comercial l GRUPO GENESIS"/></To><Text Style="font-family:Segoe UI; color:#000000; ">havia conversado com a Alexandra ano passado q marquei a captação, onde ela me daria 50% de desconto no pagamento avista das pendencias, </Text></Message><Message Date="01/04/2013" Time="16:37:17" DateTime="2013-04-01T19:37:17.447Z" SessionID="2"><From><User FriendlyName="Joelson"/></From><To><User FriendlyName="Comercial l GRUPO GENESIS"/></To><Text Style="font-family:Segoe UI; color:#000000; ">ai o Sr. André disse q ñ tinha essa oferta da empresa de vc´s, </Text></Message><Message Date="01/04/2013" Time="16:37:22" DateTime="2013-04-01T19:37:22.143Z" SessionID="2"><From><User FriendlyName="Joelson"/></From><To><User FriendlyName="Comercial l GRUPO GENESIS"/></To><Text Style="font-family:Segoe UI; color:#000000; ">ai me enrolou, </Text></Message><Message Date="01/04/2013" Time="16:37:28" DateTime="2013-04-01T19:37:28.102Z" SessionID="2"><From><User FriendlyName="Joelson"/></From><To><User FriendlyName="Comercial l GRUPO GENESIS"/></To><Text Style="font-family:Segoe UI; color:#000000; ">agora vamos combinar certinho, </Text></Message><Message Date="01/04/2013" Time="16:37:54" DateTime="2013-04-01T19:37:54.260Z" SessionID="2"><From><User FriendlyName="Joelson"/></From><To><User FriendlyName="Comercial l GRUPO GENESIS"/></To><Text Style="font-family:Segoe UI; color:#000000; ">ok, pod ser, </Text></Message><Message Date="01/04/2013" Time="16:40:45" DateTime="2013-04-01T19:40:45.412Z" SessionID="2"><From><User FriendlyName="Joelson"/></From><To><User FriendlyName="Comercial l GRUPO GENESIS"/></To><Text Style="font-family:Segoe UI; color:#000000; ">E detalhe, em Padre Bernardo eu ñ tenho niguem q poderá leva-lo as Escolas ñ, ou seja terá q se virar sozinho, rsrsr</Text></Message><Message Date="01/04/2013" Time="16:49:01" DateTime="2013-04-01T19:49:01.263Z" SessionID="2"><From><User FriendlyName="Comercial l GRUPO GENESIS"/></From><To><User FriendlyName="Joelson"/></To><Text Style="font-family:Segoe UI; color:#000000; ">Mais não tem alguem que possa dar o conbustivil para levar?</Text></Message></Log>
