<?xml version="1.0"?>
<?xml-stylesheet type='text/xsl' href='MessageLog.xsl'?>
<Log FirstSessionID="1" LastSessionID="5"><Message Date="24/01/2013" Time="09:46:48" DateTime="2013-01-24T11:46:48.981Z" SessionID="1"><From><User FriendlyName="Comercial l GRUPO GENESIS"/></From><To><User FriendlyName="Elizio- Campinas ES"/></To><Text Style="font-family:Segoe UI; color:#000000; ">ola</Text></Message><Message Date="24/01/2013" Time="09:46:53" DateTime="2013-01-24T11:46:53.430Z" SessionID="1"><From><User FriendlyName="Comercial l GRUPO GENESIS"/></From><To><User FriendlyName="Elizio- Campinas ES"/></To><Text Style="font-family:Segoe UI; color:#000000; ">tudo bem?</Text></Message><Message Date="24/01/2013" Time="09:58:30" DateTime="2013-01-24T11:58:30.623Z" SessionID="1"><From><User FriendlyName="Comercial l GRUPO GENESIS"/></From><To><User FriendlyName="Elizio- Campinas ES"/></To><Text Style="font-family:Segoe UI; color:#000000; ">Sr elizio???</Text></Message><Message Date="24/01/2013" Time="09:58:53" DateTime="2013-01-24T11:58:53.342Z" SessionID="1"><From><User FriendlyName="Elizio- Campinas ES"/></From><To><User FriendlyName="Comercial l GRUPO GENESIS"/></To><Text Style="font-family:Segoe UI; color:#000000; ">olá, bom dia</Text></Message><Message Date="24/01/2013" Time="09:59:10" DateTime="2013-01-24T11:59:10.670Z" SessionID="1"><From><User FriendlyName="Comercial l GRUPO GENESIS"/></From><To><User FriendlyName="Elizio- Campinas ES"/></To><Text Style="font-family:Segoe UI; color:#000000; ">Sua cidade fica em Vitoria ?</Text></Message><Message Date="24/01/2013" Time="09:59:24" DateTime="2013-01-24T11:59:24.591Z" SessionID="1"><From><User FriendlyName="Elizio- Campinas ES"/></From><To><User FriendlyName="Comercial l GRUPO GENESIS"/></To><Text Style="font-family:Segoe UI; color:#000000; ">vitória-es</Text></Message><Message Date="24/01/2013" Time="09:59:25" DateTime="2013-01-24T11:59:25.690Z" SessionID="1"><From><User FriendlyName="Comercial l GRUPO GENESIS"/></From><To><User FriendlyName="Elizio- Campinas ES"/></To><Text Style="font-family:Segoe UI; color:#000000; ">sua escola**</Text></Message><Message Date="24/01/2013" Time="10:00:03" DateTime="2013-01-24T12:00:03.318Z" SessionID="1"><From><User FriendlyName="Elizio- Campinas ES"/></From><To><User FriendlyName="Comercial l GRUPO GENESIS"/></To><Text Style="font-family:Segoe UI; color:#000000; ">fico a 4 km do centro de vitória</Text></Message><Message Date="24/01/2013" Time="10:02:07" DateTime="2013-01-24T12:02:07.811Z" SessionID="1"><From><User FriendlyName="Comercial l GRUPO GENESIS"/></From><To><User FriendlyName="Elizio- Campinas ES"/></To><Text Style="font-family:Segoe UI; color:#000000; ">O senhor me mandou um email,pedindo que dia éa saida do vendedor daqui para o senhor comprar a passagem,certo?</Text></Message><Message Date="24/01/2013" Time="10:02:19" DateTime="2013-01-24T12:02:19.208Z" SessionID="1"><From><User FriendlyName="Elizio- Campinas ES"/></From><To><User FriendlyName="Comercial l GRUPO GENESIS"/></To><Text Style="font-family:Segoe UI; color:#000000; ">ok</Text></Message><Message Date="24/01/2013" Time="10:03:18" DateTime="2013-01-24T12:03:18.972Z" SessionID="1"><From><User FriendlyName="Comercial l GRUPO GENESIS"/></From><To><User FriendlyName="Elizio- Campinas ES"/></To><Text Style="font-family:Segoe UI; color:#000000; ">DÊ  preferencia para comprar a passagem a noite</Text></Message><Message Date="24/01/2013" Time="10:03:23" DateTime="2013-01-24T12:03:23.847Z" SessionID="1"><From><User FriendlyName="Comercial l GRUPO GENESIS"/></From><To><User FriendlyName="Elizio- Campinas ES"/></To><Text Style="font-family:Segoe UI; color:#000000; ">dia 22/04</Text></Message><Message Date="24/01/2013" Time="10:04:32" DateTime="2013-01-24T12:04:32.831Z" SessionID="1"><From><User FriendlyName="Elizio- Campinas ES"/></From><To><User FriendlyName="Comercial l GRUPO GENESIS"/></To><Text Style="font-family:Segoe UI; color:#000000; ">você verificou da possibilidade de ser em março?</Text></Message><Message Date="24/01/2013" Time="10:04:58" DateTime="2013-01-24T12:04:58.050Z" SessionID="1"><From><User FriendlyName="Comercial l GRUPO GENESIS"/></From><To><User FriendlyName="Elizio- Campinas ES"/></To><Text Style="font-family:Segoe UI; color:#000000; ">por enquanto não tem data nenhim</Text></Message><Message Date="24/01/2013" Time="10:05:01" DateTime="2013-01-24T12:05:01.736Z" SessionID="1"><From><User FriendlyName="Comercial l GRUPO GENESIS"/></From><To><User FriendlyName="Elizio- Campinas ES"/></To><Text Style="font-family:Segoe UI; color:#000000; ">nehuma*</Text></Message><Message Date="24/01/2013" Time="10:05:24" DateTime="2013-01-24T12:05:24.388Z" SessionID="1"><From><User FriendlyName="Comercial l GRUPO GENESIS"/></From><To><User FriendlyName="Elizio- Campinas ES"/></To><Text Style="font-family:Segoe UI; color:#000000; ">a mais proxima que tenho livre hoje</Text></Message><Message Date="24/01/2013" Time="10:05:28" DateTime="2013-01-24T12:05:28.501Z" SessionID="1"><From><User FriendlyName="Comercial l GRUPO GENESIS"/></From><To><User FriendlyName="Elizio- Campinas ES"/></To><Text Style="font-family:Segoe UI; color:#000000; ">é dia 20/05</Text></Message><Message Date="24/01/2013" Time="10:06:46" DateTime="2013-01-24T12:06:46.008Z" SessionID="1"><From><User FriendlyName="Elizio- Campinas ES"/></From><To><User FriendlyName="Comercial l GRUPO GENESIS"/></To><Text Style="font-family:Segoe UI; color:#000000; ">22/04 está certa?</Text></Message><Message Date="24/01/2013" Time="10:07:23" DateTime="2013-01-24T12:07:23.199Z" SessionID="1"><From><User FriendlyName="Comercial l GRUPO GENESIS"/></From><To><User FriendlyName="Elizio- Campinas ES"/></To><Text Style="font-family:Segoe UI; color:#000000; ">a data do senhor é dia 22/04.
mais na minha agenda que tenho livre hoje é só 20/05</Text></Message><Message Date="24/01/2013" Time="10:08:04" DateTime="2013-01-24T12:08:04.244Z" SessionID="1"><From><User FriendlyName="Elizio- Campinas ES"/></From><To><User FriendlyName="Comercial l GRUPO GENESIS"/></To><Text Style="font-family:Segoe UI; color:#000000; ">então deixa para 22/04 mesmo, assim já ficamos acertados</Text></Message><Message Date="24/01/2013" Time="10:08:09" DateTime="2013-01-24T12:08:09.789Z" SessionID="1"><From><User FriendlyName="Comercial l GRUPO GENESIS"/></From><To><User FriendlyName="Elizio- Campinas ES"/></To><Text Style="font-family:Segoe UI; color:#000000; ">sim</Text></Message><Message Date="24/01/2013" Time="10:09:28" DateTime="2013-01-24T12:09:28.543Z" SessionID="1"><From><User FriendlyName="Elizio- Campinas ES"/></From><To><User FriendlyName="Comercial l GRUPO GENESIS"/></To><Text Style="font-family:Segoe UI; color:#000000; ">qual o aeroporto?</Text></Message><Message Date="24/01/2013" Time="10:10:32" DateTime="2013-01-24T12:10:32.743Z" SessionID="1"><From><User FriendlyName="Comercial l GRUPO GENESIS"/></From><To><User FriendlyName="Elizio- Campinas ES"/></To><Text Style="font-family:Segoe UI; color:#000000; ">Aeroporto Internacional Hercílio Luz</Text></Message><Message Date="24/01/2013" Time="10:10:39" DateTime="2013-01-24T12:10:39.933Z" SessionID="1"><From><User FriendlyName="Elizio- Campinas ES"/></From><To><User FriendlyName="Comercial l GRUPO GENESIS"/></To><Text Style="font-family:Segoe UI; color:#000000; ">ok</Text></Message><Message Date="24/01/2013" Time="10:10:44" DateTime="2013-01-24T12:10:44.403Z" SessionID="1"><From><User FriendlyName="Comercial l GRUPO GENESIS"/></From><To><User FriendlyName="Elizio- Campinas ES"/></To><Text Style="font-family:Segoe UI; color:#000000; ">em Florianopolis</Text></Message><Message Date="24/01/2013" Time="10:11:08" DateTime="2013-01-24T12:11:08.275Z" SessionID="1"><From><User FriendlyName="Comercial l GRUPO GENESIS"/></From><To><User FriendlyName="Elizio- Campinas ES"/></To><Text Style="font-family:Segoe UI; color:#000000; ">como eu tinha dito,dê preferencias por horarios a noite</Text></Message><Message Date="24/01/2013" Time="10:12:07" DateTime="2013-01-24T12:12:07.485Z" SessionID="1"><From><User FriendlyName="Elizio- Campinas ES"/></From><To><User FriendlyName="Comercial l GRUPO GENESIS"/></To><Text Style="font-family:Segoe UI; color:#000000; ">você pode me passar estas informações por email ?</Text></Message><Message Date="24/01/2013" Time="10:12:44" DateTime="2013-01-24T12:12:44.711Z" SessionID="1"><From><User FriendlyName="Elizio- Campinas ES"/></From><To><User FriendlyName="Comercial l GRUPO GENESIS"/></To><Text Style="font-family:Segoe UI; color:#000000; ">saida daí, dias e horário, data e horário do retorno</Text></Message><Message Date="24/01/2013" Time="10:14:35" DateTime="2013-01-24T12:14:35.257Z" SessionID="1"><From><User FriendlyName="Elizio- Campinas ES"/></From><To><User FriendlyName="Comercial l GRUPO GENESIS"/></To><Text Style="font-family:Segoe UI; color:#000000; ">vou ter que sair agora, aguardo suas informações por email</Text></Message><Message Date="24/01/2013" Time="10:15:31" DateTime="2013-01-24T12:15:31.345Z" SessionID="1"><From><User FriendlyName="Comercial l GRUPO GENESIS"/></From><To><User FriendlyName="Elizio- Campinas ES"/></To><Text Style="font-family:Segoe UI; color:#000000; ">não entendi oque o senhor quer que eu mande</Text></Message><Message Date="24/01/2013" Time="10:15:39" DateTime="2013-01-24T12:15:39.188Z" SessionID="1"><From><User FriendlyName="Comercial l GRUPO GENESIS"/></From><To><User FriendlyName="Elizio- Campinas ES"/></To><Text Style="font-family:Segoe UI; color:#000000; ">quer que eu olhe a passagem pra vc?</Text></Message><Message Date="24/01/2013" Time="10:17:28" DateTime="2013-01-24T12:17:28.837Z" SessionID="1"><From><User FriendlyName="Elizio- Campinas ES"/></From><To><User FriendlyName="Comercial l GRUPO GENESIS"/></To><Text Style="font-family:Segoe UI; color:#000000; ">não, a passagem eu vejo por aqui</Text></Message><Message Date="24/01/2013" Time="10:18:13" DateTime="2013-01-24T12:18:13.989Z" SessionID="1"><From><User FriendlyName="Elizio- Campinas ES"/></From><To><User FriendlyName="Comercial l GRUPO GENESIS"/></To><Text Style="font-family:Segoe UI; color:#000000; ">então fica assim: florianopolis- vitoria dia 22/04 à noite</Text></Message><Message Date="24/01/2013" Time="10:18:23" DateTime="2013-01-24T12:18:23.215Z" SessionID="1"><From><User FriendlyName="Comercial l GRUPO GENESIS"/></From><To><User FriendlyName="Elizio- Campinas ES"/></To><Text Style="font-family:Segoe UI; color:#000000; ">isso</Text></Message><Message Date="24/01/2013" Time="10:18:36" DateTime="2013-01-24T12:18:36.990Z" SessionID="1"><From><User FriendlyName="Elizio- Campinas ES"/></From><To><User FriendlyName="Comercial l GRUPO GENESIS"/></To><Text Style="font-family:Segoe UI; color:#000000; ">qual a data e hora do retorno?</Text></Message><Message Date="24/01/2013" Time="10:19:54" DateTime="2013-01-24T12:19:54.098Z" SessionID="1"><From><User FriendlyName="Comercial l GRUPO GENESIS"/></From><To><User FriendlyName="Elizio- Campinas ES"/></To><Text Style="font-family:Segoe UI; color:#000000; ">27/04,a noite tambem
dei uma olhadinha na decolar e tem um aviao que vem pra floripa as 19:15
o aviao é da TAM</Text></Message><Message Date="24/01/2013" Time="10:21:31" DateTime="2013-01-24T12:21:31.032Z" SessionID="1"><From><User FriendlyName="Elizio- Campinas ES"/></From><To><User FriendlyName="Comercial l GRUPO GENESIS"/></To><Text Style="font-family:Segoe UI; color:#000000; ">tudo bem, vou ver as passagens de ida e volta nestes dias e horários e assim que estiver OK passo para você</Text></Message><Message Date="24/01/2013" Time="10:22:06" DateTime="2013-01-24T12:22:06.128Z" SessionID="1"><From><User FriendlyName="Comercial l GRUPO GENESIS"/></From><To><User FriendlyName="Elizio- Campinas ES"/></To><Text Style="font-family:Segoe UI; color:#000000; ">sim,ótimo</Text></Message><Message Date="24/01/2013" Time="10:26:32" DateTime="2013-01-24T12:26:32.596Z" SessionID="1"><From><User FriendlyName="Elizio- Campinas ES"/></From><To><User FriendlyName="Comercial l GRUPO GENESIS"/></To><Text Style="font-family:Segoe UI; color:#000000; ">qualquer dúvida ligo ou passo email pra você</Text></Message><Message Date="24/01/2013" Time="10:26:45" DateTime="2013-01-24T12:26:45.264Z" SessionID="1"><From><User FriendlyName="Comercial l GRUPO GENESIS"/></From><To><User FriendlyName="Elizio- Campinas ES"/></To><Text Style="font-family:Segoe UI; color:#000000; ">sim</Text></Message><Message Date="07/02/2013" Time="13:29:35" DateTime="2013-02-07T15:29:35.469Z" SessionID="2"><From><User FriendlyName="Comercial l GRUPO GENESIS"/></From><To><User FriendlyName="Elizio- Campinas ES"/></To><Text Style="font-family:Segoe UI; color:#000000; ">o</Text></Message><Message Date="12/03/2013" Time="10:34:50" DateTime="2013-03-12T13:34:50.567Z" SessionID="3"><From><User FriendlyName="Elizio- Campinas ES"/></From><To><User FriendlyName="Comercial l GRUPO GENESIS"/></To><Text Style="font-family:Segoe UI; color:#000000; ">Bom diA</Text></Message><Message Date="12/03/2013" Time="10:37:10" DateTime="2013-03-12T13:37:10.883Z" SessionID="3"><From><User FriendlyName="Elizio- Campinas ES"/></From><To><User FriendlyName="Comercial l GRUPO GENESIS"/></To><Text Style="font-family:Segoe UI; color:#000000; ">enviei email para que você me enviasse tudo que preciso de informação para abertura de escola e outras informações</Text></Message><Message Date="28/03/2013" Time="13:41:24" DateTime="2013-03-28T16:41:24.281Z" SessionID="4"><From><User FriendlyName="Comercial l GRUPO GENESIS"/></From><To><User FriendlyName="Elizio- Campinas ES"/></To><Text Style="font-family:Segoe UI; color:#000000; ">mais alguma duvida?</Text></Message><Message Date="08/04/2013" Time="09:38:15" DateTime="2013-04-08T12:38:15.145Z" SessionID="5"><From><User FriendlyName="Elizio- Campinas ES"/></From><To><User FriendlyName="Comercial l GRUPO GENESIS"/></To><Text>bom dia</Text></Message></Log>
