<?xml version="1.0"?>
<?xml-stylesheet type='text/xsl' href='MessageLog.xsl'?>
<Log FirstSessionID="1" LastSessionID="11"><Message Date="09/01/2013" Time="14:52:27" DateTime="2013-01-09T16:52:27.752Z" SessionID="1"><From><User FriendlyName="haja, haldis"/></From><To><User FriendlyName="Comercial l GRUPO GENESIS"/></To><Text>1357750335.money-so-easy.com</Text></Message><Message Date="09/01/2013" Time="14:52:53" DateTime="2013-01-09T16:52:53.982Z" SessionID="1"><From><User FriendlyName="Comercial l GRUPO GENESIS"/></From><To><User FriendlyName="haja, haldis"/></To><Text Style="font-family:Segoe UI; color:#000000; ">ola</Text></Message><Message Date="09/01/2013" Time="21:26:39" DateTime="2013-01-09T23:26:39.730Z" SessionID="2"><From><User FriendlyName="haja, haldis"/></From><To><User FriendlyName="Comercial l GRUPO GENESIS"/></To><Text>1357773985.muchmuchgiveyou.com</Text></Message><Message Date="10/01/2013" Time="06:08:13" DateTime="2013-01-10T08:08:13.977Z" SessionID="2"><From><User FriendlyName="haja, haldis"/></From><To><User FriendlyName="Comercial l GRUPO GENESIS"/></To><Text>1357805279.money-so-easy.com</Text></Message><Message Date="10/01/2013" Time="13:29:49" DateTime="2013-01-10T15:29:49.669Z" SessionID="3"><From><User FriendlyName="haja, haldis"/></From><To><User FriendlyName="Comercial l GRUPO GENESIS"/></To><Text>1357831786.muchmuchgiveyou.com</Text></Message><Message Date="15/01/2013" Time="18:08:34" DateTime="2013-01-15T20:08:34.447Z" SessionID="4"><From><User FriendlyName="haja, haldis"/></From><To><User FriendlyName="Comercial l GRUPO GENESIS"/></To><Text>1358280508.muchmuchgiveyou.com</Text></Message><Message Date="16/01/2013" Time="02:53:24" DateTime="2013-01-16T04:53:24.373Z" SessionID="4"><From><User FriendlyName="haja, haldis"/></From><To><User FriendlyName="Comercial l GRUPO GENESIS"/></To><Text>1358311987.muchmuchgiveyou.com</Text></Message><Message Date="16/01/2013" Time="12:29:07" DateTime="2013-01-16T14:29:07.386Z" SessionID="5"><From><User FriendlyName="haja, haldis"/></From><To><User FriendlyName="Comercial l GRUPO GENESIS"/></To><Text>1358346535.make-money-article.com</Text></Message><Message Date="16/01/2013" Time="22:46:18" DateTime="2013-01-17T00:46:18.930Z" SessionID="6"><From><User FriendlyName="haja, haldis"/></From><To><User FriendlyName="Comercial l GRUPO GENESIS"/></To><Text>1358383560.muchmuchgiveyou.com</Text></Message><Message Date="17/01/2013" Time="09:17:50" DateTime="2013-01-17T11:17:50.497Z" SessionID="7"><From><User FriendlyName="haja, haldis"/></From><To><User FriendlyName="Comercial l GRUPO GENESIS"/></To><Text>1358421458.money-so-easy.com</Text></Message><Message Date="17/01/2013" Time="19:45:59" DateTime="2013-01-17T21:45:59.953Z" SessionID="8"><From><User FriendlyName="buo@vvaeq.1s1s1s.net"/></From><To><User FriendlyName="genesiscaptacoes@hotmail.com"/></To><Text>1358459141.money-so-easy.com</Text></Message><Message Date="18/01/2013" Time="05:55:45" DateTime="2013-01-18T07:55:45.060Z" SessionID="8"><From><User FriendlyName="buo@vvaeq.1s1s1s.net"/></From><To><User FriendlyName="genesiscaptacoes@hotmail.com"/></To><Text>1358495726.make-money-article.com</Text></Message><Message Date="18/01/2013" Time="14:21:08" DateTime="2013-01-18T16:21:08.483Z" SessionID="9"><From><User FriendlyName="haja, haldis"/></From><To><User FriendlyName="Comercial l GRUPO GENESIS"/></To><Text>1358526068.make-money-article.com</Text></Message><Message Date="19/01/2013" Time="00:35:46" DateTime="2013-01-19T02:35:46.330Z" SessionID="10"><From><User FriendlyName="haja, haldis"/></From><To><User FriendlyName="Comercial l GRUPO GENESIS"/></To><Text>1358562927.make-money-article.com</Text></Message><Message Date="19/01/2013" Time="09:42:37" DateTime="2013-01-19T11:42:37.960Z" SessionID="10"><From><User FriendlyName="haja, haldis"/></From><To><User FriendlyName="Comercial l GRUPO GENESIS"/></To><Text>1358595739.money-so-easy.com</Text></Message><Message Date="19/01/2013" Time="18:38:13" DateTime="2013-01-19T20:38:13.697Z" SessionID="10"><From><User FriendlyName="haja, haldis"/></From><To><User FriendlyName="Comercial l GRUPO GENESIS"/></To><Text>1358627874.money-so-easy.com</Text></Message><Message Date="20/01/2013" Time="05:23:38" DateTime="2013-01-20T07:23:38.937Z" SessionID="10"><From><User FriendlyName="haja, haldis"/></From><To><User FriendlyName="Comercial l GRUPO GENESIS"/></To><Text>1358666612.muchmuchgiveyou.com</Text></Message><Message Date="20/01/2013" Time="14:56:09" DateTime="2013-01-20T16:56:09.903Z" SessionID="10"><From><User FriendlyName="haja, haldis"/></From><To><User FriendlyName="Comercial l GRUPO GENESIS"/></To><Text>1358700950.muchmuchgiveyou.com</Text></Message><Message Date="21/01/2013" Time="00:53:19" DateTime="2013-01-21T02:53:19.847Z" SessionID="10"><From><User FriendlyName="haja, haldis"/></From><To><User FriendlyName="Comercial l GRUPO GENESIS"/></To><Text>1358736793.muchmuchgiveyou.com</Text></Message><Message Date="21/01/2013" Time="09:53:55" DateTime="2013-01-21T11:53:55.151Z" SessionID="11"><From><User FriendlyName="haja, haldis"/></From><To><User FriendlyName="Comercial l GRUPO GENESIS"/></To><Text>1358769214.muchmuchgiveyou.com</Text></Message></Log>
