<?xml version="1.0"?>
<?xml-stylesheet type='text/xsl' href='MessageLog.xsl'?>
<Log FirstSessionID="1" LastSessionID="2"><Message Date="13/02/2013" Time="15:40:40" DateTime="2013-02-13T18:40:40.319Z" SessionID="1"><From><User FriendlyName="Comercial l GRUPO GENESIS"/></From><To><User FriendlyName="caio escola em Goiais"/></To><Text Style="font-family:Segoe UI; color:#000000; ">ola</Text></Message><Message Date="13/02/2013" Time="15:40:46" DateTime="2013-02-13T18:40:46.122Z" SessionID="1"><From><User FriendlyName="Comercial l GRUPO GENESIS"/></From><To><User FriendlyName="caio escola em Goiais"/></To><Text Style="font-family:Segoe UI; color:#000000; ">boa tarde</Text></Message><Message Date="13/02/2013" Time="15:40:57" DateTime="2013-02-13T18:40:57.163Z" SessionID="1"><From><User FriendlyName="caio escola em Goiais"/></From><To><User FriendlyName="Comercial l GRUPO GENESIS"/></To><Text Style="font-family:Segoe UI; color:#000000; ">boa tarde</Text></Message><Message Date="13/02/2013" Time="15:41:07" DateTime="2013-02-13T18:41:07.740Z" SessionID="1"><From><User FriendlyName="Comercial l GRUPO GENESIS"/></From><To><User FriendlyName="caio escola em Goiais"/></To><Text Style="font-family:Segoe UI; color:#000000; ">tudo bem?</Text></Message><Message Date="13/02/2013" Time="15:41:42" DateTime="2013-02-13T18:41:42.491Z" SessionID="1"><From><User FriendlyName="caio escola em Goiais"/></From><To><User FriendlyName="Comercial l GRUPO GENESIS"/></To><Text Style="font-family:Segoe UI; color:#000000; ">td e vc?</Text></Message><Message Date="13/02/2013" Time="15:42:29" DateTime="2013-02-13T18:42:29.262Z" SessionID="1"><From><User FriendlyName="Comercial l GRUPO GENESIS"/></From><To><User FriendlyName="caio escola em Goiais"/></To><Text Style="font-family:Segoe UI; color:#000000; ">que ótimó</Text></Message><Message Date="13/02/2013" Time="15:42:34" DateTime="2013-02-13T18:42:34.737Z" SessionID="1"><From><User FriendlyName="Comercial l GRUPO GENESIS"/></From><To><User FriendlyName="caio escola em Goiais"/></To><Text Style="font-family:Segoe UI; color:#000000; ">tudo bem tbm</Text></Message><Message Date="13/02/2013" Time="15:59:08" DateTime="2013-02-13T18:59:08.387Z" SessionID="1"><From><User FriendlyName="Comercial l GRUPO GENESIS"/></From><To><User FriendlyName="caio escola em Goiais"/></To><Text Style="font-family:Segoe UI; color:#000000; ">ja agendou sua campanha para 2013?</Text></Message><Message Date="13/02/2013" Time="15:59:42" DateTime="2013-02-13T18:59:42.156Z" SessionID="1"><From><User FriendlyName="caio escola em Goiais"/></From><To><User FriendlyName="Comercial l GRUPO GENESIS"/></To><Text>ainda nao;;</Text></Message><Message Date="13/02/2013" Time="15:59:48" DateTime="2013-02-13T18:59:48.777Z" SessionID="1"><From><User FriendlyName="caio escola em Goiais"/></From><To><User FriendlyName="Comercial l GRUPO GENESIS"/></To><Text>vcs estao com alguma campanha interessante?</Text></Message><Message Date="13/02/2013" Time="16:00:24" DateTime="2013-02-13T19:00:24.889Z" SessionID="1"><From><User FriendlyName="Comercial l GRUPO GENESIS"/></From><To><User FriendlyName="caio escola em Goiais"/></To><Text Style="font-family:Segoe UI; color:#000000; ">sim</Text></Message><Message Date="13/02/2013" Time="16:01:22" DateTime="2013-02-13T19:01:22.629Z" SessionID="1"><From><User FriendlyName="Comercial l GRUPO GENESIS"/></From><To><User FriendlyName="caio escola em Goiais"/></To><Text Style="font-family:Segoe UI; color:#000000; ">Clube Estudantil</Text></Message><Message Date="13/02/2013" Time="16:02:27" DateTime="2013-02-13T19:02:27.927Z" SessionID="1"><From><User FriendlyName="Comercial l GRUPO GENESIS"/></From><To><User FriendlyName="caio escola em Goiais"/></To><Text Style="font-family:Segoe UI; color:#000000; ">ja conhece?</Text></Message><Message Date="13/02/2013" Time="16:02:47" DateTime="2013-02-13T19:02:47.989Z" SessionID="1"><From><User FriendlyName="caio escola em Goiais"/></From><To><User FriendlyName="Comercial l GRUPO GENESIS"/></To><Text>vc poderia me indicar 3 referencias se for em goias 62 a te prefrio de escolas q fizeram essa campanha</Text></Message><Message Date="13/02/2013" Time="16:02:48" DateTime="2013-02-13T19:02:48.941Z" SessionID="1"><From><User FriendlyName="caio escola em Goiais"/></From><To><User FriendlyName="Comercial l GRUPO GENESIS"/></To><Text>?</Text></Message><Message Date="13/02/2013" Time="16:13:45" DateTime="2013-02-13T19:13:45.994Z" SessionID="1"><From><User FriendlyName="Comercial l GRUPO GENESIS"/></From><To><User FriendlyName="caio escola em Goiais"/></To><Text Style="font-family:Segoe UI; color:#000000; ">agora em março vamos fazer um trabalho em Planaltina</Text></Message><Message Date="13/02/2013" Time="16:18:48" DateTime="2013-02-13T19:18:48.021Z" SessionID="1"><From><User FriendlyName="Comercial l GRUPO GENESIS"/></From><To><User FriendlyName="caio escola em Goiais"/></To><Text Style="font-family:Segoe UI; color:#000000; ">Para o senhor entender melhor , nós temos uma campanha chamada Clube Estudantil e através desse clube os alunos terão mais vantagens de estudar em sua escola, além de aprender os cursos que você oferece, os alunos recebem um reforço escolar através de um portal exclusivo de nossa empresa, onde eles terão professores online em matemática e português, ou seja,adquirindo nossa campanha o senhor recebe um portal totalmente gratuito livre de taxas e manutenções.</Text></Message><Message Date="13/02/2013" Time="16:37:16" DateTime="2013-02-13T19:37:16.463Z" SessionID="1"><From><User FriendlyName="Comercial l GRUPO GENESIS"/></From><To><User FriendlyName="caio escola em Goiais"/></To><Text Style="font-family:Segoe UI; color:#000000; ">alguma duvida?</Text></Message><Message Date="13/02/2013" Time="17:02:36" DateTime="2013-02-13T20:02:36.045Z" SessionID="1"><From><User FriendlyName="caio escola em Goiais"/></From><To><User FriendlyName="Comercial l GRUPO GENESIS"/></To><Text>gostaria do fone de  3 escolas q vc dizeram essa campanha,</Text></Message><Message Date="13/02/2013" Time="17:02:42" DateTime="2013-02-13T20:02:42.506Z" SessionID="1"><From><User FriendlyName="caio escola em Goiais"/></From><To><User FriendlyName="Comercial l GRUPO GENESIS"/></To><Text>de preferencia em goias...</Text></Message><Message Date="13/02/2013" Time="17:02:44" DateTime="2013-02-13T20:02:44.736Z" SessionID="1"><From><User FriendlyName="caio escola em Goiais"/></From><To><User FriendlyName="Comercial l GRUPO GENESIS"/></To><Text>pode ser,,,,</Text></Message><Message Date="13/02/2013" Time="17:10:34" DateTime="2013-02-13T20:10:34.081Z" SessionID="1"><From><User FriendlyName="Comercial l GRUPO GENESIS"/></From><To><User FriendlyName="caio escola em Goiais"/></To><Text Style="font-family:Segoe UI; color:#000000; ">- Exattus escola de Profissões / Uruguaiana RS - Fone: (55)3414-2517 
Falar com Sr. Clainton


- CDI Informática / Três Lagoas MS – Fone: (67) 3521-9663 

Falar com Sr. Ruy

 

- Net Mídia / Magé RJ – Fone: (21) 3739-1191 (21) 2739-3372

Falar com Sr Lucilene

 

- Instituto Mix / Palhoça SC – Fone: (48) 3033-4105
Falar com Sr. Carlos 
</Text></Message><Message Date="13/02/2013" Time="17:14:26" DateTime="2013-02-13T20:14:26.577Z" SessionID="1"><From><User FriendlyName="caio escola em Goiais"/></From><To><User FriendlyName="Comercial l GRUPO GENESIS"/></To><Text>vcs nao fizeram nenhum da regia 62 de goias?</Text></Message><Message Date="13/02/2013" Time="17:15:43" DateTime="2013-02-13T20:15:43.001Z" SessionID="1"><From><User FriendlyName="Comercial l GRUPO GENESIS"/></From><To><User FriendlyName="caio escola em Goiais"/></To><Text Style="font-family:Segoe UI; color:#000000; ">Vamos fazeer em planaltina dentro de 3 semanas]</Text></Message><Message Date="19/02/2013" Time="16:46:54" DateTime="2013-02-19T19:46:54.850Z" SessionID="2"><From><User FriendlyName="Comercial l GRUPO GENESIS"/></From><To><User FriendlyName="caio escola em Goiais"/></To><Text Style="font-family:Segoe UI; color:#000000; ">ola</Text></Message><Message Date="19/02/2013" Time="16:46:59" DateTime="2013-02-19T19:46:59.890Z" SessionID="2"><From><User FriendlyName="Comercial l GRUPO GENESIS"/></From><To><User FriendlyName="caio escola em Goiais"/></To><Text Style="font-family:Segoe UI; color:#000000; ">boa tarde</Text></Message></Log>
