<?xml version="1.0"?>
<?xml-stylesheet type='text/xsl' href='MessageLog.xsl'?>
<Log FirstSessionID="1" LastSessionID="10"><Message Date="09/01/2013" Time="15:46:23" DateTime="2013-01-09T17:46:23.466Z" SessionID="1"><From><User FriendlyName="Ruy- Tres Lagoas MS"/></From><To><User FriendlyName="Comercial l GRUPO GENESIS"/></To><Text Style="font-family:Segoe UI; color:#000000; ">boa tarde</Text></Message><Message Date="09/01/2013" Time="15:46:32" DateTime="2013-01-09T17:46:32.137Z" SessionID="1"><From><User FriendlyName="Ruy- Tres Lagoas MS"/></From><To><User FriendlyName="Comercial l GRUPO GENESIS"/></To><Text Style="font-family:Segoe UI; color:#000000; ">feliz 2013 para todos vcs</Text></Message><Message Date="09/01/2013" Time="15:47:00" DateTime="2013-01-09T17:47:00.392Z" SessionID="1"><From><User FriendlyName="Comercial l GRUPO GENESIS"/></From><To><User FriendlyName="Ruy- Tres Lagoas MS"/></To><Text Style="font-family:Segoe UI; color:#000000; ">Boa Tarde</Text></Message><Message Date="09/01/2013" Time="15:47:13" DateTime="2013-01-09T17:47:13.182Z" SessionID="1"><From><User FriendlyName="Comercial l GRUPO GENESIS"/></From><To><User FriendlyName="Ruy- Tres Lagoas MS"/></To><Text Style="font-family:Segoe UI; color:#000000; ">Feliz ano novo para o sr tbmm</Text></Message><Message Date="09/01/2013" Time="15:47:33" DateTime="2013-01-09T17:47:33.232Z" SessionID="1"><From><User FriendlyName="Comercial l GRUPO GENESIS"/></From><To><User FriendlyName="Ruy- Tres Lagoas MS"/></To><Text Style="font-family:Segoe UI; color:#000000; ">que Deus ilumine o Sr e sua familia</Text></Message><Message Date="09/01/2013" Time="15:48:05" DateTime="2013-01-09T17:48:05.413Z" SessionID="1"><From><User FriendlyName="Ruy- Tres Lagoas MS"/></From><To><User FriendlyName="Comercial l GRUPO GENESIS"/></To><Text Style="font-family:Segoe UI; color:#000000; ">igualmente para vcs</Text></Message><Message Date="09/01/2013" Time="15:48:28" DateTime="2013-01-09T17:48:28.753Z" SessionID="1"><From><User FriendlyName="Ruy- Tres Lagoas MS"/></From><To><User FriendlyName="Comercial l GRUPO GENESIS"/></To><Text Style="font-family:Segoe UI; color:#000000; ">Lembrando que ao surgir uma vaga para divulgação antes da data que foi marcada, favor me avisar</Text></Message><Message Date="09/01/2013" Time="15:49:11" DateTime="2013-01-09T17:49:11.376Z" SessionID="1"><From><User FriendlyName="Comercial l GRUPO GENESIS"/></From><To><User FriendlyName="Ruy- Tres Lagoas MS"/></To><Text Style="font-family:Segoe UI; color:#000000; ">sim,claro</Text></Message><Message Date="09/01/2013" Time="15:50:02" DateTime="2013-01-09T17:50:02.394Z" SessionID="1"><From><User FriendlyName="Ruy- Tres Lagoas MS"/></From><To><User FriendlyName="Comercial l GRUPO GENESIS"/></To><Text Style="font-family:Segoe UI; color:#000000; ">obrigado pela sua atenção</Text></Message><Message Date="09/01/2013" Time="15:50:23" DateTime="2013-01-09T17:50:23.456Z" SessionID="1"><From><User FriendlyName="Comercial l GRUPO GENESIS"/></From><To><User FriendlyName="Ruy- Tres Lagoas MS"/></To><Text Style="font-family:Segoe UI; color:#000000; ">eu que agradeço</Text></Message><Message Date="09/01/2013" Time="15:50:33" DateTime="2013-01-09T17:50:33.314Z" SessionID="1"><From><User FriendlyName="Comercial l GRUPO GENESIS"/></From><To><User FriendlyName="Ruy- Tres Lagoas MS"/></To><Text Style="font-family:Segoe UI; color:#000000; ">qualquer coisa estou a disposição</Text></Message><Message Date="09/01/2013" Time="15:50:41" DateTime="2013-01-09T17:50:41.617Z" SessionID="1"><From><User FriendlyName="Ruy- Tres Lagoas MS"/></From><To><User FriendlyName="Comercial l GRUPO GENESIS"/></To><Text Style="font-family:Segoe UI; color:#000000; ">ok, obrigado</Text></Message><Message Date="14/02/2013" Time="17:03:01" DateTime="2013-02-14T20:03:01.985Z" SessionID="2"><From><User FriendlyName="Ruy- Tres Lagoas MS"/></From><To><User FriendlyName="Comercial l GRUPO GENESIS"/></To><Text Style="font-family:Segoe UI; color:#000000; ">boa tarde</Text></Message><Message Date="14/02/2013" Time="17:03:23" DateTime="2013-02-14T20:03:23.817Z" SessionID="2"><From><User FriendlyName="Ruy- Tres Lagoas MS"/></From><To><User FriendlyName="Comercial l GRUPO GENESIS"/></To><Text Style="font-family:Segoe UI; color:#000000; ">tudo bem?</Text></Message><Message Date="14/02/2013" Time="17:03:49" DateTime="2013-02-14T20:03:49.836Z" SessionID="2"><From><User FriendlyName="Comercial l GRUPO GENESIS"/></From><To><User FriendlyName="Ruy- Tres Lagoas MS"/></To><Text Style="font-family:Segoe UI; color:#000000; ">Boa tarde</Text></Message><Message Date="14/02/2013" Time="17:03:54" DateTime="2013-02-14T20:03:54.952Z" SessionID="2"><From><User FriendlyName="Comercial l GRUPO GENESIS"/></From><To><User FriendlyName="Ruy- Tres Lagoas MS"/></To><Text Style="font-family:Segoe UI; color:#000000; ">tudo otimo e vc?</Text></Message><Message Date="14/02/2013" Time="17:03:58" DateTime="2013-02-14T20:03:58.759Z" SessionID="2"><From><User FriendlyName="Ruy- Tres Lagoas MS"/></From><To><User FriendlyName="Comercial l GRUPO GENESIS"/></To><Text Style="font-family:Segoe UI; color:#000000; ">tudo ok</Text></Message><Message Date="14/02/2013" Time="17:04:14" DateTime="2013-02-14T20:04:14.062Z" SessionID="2"><From><User FriendlyName="Ruy- Tres Lagoas MS"/></From><To><User FriendlyName="Comercial l GRUPO GENESIS"/></To><Text Style="font-family:Segoe UI; color:#000000; ">surgiu alguma desistência?</Text></Message><Message Date="14/02/2013" Time="17:05:26" DateTime="2013-02-14T20:05:26.538Z" SessionID="2"><From><User FriendlyName="Comercial l GRUPO GENESIS"/></From><To><User FriendlyName="Ruy- Tres Lagoas MS"/></To><Text Style="font-family:Segoe UI; color:#000000; ">ainda não,assim que houver te comunico</Text></Message><Message Date="14/02/2013" Time="17:05:53" DateTime="2013-02-14T20:05:53.958Z" SessionID="2"><From><User FriendlyName="Ruy- Tres Lagoas MS"/></From><To><User FriendlyName="Comercial l GRUPO GENESIS"/></To><Text Style="font-family:Segoe UI; color:#000000; ">ok, fico no aguardo</Text></Message><Message Date="14/02/2013" Time="17:06:01" DateTime="2013-02-14T20:06:01.314Z" SessionID="2"><From><User FriendlyName="Ruy- Tres Lagoas MS"/></From><To><User FriendlyName="Comercial l GRUPO GENESIS"/></To><Text Style="font-family:Segoe UI; color:#000000; ">obrigado</Text></Message><Message Date="14/02/2013" Time="17:06:07" DateTime="2013-02-14T20:06:07.444Z" SessionID="2"><From><User FriendlyName="Ruy- Tres Lagoas MS"/></From><To><User FriendlyName="Comercial l GRUPO GENESIS"/></To><Text Style="font-family:Segoe UI; color:#000000; ">tenha um otimo final de tarde</Text></Message><Message Date="14/02/2013" Time="17:07:56" DateTime="2013-02-14T20:07:56.369Z" SessionID="2"><From><User FriendlyName="Comercial l GRUPO GENESIS"/></From><To><User FriendlyName="Ruy- Tres Lagoas MS"/></To><Text Style="font-family:Segoe UI; color:#000000; ">igualmente</Text></Message><Message Date="14/02/2013" Time="17:08:00" DateTime="2013-02-14T20:08:00.067Z" SessionID="2"><From><User FriendlyName="Comercial l GRUPO GENESIS"/></From><To><User FriendlyName="Ruy- Tres Lagoas MS"/></To><Text Style="font-family:Segoe UI; color:#000000; ">até mmais</Text></Message><Message Date="28/03/2013" Time="15:12:11" DateTime="2013-03-28T18:12:11.158Z" SessionID="3"><From><User FriendlyName="Ruy- Tres Lagoas MS"/></From><To><User FriendlyName="Comercial l GRUPO GENESIS"/></To><Text Style="font-family:Segoe UI; color:#000000; ">tá confirmado a divulgação para abril?</Text></Message><Message Date="28/03/2013" Time="15:21:03" DateTime="2013-03-28T18:21:03.119Z" SessionID="3"><From><User FriendlyName="Comercial l GRUPO GENESIS"/></From><To><User FriendlyName="Ruy- Tres Lagoas MS"/></To><Text Style="font-family:Segoe UI; color:#000000; ">sim</Text></Message><Message Date="02/04/2013" Time="09:46:50" DateTime="2013-04-02T12:46:50.834Z" SessionID="4"><From><User FriendlyName="Ruy- Tres Lagoas MS"/></From><To><User FriendlyName="Comercial l GRUPO GENESIS"/></To><Text Style="font-family:Segoe UI; color:#000000; ">bom dia</Text></Message><Message Date="02/04/2013" Time="09:46:59" DateTime="2013-04-02T12:46:59.379Z" SessionID="4"><From><User FriendlyName="Comercial l GRUPO GENESIS"/></From><To><User FriendlyName="Ruy- Tres Lagoas MS"/></To><Text Style="font-family:Segoe UI; color:#000000; ">Oi</Text></Message><Message Date="02/04/2013" Time="09:47:00" DateTime="2013-04-02T12:47:00.565Z" SessionID="4"><From><User FriendlyName="Ruy- Tres Lagoas MS"/></From><To><User FriendlyName="Comercial l GRUPO GENESIS"/></To><Text Style="font-family:Segoe UI; color:#000000; ">está confirmado a divulgação para esse mês?</Text></Message><Message Date="02/04/2013" Time="09:47:10" DateTime="2013-04-02T12:47:10.551Z" SessionID="4"><From><User FriendlyName="Comercial l GRUPO GENESIS"/></From><To><User FriendlyName="Ruy- Tres Lagoas MS"/></To><Text Style="font-family:Segoe UI; color:#000000; ">Sim,confirmadissimo</Text></Message><Message Date="02/04/2013" Time="09:47:19" DateTime="2013-04-02T12:47:19.989Z" SessionID="4"><From><User FriendlyName="Ruy- Tres Lagoas MS"/></From><To><User FriendlyName="Comercial l GRUPO GENESIS"/></To><Text Style="font-family:Segoe UI; color:#000000; ">ok</Text></Message><Message Date="02/04/2013" Time="09:47:25" DateTime="2013-04-02T12:47:25.003Z" SessionID="4"><From><User FriendlyName="Ruy- Tres Lagoas MS"/></From><To><User FriendlyName="Comercial l GRUPO GENESIS"/></To><Text Style="font-family:Segoe UI; color:#000000; ">fico no aguardo </Text></Message><Message Date="02/04/2013" Time="09:47:37" DateTime="2013-04-02T12:47:37.093Z" SessionID="4"><From><User FriendlyName="Ruy- Tres Lagoas MS"/></From><To><User FriendlyName="Comercial l GRUPO GENESIS"/></To><Text Style="font-family:Segoe UI; color:#000000; ">tenha um bom dia</Text></Message><Message Date="02/04/2013" Time="09:47:59" DateTime="2013-04-02T12:47:59.237Z" SessionID="4"><From><User FriendlyName="Comercial l GRUPO GENESIS"/></From><To><User FriendlyName="Ruy- Tres Lagoas MS"/></To><Text Style="font-family:Segoe UI; color:#000000; ">Igualmente</Text></Message><Message Date="08/04/2013" Time="15:19:43" DateTime="2013-04-08T18:19:43.975Z" SessionID="5"><From><User FriendlyName="Ruy- Tres Lagoas MS"/></From><To><User FriendlyName="Comercial l GRUPO GENESIS"/></To><Text Style="font-family:Segoe UI; color:#000000; ">boa tarde</Text></Message><Message Date="08/04/2013" Time="15:20:24" DateTime="2013-04-08T18:20:24.613Z" SessionID="5"><From><User FriendlyName="Ruy- Tres Lagoas MS"/></From><To><User FriendlyName="Comercial l GRUPO GENESIS"/></To><Text Style="font-family:Segoe UI; color:#000000; ">Tudo bem?</Text></Message><Message Date="08/04/2013" Time="15:21:31" DateTime="2013-04-08T18:21:31.969Z" SessionID="5"><From><User FriendlyName="Ruy- Tres Lagoas MS"/></From><To><User FriendlyName="Comercial l GRUPO GENESIS"/></To><Text Style="font-family:Segoe UI; color:#000000; ">gostaria de saber a data certa em que o divulgador virá para cá</Text></Message><Message Date="08/04/2013" Time="16:01:55" DateTime="2013-04-08T19:01:55.316Z" SessionID="5"><From><User FriendlyName="Comercial l GRUPO GENESIS"/></From><To><User FriendlyName="Ruy- Tres Lagoas MS"/></To><Text Style="font-family:Segoe UI; color:#000000; ">Oi</Text></Message><Message Date="08/04/2013" Time="16:02:21" DateTime="2013-04-08T19:02:21.945Z" SessionID="5"><From><User FriendlyName="Comercial l GRUPO GENESIS"/></From><To><User FriendlyName="Ruy- Tres Lagoas MS"/></To><Text Style="font-family:Segoe UI; color:#000000; ">ele vai chegar dia 16/08</Text></Message><Message Date="08/04/2013" Time="16:02:37" DateTime="2013-04-08T19:02:37.092Z" SessionID="5"><From><User FriendlyName="Comercial l GRUPO GENESIS"/></From><To><User FriendlyName="Ruy- Tres Lagoas MS"/></To><Text Style="font-family:Segoe UI; color:#000000; ">ainda nao sei o horario</Text></Message><Message Date="08/04/2013" Time="16:02:50" DateTime="2013-04-08T19:02:50.304Z" SessionID="5"><From><User FriendlyName="Comercial l GRUPO GENESIS"/></From><To><User FriendlyName="Ruy- Tres Lagoas MS"/></To><Text Style="font-family:Segoe UI; color:#000000; ">mais te passo assim que possivel</Text></Message><Message Date="08/04/2013" Time="16:44:06" DateTime="2013-04-08T19:44:06.206Z" SessionID="5"><From><User FriendlyName="Ruy- Tres Lagoas MS"/></From><To><User FriendlyName="Comercial l GRUPO GENESIS"/></To><Text Style="font-family:Segoe UI; color:#000000; ">boa tarde</Text></Message><Message Date="08/04/2013" Time="16:44:15" DateTime="2013-04-08T19:44:15.512Z" SessionID="5"><From><User FriendlyName="Comercial l GRUPO GENESIS"/></From><To><User FriendlyName="Ruy- Tres Lagoas MS"/></To><Text Style="font-family:Segoe UI; color:#000000; ">Oi</Text></Message><Message Date="08/04/2013" Time="16:44:18" DateTime="2013-04-08T19:44:18.289Z" SessionID="5"><From><User FriendlyName="Comercial l GRUPO GENESIS"/></From><To><User FriendlyName="Ruy- Tres Lagoas MS"/></To><Text Style="font-family:Segoe UI; color:#000000; ">boa tarde</Text></Message><Message Date="08/04/2013" Time="16:44:36" DateTime="2013-04-08T19:44:36.697Z" SessionID="5"><From><User FriendlyName="Ruy- Tres Lagoas MS"/></From><To><User FriendlyName="Comercial l GRUPO GENESIS"/></To><Text Style="font-family:Segoe UI; color:#000000; ">se eu não me engano a divulgação é esse mês</Text></Message><Message Date="08/04/2013" Time="16:44:43" DateTime="2013-04-08T19:44:43.202Z" SessionID="5"><From><User FriendlyName="Comercial l GRUPO GENESIS"/></From><To><User FriendlyName="Ruy- Tres Lagoas MS"/></To><Text Style="font-family:Segoe UI; color:#000000; ">semana que vem</Text></Message><Message Date="08/04/2013" Time="16:44:46" DateTime="2013-04-08T19:44:46.775Z" SessionID="5"><From><User FriendlyName="Ruy- Tres Lagoas MS"/></From><To><User FriendlyName="Comercial l GRUPO GENESIS"/></To><Text Style="font-family:Segoe UI; color:#000000; ">isso</Text></Message><Message Date="08/04/2013" Time="16:45:01" DateTime="2013-04-08T19:45:01.860Z" SessionID="5"><From><User FriendlyName="Ruy- Tres Lagoas MS"/></From><To><User FriendlyName="Comercial l GRUPO GENESIS"/></To><Text Style="font-family:Segoe UI; color:#000000; ">preciso saber como vai ficar a passagem</Text></Message><Message Date="08/04/2013" Time="16:45:35" DateTime="2013-04-08T19:45:35.337Z" SessionID="5"><From><User FriendlyName="Comercial l GRUPO GENESIS"/></From><To><User FriendlyName="Ruy- Tres Lagoas MS"/></To><Text Style="font-family:Segoe UI; color:#000000; ">eu compro aqui,eo gerente leva o comprovante com o valor emitido</Text></Message><Message Date="08/04/2013" Time="16:45:43" DateTime="2013-04-08T19:45:43.621Z" SessionID="5"><From><User FriendlyName="Ruy- Tres Lagoas MS"/></From><To><User FriendlyName="Comercial l GRUPO GENESIS"/></To><Text Style="font-family:Segoe UI; color:#000000; ">ok</Text></Message><Message Date="08/04/2013" Time="16:46:04" DateTime="2013-04-08T19:46:04.603Z" SessionID="5"><From><User FriendlyName="Ruy- Tres Lagoas MS"/></From><To><User FriendlyName="Comercial l GRUPO GENESIS"/></To><Text Style="font-family:Segoe UI; color:#000000; ">ele vem quando?</Text></Message><Message Date="08/04/2013" Time="16:46:15" DateTime="2013-04-08T19:46:15.851Z" SessionID="5"><From><User FriendlyName="Comercial l GRUPO GENESIS"/></From><To><User FriendlyName="Ruy- Tres Lagoas MS"/></To><Text Style="font-family:Segoe UI; color:#000000; ">chega ai terça pela manha</Text></Message><Message Date="08/04/2013" Time="16:46:20" DateTime="2013-04-08T19:46:20.624Z" SessionID="5"><From><User FriendlyName="Ruy- Tres Lagoas MS"/></From><To><User FriendlyName="Comercial l GRUPO GENESIS"/></To><Text Style="font-family:Segoe UI; color:#000000; ">ok</Text></Message><Message Date="08/04/2013" Time="16:46:26" DateTime="2013-04-08T19:46:26.927Z" SessionID="5"><From><User FriendlyName="Ruy- Tres Lagoas MS"/></From><To><User FriendlyName="Comercial l GRUPO GENESIS"/></To><Text Style="font-family:Segoe UI; color:#000000; ">vai ficar 1 semana?</Text></Message><Message Date="08/04/2013" Time="16:46:57" DateTime="2013-04-08T19:46:57.191Z" SessionID="5"><From><User FriendlyName="Comercial l GRUPO GENESIS"/></From><To><User FriendlyName="Ruy- Tres Lagoas MS"/></To><Text Style="font-family:Segoe UI; color:#000000; ">até sabado</Text></Message><Message Date="08/04/2013" Time="16:47:00" DateTime="2013-04-08T19:47:00.872Z" SessionID="5"><From><User FriendlyName="Ruy- Tres Lagoas MS"/></From><To><User FriendlyName="Comercial l GRUPO GENESIS"/></To><Text Style="font-family:Segoe UI; color:#000000; ">ok</Text></Message><Message Date="08/04/2013" Time="16:47:47" DateTime="2013-04-08T19:47:47.608Z" SessionID="5"><From><User FriendlyName="Comercial l GRUPO GENESIS"/></From><To><User FriendlyName="Ruy- Tres Lagoas MS"/></To><Text Style="font-family:Segoe UI; color:#000000; ">mais alguma duvida?</Text></Message><Message Date="08/04/2013" Time="16:48:03" DateTime="2013-04-08T19:48:03.457Z" SessionID="5"><From><User FriendlyName="Ruy- Tres Lagoas MS"/></From><To><User FriendlyName="Comercial l GRUPO GENESIS"/></To><Text Style="font-family:Segoe UI; color:#000000; ">por enquanto é só</Text></Message><Message Date="08/04/2013" Time="16:48:08" DateTime="2013-04-08T19:48:08.456Z" SessionID="5"><From><User FriendlyName="Ruy- Tres Lagoas MS"/></From><To><User FriendlyName="Comercial l GRUPO GENESIS"/></To><Text Style="font-family:Segoe UI; color:#000000; ">obrigado pela sua atenção</Text></Message><Message Date="15/04/2013" Time="09:15:58" DateTime="2013-04-15T12:15:58.046Z" SessionID="6"><From><User FriendlyName="Comercial l GRUPO GENESIS"/></From><To><User FriendlyName="Ruy- Tres Lagoas MS"/></To><Text Style="font-family:Segoe UI; color:#000000; ">ruy,ao entrar me chamee</Text></Message><Message Date="15/04/2013" Time="14:54:33" DateTime="2013-04-15T17:54:33.564Z" SessionID="7"><From><User FriendlyName="Ruy- Tres Lagoas MS"/></From><To><User FriendlyName="Comercial l GRUPO GENESIS"/></To><Text Style="font-family:Segoe UI; color:#000000; ">boa tarde</Text></Message><Message Date="15/04/2013" Time="14:58:47" DateTime="2013-04-15T17:58:47.269Z" SessionID="7"><From><User FriendlyName="Ruy- Tres Lagoas MS"/></From><To><User FriendlyName="Comercial l GRUPO GENESIS"/></To><Text Style="font-family:Segoe UI; color:#000000; ">olá</Text></Message><Message Date="15/04/2013" Time="15:02:35" DateTime="2013-04-15T18:02:35.712Z" SessionID="7"><From><User FriendlyName="Ruy- Tres Lagoas MS"/></From><To><User FriendlyName="Comercial l GRUPO GENESIS"/></To><Text Style="font-family:Segoe UI; color:#000000; ">OLÁ</Text></Message><Message Date="15/04/2013" Time="15:02:45" DateTime="2013-04-15T18:02:45.378Z" SessionID="7"><From><User FriendlyName="Comercial l GRUPO GENESIS"/></From><To><User FriendlyName="Ruy- Tres Lagoas MS"/></To><Text Style="font-family:Segoe UI; color:#000000; ">Oi</Text></Message><Message Date="15/04/2013" Time="15:03:11" DateTime="2013-04-15T18:03:11.680Z" SessionID="7"><From><User FriendlyName="Ruy- Tres Lagoas MS"/></From><To><User FriendlyName="Comercial l GRUPO GENESIS"/></To><Text Style="font-family:Segoe UI; color:#000000; ">O DIVULGADOR IRÁ VIR PARA CÁ?</Text></Message><Message Date="15/04/2013" Time="15:03:36" DateTime="2013-04-15T18:03:36.525Z" SessionID="7"><From><User FriendlyName="Comercial l GRUPO GENESIS"/></From><To><User FriendlyName="Ruy- Tres Lagoas MS"/></To><Text Style="font-family:Segoe UI; color:#000000; ">sim,esta embarcando hj</Text></Message><Message Date="15/04/2013" Time="15:03:45" DateTime="2013-04-15T18:03:45.994Z" SessionID="7"><From><User FriendlyName="Ruy- Tres Lagoas MS"/></From><To><User FriendlyName="Comercial l GRUPO GENESIS"/></To><Text Style="font-family:Segoe UI; color:#000000; ">OK</Text></Message><Message Date="15/04/2013" Time="15:03:52" DateTime="2013-04-15T18:03:52.952Z" SessionID="7"><From><User FriendlyName="Ruy- Tres Lagoas MS"/></From><To><User FriendlyName="Comercial l GRUPO GENESIS"/></To><Text Style="font-family:Segoe UI; color:#000000; ">TEM QUE RESERVAR HOTEL?</Text></Message><Message Date="15/04/2013" Time="15:04:08" DateTime="2013-04-15T18:04:08.164Z" SessionID="7"><From><User FriendlyName="Comercial l GRUPO GENESIS"/></From><To><User FriendlyName="Ruy- Tres Lagoas MS"/></To><Text Style="font-family:Segoe UI; color:#000000; ">eu recomendo</Text></Message><Message Date="15/04/2013" Time="15:04:18" DateTime="2013-04-15T18:04:18.787Z" SessionID="7"><From><User FriendlyName="Ruy- Tres Lagoas MS"/></From><To><User FriendlyName="Comercial l GRUPO GENESIS"/></To><Text Style="font-family:Segoe UI; color:#000000; ">QUAL É O NOME DO RAPAZ?</Text></Message><Message Date="15/04/2013" Time="15:04:28" DateTime="2013-04-15T18:04:28.724Z" SessionID="7"><From><User FriendlyName="Comercial l GRUPO GENESIS"/></From><To><User FriendlyName="Ruy- Tres Lagoas MS"/></To><Text Style="font-family:Segoe UI; color:#000000; ">vinicius</Text></Message><Message Date="15/04/2013" Time="15:04:32" DateTime="2013-04-15T18:04:32.375Z" SessionID="7"><From><User FriendlyName="Ruy- Tres Lagoas MS"/></From><To><User FriendlyName="Comercial l GRUPO GENESIS"/></To><Text Style="font-family:Segoe UI; color:#000000; ">OK</Text></Message><Message Date="15/04/2013" Time="15:04:41" DateTime="2013-04-15T18:04:41.420Z" SessionID="7"><From><User FriendlyName="Ruy- Tres Lagoas MS"/></From><To><User FriendlyName="Comercial l GRUPO GENESIS"/></To><Text Style="font-family:Segoe UI; color:#000000; ">COM QUEM ESTOU FALANDO?</Text></Message><Message Date="15/04/2013" Time="15:04:47" DateTime="2013-04-15T18:04:47.707Z" SessionID="7"><From><User FriendlyName="Comercial l GRUPO GENESIS"/></From><To><User FriendlyName="Ruy- Tres Lagoas MS"/></To><Text Style="font-family:Segoe UI; color:#000000; ">Daiana</Text></Message><Message Date="15/04/2013" Time="15:05:03" DateTime="2013-04-15T18:05:03.011Z" SessionID="7"><From><User FriendlyName="Ruy- Tres Lagoas MS"/></From><To><User FriendlyName="Comercial l GRUPO GENESIS"/></To><Text Style="font-family:Segoe UI; color:#000000; ">A ALEXANDRA SAIU?</Text></Message><Message Date="15/04/2013" Time="15:05:09" DateTime="2013-04-15T18:05:09.547Z" SessionID="7"><From><User FriendlyName="Comercial l GRUPO GENESIS"/></From><To><User FriendlyName="Ruy- Tres Lagoas MS"/></To><Text Style="font-family:Segoe UI; color:#000000; ">Sim,porque?</Text></Message><Message Date="15/04/2013" Time="15:05:21" DateTime="2013-04-15T18:05:21.013Z" SessionID="7"><From><User FriendlyName="Ruy- Tres Lagoas MS"/></From><To><User FriendlyName="Comercial l GRUPO GENESIS"/></To><Text Style="font-family:Segoe UI; color:#000000; ">É QUE EU SEMPRE CONVERSAVA COM ELA</Text></Message><Message Date="15/04/2013" Time="15:05:35" DateTime="2013-04-15T18:05:35.599Z" SessionID="7"><From><User FriendlyName="Ruy- Tres Lagoas MS"/></From><To><User FriendlyName="Comercial l GRUPO GENESIS"/></To><Text Style="font-family:Segoe UI; color:#000000; ">ELA VERIFICAVA AS PASSAGENS MAIS EM CONTA</Text></Message><Message Date="15/04/2013" Time="15:06:01" DateTime="2013-04-15T18:06:01.261Z" SessionID="7"><From><User FriendlyName="Ruy- Tres Lagoas MS"/></From><To><User FriendlyName="Comercial l GRUPO GENESIS"/></To><Text Style="font-family:Segoe UI; color:#000000; ">MAS, TUDO BEM</Text></Message><Message Date="15/04/2013" Time="15:06:10" DateTime="2013-04-15T18:06:10.356Z" SessionID="7"><From><User FriendlyName="Ruy- Tres Lagoas MS"/></From><To><User FriendlyName="Comercial l GRUPO GENESIS"/></To><Text Style="font-family:Segoe UI; color:#000000; ">VOU DEIXAR RESERVADO HOTEL</Text></Message><Message Date="15/04/2013" Time="15:06:26" DateTime="2013-04-15T18:06:26.221Z" SessionID="7"><From><User FriendlyName="Comercial l GRUPO GENESIS"/></From><To><User FriendlyName="Ruy- Tres Lagoas MS"/></To><Text Style="font-family:Segoe UI; color:#000000; ">mais fiz o mesmo.</Text></Message><Message Date="15/04/2013" Time="15:06:32" DateTime="2013-04-15T18:06:32.695Z" SessionID="7"><From><User FriendlyName="Comercial l GRUPO GENESIS"/></From><To><User FriendlyName="Ruy- Tres Lagoas MS"/></To><Text Style="font-family:Segoe UI; color:#000000; ">nao se preucupe</Text></Message><Message Date="15/04/2013" Time="15:06:36" DateTime="2013-04-15T18:06:36.533Z" SessionID="7"><From><User FriendlyName="Ruy- Tres Lagoas MS"/></From><To><User FriendlyName="Comercial l GRUPO GENESIS"/></To><Text Style="font-family:Segoe UI; color:#000000; ">OK</Text></Message><Message Date="15/04/2013" Time="15:06:46" DateTime="2013-04-15T18:06:46.330Z" SessionID="7"><From><User FriendlyName="Ruy- Tres Lagoas MS"/></From><To><User FriendlyName="Comercial l GRUPO GENESIS"/></To><Text Style="font-family:Segoe UI; color:#000000; ">OBRIGADO PELA SUA ATENÇÃO, TENHA UM BOM DIA</Text></Message><Message Date="15/04/2013" Time="15:06:54" DateTime="2013-04-15T18:06:54.348Z" SessionID="7"><From><User FriendlyName="Comercial l GRUPO GENESIS"/></From><To><User FriendlyName="Ruy- Tres Lagoas MS"/></To><Text Style="font-family:Segoe UI; color:#000000; ">igualmente</Text></Message><Message Date="15/04/2013" Time="15:06:59" DateTime="2013-04-15T18:06:59.808Z" SessionID="7"><From><User FriendlyName="Ruy- Tres Lagoas MS"/></From><To><User FriendlyName="Comercial l GRUPO GENESIS"/></To><Text Style="font-family:Segoe UI; color:#000000; ">OBRIGADO</Text></Message><Message Date="16/04/2013" Time="11:16:59" DateTime="2013-04-16T14:16:59.471Z" SessionID="8"><From><User FriendlyName="Ruy- Tres Lagoas MS"/></From><To><User FriendlyName="Comercial l GRUPO GENESIS"/></To><Text Style="font-family:Segoe UI; color:#000000; ">bom dia</Text></Message><Message Date="16/04/2013" Time="11:20:33" DateTime="2013-04-16T14:20:33.170Z" SessionID="8"><From><User FriendlyName="Comercial l GRUPO GENESIS"/></From><To><User FriendlyName="Ruy- Tres Lagoas MS"/></To><Text Style="font-family:Segoe UI; color:#000000; ">Oi</Text></Message><Message Date="16/04/2013" Time="11:20:35" DateTime="2013-04-16T14:20:35.032Z" SessionID="8"><From><User FriendlyName="Comercial l GRUPO GENESIS"/></From><To><User FriendlyName="Ruy- Tres Lagoas MS"/></To><Text Style="font-family:Segoe UI; color:#000000; ">bom dia</Text></Message><Message Date="16/04/2013" Time="11:25:38" DateTime="2013-04-16T14:25:38.709Z" SessionID="9"><From><User FriendlyName="Ruy- Tres Lagoas MS"/></From><To><User FriendlyName="Comercial l GRUPO GENESIS"/></To><Text Style="font-family:Segoe UI; color:#000000; ">o rapaz não chegou ainda</Text></Message><Message Date="16/04/2013" Time="11:26:05" DateTime="2013-04-16T14:26:05.868Z" SessionID="9"><From><User FriendlyName="Comercial l GRUPO GENESIS"/></From><To><User FriendlyName="Ruy- Tres Lagoas MS"/></To><Text Style="font-family:Segoe UI; color:#000000; ">então,ele deve ter pegado um onibus até sua cidade</Text></Message><Message Date="16/04/2013" Time="11:26:15" DateTime="2013-04-16T14:26:15.579Z" SessionID="9"><From><User FriendlyName="Comercial l GRUPO GENESIS"/></From><To><User FriendlyName="Ruy- Tres Lagoas MS"/></To><Text Style="font-family:Segoe UI; color:#000000; ">daqui a pouco deve estar chegando</Text></Message><Message Date="16/04/2013" Time="11:26:22" DateTime="2013-04-16T14:26:22.714Z" SessionID="9"><From><User FriendlyName="Ruy- Tres Lagoas MS"/></From><To><User FriendlyName="Comercial l GRUPO GENESIS"/></To><Text Style="font-family:Segoe UI; color:#000000; ">ok</Text></Message><Message Date="16/04/2013" Time="11:26:42" DateTime="2013-04-16T14:26:42.972Z" SessionID="9"><From><User FriendlyName="Ruy- Tres Lagoas MS"/></From><To><User FriendlyName="Comercial l GRUPO GENESIS"/></To><Text Style="font-family:Segoe UI; color:#000000; ">Mas será que vai dar tempo dele fazer os colégios até sábado</Text></Message><Message Date="16/04/2013" Time="11:29:50" DateTime="2013-04-16T14:29:50.233Z" SessionID="9"><From><User FriendlyName="Comercial l GRUPO GENESIS"/></From><To><User FriendlyName="Ruy- Tres Lagoas MS"/></To><Text Style="font-family:Segoe UI; color:#000000; ">sim</Text></Message><Message Date="16/04/2013" Time="11:31:34" DateTime="2013-04-16T14:31:34.026Z" SessionID="9"><From><User FriendlyName="Ruy- Tres Lagoas MS"/></From><To><User FriendlyName="Comercial l GRUPO GENESIS"/></To><Text Style="font-family:Segoe UI; color:#000000; ">ok</Text></Message><Message Date="07/05/2013" Time="09:17:54" DateTime="2013-05-07T12:17:54.818Z" SessionID="10"><From><User FriendlyName="Ruy- Tres Lagoas MS"/></From><To><User FriendlyName="Comercial l GRUPO GENESIS"/></To><Text Style="font-family:Segoe UI; color:#000000; ">bom dia</Text></Message><Message Date="07/05/2013" Time="09:18:02" DateTime="2013-05-07T12:18:02.485Z" SessionID="10"><From><User FriendlyName="Ruy- Tres Lagoas MS"/></From><To><User FriendlyName="Comercial l GRUPO GENESIS"/></To><Text Style="font-family:Segoe UI; color:#000000; ">tudo bem?</Text></Message><Message Date="07/05/2013" Time="09:22:26" DateTime="2013-05-07T12:22:26.380Z" SessionID="10"><From><User FriendlyName="Comercial l GRUPO GENESIS"/></From><To><User FriendlyName="Ruy- Tres Lagoas MS"/></To><Text Style="font-family:Segoe UI; color:#000000; ">Bom dia</Text></Message><Message Date="07/05/2013" Time="09:22:30" DateTime="2013-05-07T12:22:30.218Z" SessionID="10"><From><User FriendlyName="Comercial l GRUPO GENESIS"/></From><To><User FriendlyName="Ruy- Tres Lagoas MS"/></To><Text Style="font-family:Segoe UI; color:#000000; ">tudo bem?</Text></Message></Log>
