<?xml version="1.0"?>
<?xml-stylesheet type='text/xsl' href='MessageLog.xsl'?>
<Log FirstSessionID="1" LastSessionID="1"><Message Date="15/01/2013" Time="15:05:21" DateTime="2013-01-15T17:05:21.126Z" SessionID="1"><From><User FriendlyName="Comercial l GRUPO GENESIS"/></From><To><User FriendlyName="CENPRO CURSOS Agronomica- Rosa"/></To><Text Style="font-family:Segoe UI; color:#000000; ">ola</Text></Message><Message Date="15/01/2013" Time="15:05:23" DateTime="2013-01-15T17:05:23.708Z" SessionID="1"><From><User FriendlyName="Comercial l GRUPO GENESIS"/></From><To><User FriendlyName="CENPRO CURSOS Agronomica- Rosa"/></To><Text Style="font-family:Segoe UI; color:#000000; ">boa tarde</Text></Message><Message Date="15/01/2013" Time="15:07:52" DateTime="2013-01-15T17:07:52.904Z" SessionID="1"><From><User FriendlyName="CENPRO CURSOS Agronomica- Rosa"/></From><To><User FriendlyName="Comercial l GRUPO GENESIS"/></To><Text Style="font-family:Segoe UI; font-weight:bold; color:#ff0000; ">ola</Text></Message><Message Date="15/01/2013" Time="15:07:55" DateTime="2013-01-15T17:07:55.500Z" SessionID="1"><From><User FriendlyName="CENPRO CURSOS Agronomica- Rosa"/></From><To><User FriendlyName="Comercial l GRUPO GENESIS"/></To><Text Style="font-family:Segoe UI; font-weight:bold; color:#ff0000; ">boa tarde</Text></Message><Message Date="15/01/2013" Time="15:08:50" DateTime="2013-01-15T17:08:50.729Z" SessionID="1"><From><User FriendlyName="Comercial l GRUPO GENESIS"/></From><To><User FriendlyName="CENPRO CURSOS Agronomica- Rosa"/></To><Text Style="font-family:Segoe UI; color:#000000; ">tudo bem?</Text></Message><Message Date="15/01/2013" Time="15:11:09" DateTime="2013-01-15T17:11:09.621Z" SessionID="1"><From><User FriendlyName="CENPRO CURSOS Agronomica- Rosa"/></From><To><User FriendlyName="Comercial l GRUPO GENESIS"/></To><Text Style="font-family:Segoe UI; font-weight:bold; color:#ff0000; ">tudo e vc?</Text></Message><Message Date="15/01/2013" Time="15:11:23" DateTime="2013-01-15T17:11:23.603Z" SessionID="1"><From><User FriendlyName="Comercial l GRUPO GENESIS"/></From><To><User FriendlyName="CENPRO CURSOS Agronomica- Rosa"/></To><Text Style="font-family:Segoe UI; color:#000000; ">que bom</Text></Message><Message Date="15/01/2013" Time="15:11:30" DateTime="2013-01-15T17:11:30.623Z" SessionID="1"><From><User FriendlyName="Comercial l GRUPO GENESIS"/></From><To><User FriendlyName="CENPRO CURSOS Agronomica- Rosa"/></To><Text Style="font-family:Segoe UI; color:#000000; ">tudo bmm</Text></Message><Message Date="15/01/2013" Time="15:11:58" DateTime="2013-01-15T17:11:58.243Z" SessionID="1"><From><User FriendlyName="Comercial l GRUPO GENESIS"/></From><To><User FriendlyName="CENPRO CURSOS Agronomica- Rosa"/></To><Text Style="font-family:Segoe UI; color:#000000; ">ja agendou uma campanha para 2013??</Text></Message><Message Date="15/01/2013" Time="15:15:33" DateTime="2013-01-15T17:15:33.381Z" SessionID="1"><From><User FriendlyName="CENPRO CURSOS Agronomica- Rosa"/></From><To><User FriendlyName="Comercial l GRUPO GENESIS"/></To><Text Style="font-family:Segoe UI; font-weight:bold; color:#ff0000; ">nao</Text></Message><Message Date="15/01/2013" Time="15:27:09" DateTime="2013-01-15T17:27:09.141Z" SessionID="1"><From><User FriendlyName="Comercial l GRUPO GENESIS"/></From><To><User FriendlyName="CENPRO CURSOS Agronomica- Rosa"/></To><Text Style="font-family:Segoe UI; color:#000000; ">quer agendar?estamos com boas datas pra começo do ano</Text></Message><Message Date="15/01/2013" Time="15:27:20" DateTime="2013-01-15T17:27:20.501Z" SessionID="1"><From><User FriendlyName="CENPRO CURSOS Agronomica- Rosa"/></From><To><User FriendlyName="Comercial l GRUPO GENESIS"/></To><Text Style="font-family:Segoe UI; font-weight:bold; color:#ff0000; ">não obrigao</Text></Message><Message Date="15/01/2013" Time="15:28:19" DateTime="2013-01-15T17:28:19.590Z" SessionID="1"><From><User FriendlyName="Comercial l GRUPO GENESIS"/></From><To><User FriendlyName="CENPRO CURSOS Agronomica- Rosa"/></To><Text Style="font-family:Segoe UI; color:#000000; ">mais porque?</Text></Message><Message Date="15/01/2013" Time="15:29:19" DateTime="2013-01-15T17:29:19.222Z" SessionID="1"><From><User FriendlyName="CENPRO CURSOS Agronomica- Rosa"/></From><To><User FriendlyName="Comercial l GRUPO GENESIS"/></To><Text Style="font-family:Segoe UI; font-weight:bold; color:#ff0000; ">por que não estou precisando</Text></Message><Message Date="15/01/2013" Time="15:29:24" DateTime="2013-01-15T17:29:24.996Z" SessionID="1"><From><User FriendlyName="CENPRO CURSOS Agronomica- Rosa"/></From><To><User FriendlyName="Comercial l GRUPO GENESIS"/></To><Text Style="font-family:Segoe UI; font-weight:bold; color:#ff0000; ">nao tenho vagas</Text></Message><Message Date="15/01/2013" Time="15:29:36" DateTime="2013-01-15T17:29:36.186Z" SessionID="1"><From><User FriendlyName="Comercial l GRUPO GENESIS"/></From><To><User FriendlyName="CENPRO CURSOS Agronomica- Rosa"/></To><Text Style="font-family:Segoe UI; color:#000000; ">a sim,entendi</Text></Message><Message Date="15/01/2013" Time="15:29:44" DateTime="2013-01-15T17:29:44.216Z" SessionID="1"><From><User FriendlyName="Comercial l GRUPO GENESIS"/></From><To><User FriendlyName="CENPRO CURSOS Agronomica- Rosa"/></To><Text Style="font-family:Segoe UI; color:#000000; ">obrigado pela atenção</Text></Message><Message Date="15/01/2013" Time="15:29:49" DateTime="2013-01-15T17:29:49.094Z" SessionID="1"><From><User FriendlyName="Comercial l GRUPO GENESIS"/></From><To><User FriendlyName="CENPRO CURSOS Agronomica- Rosa"/></To><Text Style="font-family:Segoe UI; color:#000000; ">uma boa tarde</Text></Message><Message Date="15/01/2013" Time="15:29:51" DateTime="2013-01-15T17:29:51.264Z" SessionID="1"><From><User FriendlyName="Comercial l GRUPO GENESIS"/></From><To><User FriendlyName="CENPRO CURSOS Agronomica- Rosa"/></To><Text Style="font-family:Segoe UI; color:#000000; ">até mais</Text></Message><Message Date="15/01/2013" Time="15:31:41" DateTime="2013-01-15T17:31:41.451Z" SessionID="1"><From><User FriendlyName="CENPRO CURSOS Agronomica- Rosa"/></From><To><User FriendlyName="Comercial l GRUPO GENESIS"/></To><Text Style="font-family:Segoe UI; font-weight:bold; color:#ff0000; ">t</Text></Message></Log>
