<?xml version="1.0"?>
<?xml-stylesheet type='text/xsl' href='MessageLog.xsl'?>
<Log FirstSessionID="1" LastSessionID="1"><Message Date="09/04/2013" Time="09:24:23" DateTime="2013-04-09T12:24:23.397Z" SessionID="1"><From><User FriendlyName="Comercial l GRUPO GENESIS"/></From><To><User FriendlyName="Evandro Ricardo"/></To><Text Style="font-family:Segoe UI; color:#000000; ">Oi</Text></Message><Message Date="09/04/2013" Time="09:24:25" DateTime="2013-04-09T12:24:25.316Z" SessionID="1"><From><User FriendlyName="Comercial l GRUPO GENESIS"/></From><To><User FriendlyName="Evandro Ricardo"/></To><Text Style="font-family:Segoe UI; color:#000000; ">bom dia</Text></Message></Log>
