<?xml version="1.0"?>
<?xml-stylesheet type='text/xsl' href='MessageLog.xsl'?>
<Log FirstSessionID="1" LastSessionID="3"><Message Date="14/03/2013" Time="14:52:11" DateTime="2013-03-14T17:52:11.057Z" SessionID="1"><From><User FriendlyName="Comercial l GRUPO GENESIS"/></From><To><User FriendlyName="cleriston escola Bahia"/></To><Text Style="font-family:Segoe UI; color:#000000; ">Ola</Text></Message><Message Date="14/03/2013" Time="14:52:15" DateTime="2013-03-14T17:52:15.971Z" SessionID="1"><From><User FriendlyName="Comercial l GRUPO GENESIS"/></From><To><User FriendlyName="cleriston escola Bahia"/></To><Text Style="font-family:Segoe UI; color:#000000; "> boa tarde</Text></Message><Message Date="14/03/2013" Time="14:52:26" DateTime="2013-03-14T17:52:26.906Z" SessionID="1"><From><User FriendlyName="cleriston escola Bahia"/></From><To><User FriendlyName="Comercial l GRUPO GENESIS"/></To><Text>boa</Text></Message><Message Date="14/03/2013" Time="14:52:33" DateTime="2013-03-14T17:52:33.868Z" SessionID="1"><From><User FriendlyName="Comercial l GRUPO GENESIS"/></From><To><User FriendlyName="cleriston escola Bahia"/></To><Text Style="font-family:Segoe UI; color:#000000; ">tudo bem?</Text></Message><Message Date="14/03/2013" Time="14:52:53" DateTime="2013-03-14T17:52:53.524Z" SessionID="1"><From><User FriendlyName="cleriston escola Bahia"/></From><To><User FriendlyName="Comercial l GRUPO GENESIS"/></To><Text>tudo</Text></Message><Message Date="14/03/2013" Time="14:53:54" DateTime="2013-03-14T17:53:54.675Z" SessionID="1"><From><User FriendlyName="Comercial l GRUPO GENESIS"/></From><To><User FriendlyName="cleriston escola Bahia"/></To><Text Style="font-family:Segoe UI; color:#000000; ">que bom</Text></Message><Message Date="14/03/2013" Time="14:55:19" DateTime="2013-03-14T17:55:19.883Z" SessionID="1"><From><User FriendlyName="Comercial l GRUPO GENESIS"/></From><To><User FriendlyName="cleriston escola Bahia"/></To><Text Style="font-family:Segoe UI; color:#000000; ">Ja agendou sua campanha</Text></Message><Message Date="14/03/2013" Time="14:56:43" DateTime="2013-03-14T17:56:43.374Z" SessionID="1"><From><User FriendlyName="Comercial l GRUPO GENESIS"/></From><To><User FriendlyName="cleriston escola Bahia"/></To><Text Style="font-family:Segoe UI; color:#000000; ">2013?</Text></Message><Message Date="14/03/2013" Time="15:06:26" DateTime="2013-03-14T18:06:26.758Z" SessionID="1"><From><User FriendlyName="cleriston escola Bahia"/></From><To><User FriendlyName="Comercial l GRUPO GENESIS"/></To><Text>preciso div jacobina e teixeira de freitas</Text></Message><Message Date="14/03/2013" Time="15:06:52" DateTime="2013-03-14T18:06:52.425Z" SessionID="1"><From><User FriendlyName="Comercial l GRUPO GENESIS"/></From><To><User FriendlyName="cleriston escola Bahia"/></To><Text Style="font-family:Segoe UI; color:#000000; ">certo</Text></Message><Message Date="14/03/2013" Time="15:06:57" DateTime="2013-03-14T18:06:57.430Z" SessionID="1"><From><User FriendlyName="Comercial l GRUPO GENESIS"/></From><To><User FriendlyName="cleriston escola Bahia"/></To><Text Style="font-family:Segoe UI; color:#000000; ">podemos agendar</Text></Message><Message Date="14/03/2013" Time="15:11:12" DateTime="2013-03-14T18:11:12.112Z" SessionID="1"><From><User FriendlyName="cleriston escola Bahia"/></From><To><User FriendlyName="Comercial l GRUPO GENESIS"/></To><Text>sim</Text></Message><Message Date="14/03/2013" Time="15:14:59" DateTime="2013-03-14T18:14:59.299Z" SessionID="1"><From><User FriendlyName="Comercial l GRUPO GENESIS"/></From><To><User FriendlyName="cleriston escola Bahia"/></To><Text Style="font-family:Segoe UI; color:#000000; ">então..</Text></Message><Message Date="14/03/2013" Time="15:15:30" DateTime="2013-03-14T18:15:30.220Z" SessionID="1"><From><User FriendlyName="Comercial l GRUPO GENESIS"/></From><To><User FriendlyName="cleriston escola Bahia"/></To><Text Style="font-family:Segoe UI; color:#000000; ">voce tem alguma duvida,ou ja podemos confirmar na agenda</Text></Message><Message Date="14/03/2013" Time="15:21:05" DateTime="2013-03-14T18:21:05.725Z" SessionID="1"><From><User FriendlyName="Comercial l GRUPO GENESIS"/></From><To><User FriendlyName="cleriston escola Bahia"/></To><Text Style="font-family:Segoe UI; color:#000000; ">???</Text></Message><Message Date="14/03/2013" Time="15:23:55" DateTime="2013-03-14T18:23:55.338Z" SessionID="1"><From><User FriendlyName="Comercial l GRUPO GENESIS"/></From><To><User FriendlyName="cleriston escola Bahia"/></To><Text Style="font-family:Segoe UI; color:#000000; ">então..
voce tem alguma duvida,ou ja podemos confirmar na agenda
???</Text></Message><Message Date="20/03/2013" Time="16:23:46" DateTime="2013-03-20T19:23:46.339Z" SessionID="2"><From><User FriendlyName="Comercial l GRUPO GENESIS"/></From><To><User FriendlyName="cleriston escola Bahia"/></To><Text Style="font-family:Segoe UI; color:#000000; ">Oi</Text></Message><Message Date="20/03/2013" Time="16:23:50" DateTime="2013-03-20T19:23:50.473Z" SessionID="2"><From><User FriendlyName="Comercial l GRUPO GENESIS"/></From><To><User FriendlyName="cleriston escola Bahia"/></To><Text Style="font-family:Segoe UI; color:#000000; ">Boa tarde</Text></Message><Message Date="18/04/2013" Time="10:46:21" DateTime="2013-04-18T13:46:21.298Z" SessionID="3"><From><User FriendlyName="Comercial l GRUPO GENESIS"/></From><To><User FriendlyName="cleriston escola Bahia"/></To><Text Style="font-family:Segoe UI; color:#000000; ">Ooii bom dia</Text></Message><Message Date="18/04/2013" Time="10:46:34" DateTime="2013-04-18T13:46:34.521Z" SessionID="3"><From><User FriendlyName="cleriston escola Bahia"/></From><To><User FriendlyName="Comercial l GRUPO GENESIS"/></To><Text Style="font-family:Segoe UI; color:#000000; ">bom dia</Text></Message><Message Date="18/04/2013" Time="10:47:01" DateTime="2013-04-18T13:47:01.068Z" SessionID="3"><From><User FriendlyName="Comercial l GRUPO GENESIS"/></From><To><User FriendlyName="cleriston escola Bahia"/></To><Text Style="font-family:Segoe UI; color:#000000; ">tudo bem?</Text></Message><Message Date="18/04/2013" Time="10:52:31" DateTime="2013-04-18T13:52:31.864Z" SessionID="3"><From><User FriendlyName="Comercial l GRUPO GENESIS"/></From><To><User FriendlyName="cleriston escola Bahia"/></To><Text Style="font-family:Segoe UI; color:#000000; ">ja agendou dua data pra esse ano?</Text></Message><Message Date="18/04/2013" Time="10:52:51" DateTime="2013-04-18T13:52:51.160Z" SessionID="3"><From><User FriendlyName="cleriston escola Bahia"/></From><To><User FriendlyName="Comercial l GRUPO GENESIS"/></To><Text>olha sou da bahia</Text></Message><Message Date="18/04/2013" Time="10:52:56" DateTime="2013-04-18T13:52:56.012Z" SessionID="3"><From><User FriendlyName="cleriston escola Bahia"/></From><To><User FriendlyName="Comercial l GRUPO GENESIS"/></To><Text>vcs divulgão aqui</Text></Message><Message Date="18/04/2013" Time="10:53:12" DateTime="2013-04-18T13:53:12.391Z" SessionID="3"><From><User FriendlyName="Comercial l GRUPO GENESIS"/></From><To><User FriendlyName="cleriston escola Bahia"/></To><Text Style="font-family:Segoe UI; color:#000000; ">sim,pelo barsil inteiro</Text></Message><Message Date="18/04/2013" Time="10:53:36" DateTime="2013-04-18T13:53:36.055Z" SessionID="3"><From><User FriendlyName="Comercial l GRUPO GENESIS"/></From><To><User FriendlyName="cleriston escola Bahia"/></To><Text Style="font-family:Segoe UI; color:#000000; ">seria um prazer fazer uma parceria com sua escola</Text></Message><Message Date="18/04/2013" Time="10:53:52" DateTime="2013-04-18T13:53:52.529Z" SessionID="3"><From><User FriendlyName="cleriston escola Bahia"/></From><To><User FriendlyName="Comercial l GRUPO GENESIS"/></To><Text>ok</Text></Message><Message Date="18/04/2013" Time="10:54:01" DateTime="2013-04-18T13:54:01.735Z" SessionID="3"><From><User FriendlyName="cleriston escola Bahia"/></From><To><User FriendlyName="Comercial l GRUPO GENESIS"/></To><Text>como vcs divulgam</Text></Message><Message Date="18/04/2013" Time="10:54:43" DateTime="2013-04-18T13:54:43.166Z" SessionID="3"><From><User FriendlyName="Comercial l GRUPO GENESIS"/></From><To><User FriendlyName="cleriston escola Bahia"/></To><Text Style="font-family:Segoe UI; color:#000000; ">Para o senhor entender melhor , nós temos uma campanha chamada Clube Estudantil e através desse clube os alunos terão mais vantagens de estudar em sua escola, além de aprender os cursos que você oferece, os alunos recebem um reforço escolar através de um portal exclusivo de nossa empresa, onde eles terão professores online em matemática e português, ou seja,adquirindo nossa campanha o senhor recebe um portal totalmente gratuito livre de taxas e manutenções.</Text></Message><Message Date="18/04/2013" Time="10:56:55" DateTime="2013-04-18T13:56:55.401Z" SessionID="3"><From><User FriendlyName="cleriston escola Bahia"/></From><To><User FriendlyName="Comercial l GRUPO GENESIS"/></To><Text>e</Text></Message><Message Date="18/04/2013" Time="10:57:11" DateTime="2013-04-18T13:57:11.722Z" SessionID="3"><From><User FriendlyName="Comercial l GRUPO GENESIS"/></From><To><User FriendlyName="cleriston escola Bahia"/></To><Text Style="font-family:Segoe UI; color:#000000; ">alguma duvida até o momento?</Text></Message><Message Date="18/04/2013" Time="11:00:23" DateTime="2013-04-18T14:00:23.933Z" SessionID="3"><From><User FriendlyName="cleriston escola Bahia"/></From><To><User FriendlyName="Comercial l GRUPO GENESIS"/></To><Text>nao</Text></Message><Message Date="18/04/2013" Time="11:00:38" DateTime="2013-04-18T14:00:38.268Z" SessionID="3"><From><User FriendlyName="cleriston escola Bahia"/></From><To><User FriendlyName="Comercial l GRUPO GENESIS"/></To><Text>quero saber se vcs vem acidade divulgar ou so dão acessoria a distancia</Text></Message><Message Date="18/04/2013" Time="11:01:16" DateTime="2013-04-18T14:01:16.906Z" SessionID="3"><From><User FriendlyName="Comercial l GRUPO GENESIS"/></From><To><User FriendlyName="cleriston escola Bahia"/></To><Text Style="font-family:Segoe UI; color:#000000; ">vamos até a cidade </Text></Message><Message Date="18/04/2013" Time="11:02:10" DateTime="2013-04-18T14:02:10.817Z" SessionID="3"><From><User FriendlyName="cleriston escola Bahia"/></From><To><User FriendlyName="Comercial l GRUPO GENESIS"/></To><Text>sim</Text></Message><Message Date="18/04/2013" Time="11:02:14" DateTime="2013-04-18T14:02:14.946Z" SessionID="3"><From><User FriendlyName="cleriston escola Bahia"/></From><To><User FriendlyName="Comercial l GRUPO GENESIS"/></To><Text>e como funciona</Text></Message><Message Date="18/04/2013" Time="11:02:31" DateTime="2013-04-18T14:02:31.611Z" SessionID="3"><From><User FriendlyName="cleriston escola Bahia"/></From><To><User FriendlyName="Comercial l GRUPO GENESIS"/></To><Text>pode ser bem clara pois ja tenho tempo no ramo e entendo facil</Text></Message><Message Date="18/04/2013" Time="11:11:19" DateTime="2013-04-18T14:11:19.151Z" SessionID="3"><From><User FriendlyName="Comercial l GRUPO GENESIS"/></From><To><User FriendlyName="cleriston escola Bahia"/></To><Text Style="font-family:Segoe UI; color:#000000; ">
O gerente chega na sua escola terça-feira pela manha,tem uma reunião completa para conhecer todos os beneficios da sua escola,em seguida ele vai agregar esses beneficios ao nosso projeto, durante a semana ele visita as escolas,importante lembrar que não entramos em sala de aula,, não pegamos nome e nem telefone dos alunos, apenas reunimos alguns aleatoriamente em uma sala separada, explicamos os benefícios do Portal e da sua escola em uma explicação breve de 7 minutos, entregamos um convite para identificar os beneficiados e convidamos todos a comparecerem no sábado com seus responsáveis para finalizar o credenciamento ao Projeto.</Text></Message><Message Date="18/04/2013" Time="11:13:15" DateTime="2013-04-18T14:13:15.893Z" SessionID="3"><From><User FriendlyName="cleriston escola Bahia"/></From><To><User FriendlyName="Comercial l GRUPO GENESIS"/></To><Text>OK</Text></Message><Message Date="18/04/2013" Time="11:13:23" DateTime="2013-04-18T14:13:23.384Z" SessionID="3"><From><User FriendlyName="cleriston escola Bahia"/></From><To><User FriendlyName="Comercial l GRUPO GENESIS"/></To><Text>CUSTOS?</Text></Message><Message Date="18/04/2013" Time="11:19:59" DateTime="2013-04-18T14:19:59.770Z" SessionID="3"><From><User FriendlyName="cleriston escola Bahia"/></From><To><User FriendlyName="Comercial l GRUPO GENESIS"/></To><Text>E OS CUSTOS</Text></Message><Message Date="18/04/2013" Time="11:32:18" DateTime="2013-04-18T14:32:18.789Z" SessionID="3"><From><User FriendlyName="Comercial l GRUPO GENESIS"/></From><To><User FriendlyName="cleriston escola Bahia"/></To><Text Style="font-family:Segoe UI; color:#000000; ">Recebemos de cada aluno beneficiado o valor da 1ª parcela + R$ 25,00 de taxa administrativa que é cobrado do aluno , só entraram no projetos os alunos que pagarem todo esse valor , ou der  um sinal ou seja uma parte , não vamos ter matriculas NÃO PAGAS no dia  , e se o aluno der parte do valor o senhor tem 3 opções para cobrir esse valor a nossa empresa, tem a opção de cobrir em cheque até 3x sem juros, a opção á vista com um grande desconto , e a opção em cartão de crédito até 12 x sem juros.
 Alguma duvida até o momento?
 Para finalizar , precisamos de um apoio da sua escola para chegada do nosso gerente:
- Hospedagem 
- viagem ida e volta 
e material para campanha, o convite é impresso em sua escola (preto e branco)+ adesivo que já levamos pronto valor de R$0,25 centavos cada
</Text></Message><Message Date="18/04/2013" Time="11:40:24" DateTime="2013-04-18T14:40:24.440Z" SessionID="3"><From><User FriendlyName="Comercial l GRUPO GENESIS"/></From><To><User FriendlyName="cleriston escola Bahia"/></To><Text Style="font-family:Segoe UI; color:#000000; ">ALGUMA DUVIDA?</Text></Message><Message Date="18/04/2013" Time="11:40:32" DateTime="2013-04-18T14:40:32.794Z" SessionID="3"><From><User FriendlyName="cleriston escola Bahia"/></From><To><User FriendlyName="Comercial l GRUPO GENESIS"/></To><Text>NÃO</Text></Message><Message Date="18/04/2013" Time="11:42:00" DateTime="2013-04-18T14:42:00.340Z" SessionID="3"><From><User FriendlyName="Comercial l GRUPO GENESIS"/></From><To><User FriendlyName="cleriston escola Bahia"/></To><Text Style="font-family:Segoe UI; color:#000000; ">preciso saber se o senhor quer fazer 1 ou 2 campanhas, pois hoje temos outra campanha bem diferenciada EDUCAÇÃO EM FOCO com outra equipe, e é aconselhado fazer 2 campanhas ao ano de MARKETING EDUCACIONAL, até para entrar um capital maior na escola</Text></Message><Message Date="18/04/2013" Time="11:43:44" DateTime="2013-04-18T14:43:44.163Z" SessionID="3"><From><User FriendlyName="cleriston escola Bahia"/></From><To><User FriendlyName="Comercial l GRUPO GENESIS"/></To><Text>PRONTO IREI CONVERSAR COM MEU SOCIO MAIS TARDE E TE RETORNO DANDO UMA RESPOSTA FINAL PRA VER AS DATAS</Text></Message><Message Date="18/04/2013" Time="11:44:17" DateTime="2013-04-18T14:44:17.145Z" SessionID="3"><From><User FriendlyName="Comercial l GRUPO GENESIS"/></From><To><User FriendlyName="cleriston escola Bahia"/></To><Text Style="font-family:Segoe UI; color:#000000; ">SIM,VOCE PODE ME PASSAR UM TELEFONE PRA CONTATO?</Text></Message><Message Date="18/04/2013" Time="11:45:12" DateTime="2013-04-18T14:45:12.212Z" SessionID="3"><From><User FriendlyName="cleriston escola Bahia"/></From><To><User FriendlyName="Comercial l GRUPO GENESIS"/></To><Text>74-9114-0204 TIM</Text></Message><Message Date="18/04/2013" Time="11:47:16" DateTime="2013-04-18T14:47:16.645Z" SessionID="3"><From><User FriendlyName="Comercial l GRUPO GENESIS"/></From><To><User FriendlyName="cleriston escola Bahia"/></To><Text Style="font-family:Segoe UI; color:#000000; ">OK,VOCE VAI ENTRAR NO MSN A TARDE PRA ME DAR UM RETORNO?</Text></Message></Log>
