<?xml version="1.0"?>
<?xml-stylesheet type='text/xsl' href='MessageLog.xsl'?>
<Log FirstSessionID="1" LastSessionID="3"><Message Date="10/04/2013" Time="08:53:15" DateTime="2013-04-10T11:53:15.736Z" SessionID="1"><From><User FriendlyName="Comercial l GRUPO GENESIS"/></From><To><User FriendlyName="Comercial 01 l EDUCA GENESIS"/></To><Text Style="font-family:Segoe UI; color:#000000; ">ooi</Text></Message><Message Date="13/05/2013" Time="13:40:48" DateTime="2013-05-13T16:40:48.839Z" SessionID="2"><From><User FriendlyName="Comercial l GRUPO GENESIS"/></From><To><User FriendlyName="Comercial 01 l EDUCA GENESIS"/></To><Text Style="font-family:Segoe UI; color:#000000; ">Cascavel-PR
Av. Presidente Juscelino Kubistischek n. 775 - Coqueiral (em frente ao terminal oeste)
Fone: (45)3038-2210</Text></Message><Message Date="17/05/2013" Time="10:45:54" DateTime="2013-05-17T13:45:54.232Z" SessionID="3"><From><User FriendlyName="Comercial l GRUPO GENESIS"/></From><To><User FriendlyName="Comercial 01 l EDUCA GENESIS"/></To><Text Style="font-family:Segoe UI; color:#000000; ">Nome: Nestor Fernandes de Moura N
E-mail: institutomagis@bol.com.br
Telefone: (38)3213-9496</Text></Message></Log>
