<?xml version="1.0"?>
<?xml-stylesheet type='text/xsl' href='MessageLog.xsl'?>
<Log FirstSessionID="1" LastSessionID="2"><Message Date="25/01/2013" Time="14:08:35" DateTime="2013-01-25T16:08:35.604Z" SessionID="1"><From><User FriendlyName="Comercial l GRUPO GENESIS"/></From><To><User FriendlyName="Megasystem Contato novo RS"/></To><Text Style="font-family:Segoe UI; color:#000000; ">ola</Text></Message><Message Date="25/01/2013" Time="14:08:43" DateTime="2013-01-25T16:08:43.466Z" SessionID="1"><From><User FriendlyName="Comercial l GRUPO GENESIS"/></From><To><User FriendlyName="Megasystem Contato novo RS"/></To><Text Style="font-family:Segoe UI; color:#000000; ">Boa tarde</Text></Message><Message Date="25/01/2013" Time="14:08:54" DateTime="2013-01-25T16:08:54.433Z" SessionID="1"><From><User FriendlyName="Megasystem Contato novo RS"/></From><To><User FriendlyName="Comercial l GRUPO GENESIS"/></To><Text Style="font-family:Calibri; color:#0000ff; ">OI</Text></Message><Message Date="25/01/2013" Time="14:08:57" DateTime="2013-01-25T16:08:57.397Z" SessionID="1"><From><User FriendlyName="Megasystem Contato novo RS"/></From><To><User FriendlyName="Comercial l GRUPO GENESIS"/></To><Text Style="font-family:Calibri; color:#0000ff; ">BOA TARDE</Text></Message><Message Date="25/01/2013" Time="14:09:03" DateTime="2013-01-25T16:09:03.013Z" SessionID="1"><From><User FriendlyName="Comercial l GRUPO GENESIS"/></From><To><User FriendlyName="Megasystem Contato novo RS"/></To><Text Style="font-family:Segoe UI; color:#000000; ">tudo bem?</Text></Message><Message Date="25/01/2013" Time="14:09:16" DateTime="2013-01-25T16:09:16.737Z" SessionID="1"><From><User FriendlyName="Megasystem Contato novo RS"/></From><To><User FriendlyName="Comercial l GRUPO GENESIS"/></To><Text Style="font-family:Calibri; color:#0000ff; ">SIM, E VC?</Text></Message><Message Date="25/01/2013" Time="14:09:24" DateTime="2013-01-25T16:09:24.552Z" SessionID="1"><From><User FriendlyName="Comercial l GRUPO GENESIS"/></From><To><User FriendlyName="Megasystem Contato novo RS"/></To><Text Style="font-family:Segoe UI; color:#000000; ">que bom</Text></Message><Message Date="25/01/2013" Time="14:09:27" DateTime="2013-01-25T16:09:27.922Z" SessionID="1"><From><User FriendlyName="Comercial l GRUPO GENESIS"/></From><To><User FriendlyName="Megasystem Contato novo RS"/></To><Text Style="font-family:Segoe UI; color:#000000; ">eu to bem</Text></Message><Message Date="25/01/2013" Time="14:09:38" DateTime="2013-01-25T16:09:38.000Z" SessionID="1"><From><User FriendlyName="Comercial l GRUPO GENESIS"/></From><To><User FriendlyName="Megasystem Contato novo RS"/></To><Text Style="font-family:Segoe UI; color:#000000; ">com quem eu falo?</Text></Message><Message Date="25/01/2013" Time="14:09:46" DateTime="2013-01-25T16:09:46.611Z" SessionID="1"><From><User FriendlyName="Megasystem Contato novo RS"/></From><To><User FriendlyName="Comercial l GRUPO GENESIS"/></To><Text Style="font-family:Calibri; color:#0000ff; ">SAMARA</Text></Message><Message Date="25/01/2013" Time="14:10:03" DateTime="2013-01-25T16:10:03.069Z" SessionID="1"><From><User FriendlyName="Comercial l GRUPO GENESIS"/></From><To><User FriendlyName="Megasystem Contato novo RS"/></To><Text Style="font-family:Segoe UI; color:#000000; ">de onde?</Text></Message><Message Date="25/01/2013" Time="14:10:12" DateTime="2013-01-25T16:10:12.819Z" SessionID="1"><From><User FriendlyName="Megasystem Contato novo RS"/></From><To><User FriendlyName="Comercial l GRUPO GENESIS"/></To><Text Style="font-family:Calibri; color:#0000ff; ">TAPEJARA</Text></Message><Message Date="25/01/2013" Time="14:11:55" DateTime="2013-01-25T16:11:55.571Z" SessionID="1"><From><User FriendlyName="Comercial l GRUPO GENESIS"/></From><To><User FriendlyName="Megasystem Contato novo RS"/></To><Text Style="font-family:Segoe UI; color:#000000; ">Prazer Daina</Text></Message><Message Date="25/01/2013" Time="14:12:11" DateTime="2013-01-25T16:12:11.829Z" SessionID="1"><From><User FriendlyName="Megasystem Contato novo RS"/></From><To><User FriendlyName="Comercial l GRUPO GENESIS"/></To><Text Style="font-family:Calibri; color:#0000ff; ">O prazer é todo meu</Text></Message><Message Date="25/01/2013" Time="14:13:43" DateTime="2013-01-25T16:13:43.028Z" SessionID="1"><From><User FriendlyName="Comercial l GRUPO GENESIS"/></From><To><User FriendlyName="Megasystem Contato novo RS"/></To><Text Style="font-family:Segoe UI; color:#000000; ">Ja agendou sua campanha 2013?</Text></Message><Message Date="25/01/2013" Time="14:15:00" DateTime="2013-01-25T16:15:00.696Z" SessionID="1"><From><User FriendlyName="Megasystem Contato novo RS"/></From><To><User FriendlyName="Comercial l GRUPO GENESIS"/></To><Text Style="font-family:Calibri; color:#0000ff; ">Esse assunto teria que ser com o Jair só que ele tá em aula agora</Text></Message><Message Date="25/01/2013" Time="14:15:23" DateTime="2013-01-25T16:15:23.483Z" SessionID="1"><From><User FriendlyName="Megasystem Contato novo RS"/></From><To><User FriendlyName="Comercial l GRUPO GENESIS"/></To><Text Style="font-family:Calibri; color:#0000ff; ">assim que se libera peço pra ele te chama no MSN pode ser?</Text></Message><Message Date="25/01/2013" Time="14:15:45" DateTime="2013-01-25T16:15:45.742Z" SessionID="1"><From><User FriendlyName="Comercial l GRUPO GENESIS"/></From><To><User FriendlyName="Megasystem Contato novo RS"/></To><Text Style="font-family:Segoe UI; color:#000000; ">sim,claro</Text></Message><Message Date="25/01/2013" Time="14:15:53" DateTime="2013-01-25T16:15:53.936Z" SessionID="1"><From><User FriendlyName="Comercial l GRUPO GENESIS"/></From><To><User FriendlyName="Megasystem Contato novo RS"/></To><Text Style="font-family:Segoe UI; color:#000000; ">voce me faria esse favor?</Text></Message><Message Date="25/01/2013" Time="14:16:29" DateTime="2013-01-25T16:16:29.857Z" SessionID="1"><From><User FriendlyName="Megasystem Contato novo RS"/></From><To><User FriendlyName="Comercial l GRUPO GENESIS"/></To><Text Style="font-family:Calibri; color:#0000ff; ">sim...</Text></Message><Message Date="25/01/2013" Time="14:17:06" DateTime="2013-01-25T16:17:06.957Z" SessionID="1"><From><User FriendlyName="Comercial l GRUPO GENESIS"/></From><To><User FriendlyName="Megasystem Contato novo RS"/></To><Text Style="font-family:Segoe UI; color:#000000; ">que bom,fico muito grata</Text></Message><Message Date="25/01/2013" Time="14:17:51" DateTime="2013-01-25T16:17:51.635Z" SessionID="1"><From><User FriendlyName="Comercial l GRUPO GENESIS"/></From><To><User FriendlyName="Megasystem Contato novo RS"/></To><Text Style="font-family:Segoe UI; color:#000000; ">vou aguardar então,até mais</Text></Message><Message Date="25/01/2013" Time="14:18:12" DateTime="2013-01-25T16:18:12.227Z" SessionID="1"><From><User FriendlyName="Megasystem Contato novo RS"/></From><To><User FriendlyName="Comercial l GRUPO GENESIS"/></To><Text Style="font-family:Calibri; color:#0000ff; ">até</Text></Message><Message Date="04/02/2013" Time="10:49:59" DateTime="2013-02-04T12:49:59.737Z" SessionID="2"><From><User FriendlyName="Comercial l GRUPO GENESIS"/></From><To><User FriendlyName="Megasystem Contato novo RS"/></To><Text Style="font-family:Segoe UI; color:#000000; ">ola</Text></Message><Message Date="04/02/2013" Time="10:50:02" DateTime="2013-02-04T12:50:02.341Z" SessionID="2"><From><User FriendlyName="Comercial l GRUPO GENESIS"/></From><To><User FriendlyName="Megasystem Contato novo RS"/></To><Text Style="font-family:Segoe UI; color:#000000; ">bom dia</Text></Message><Message Date="04/02/2013" Time="10:50:26" DateTime="2013-02-04T12:50:26.550Z" SessionID="2"><From><User FriendlyName="Megasystem Contato novo RS"/></From><To><User FriendlyName="Comercial l GRUPO GENESIS"/></To><Text Style="font-family:Calibri; color:#0000ff; ">BOM DIA</Text></Message><Message Date="04/02/2013" Time="10:50:47" DateTime="2013-02-04T12:50:47.348Z" SessionID="2"><From><User FriendlyName="Comercial l GRUPO GENESIS"/></From><To><User FriendlyName="Megasystem Contato novo RS"/></To><Text Style="font-family:Segoe UI; color:#000000; ">tudo bem?</Text></Message><Message Date="04/02/2013" Time="10:50:57" DateTime="2013-02-04T12:50:57.690Z" SessionID="2"><From><User FriendlyName="Megasystem Contato novo RS"/></From><To><User FriendlyName="Comercial l GRUPO GENESIS"/></To><Text Style="font-family:Calibri; color:#0000ff; ">tudo e com voce?</Text></Message><Message Date="04/02/2013" Time="10:51:06" DateTime="2013-02-04T12:51:06.357Z" SessionID="2"><From><User FriendlyName="Comercial l GRUPO GENESIS"/></From><To><User FriendlyName="Megasystem Contato novo RS"/></To><Text Style="font-family:Segoe UI; color:#000000; ">que bom</Text></Message><Message Date="04/02/2013" Time="10:51:09" DateTime="2013-02-04T12:51:09.836Z" SessionID="2"><From><User FriendlyName="Comercial l GRUPO GENESIS"/></From><To><User FriendlyName="Megasystem Contato novo RS"/></To><Text Style="font-family:Segoe UI; color:#000000; ">tudo bem</Text></Message><Message Date="04/02/2013" Time="10:51:31" DateTime="2013-02-04T12:51:31.989Z" SessionID="2"><From><User FriendlyName="Megasystem Contato novo RS"/></From><To><User FriendlyName="Comercial l GRUPO GENESIS"/></To><Text Style="font-family:Calibri; color:#0000ff; ">:D</Text></Message><Message Date="04/02/2013" Time="10:52:04" DateTime="2013-02-04T12:52:04.244Z" SessionID="2"><From><User FriendlyName="Comercial l GRUPO GENESIS"/></From><To><User FriendlyName="Megasystem Contato novo RS"/></To><Text Style="font-family:Segoe UI; color:#000000; ">Fiquei de entrar em contato agora pra podermos agendar a campanha</Text></Message><Message Date="04/02/2013" Time="10:52:23" DateTime="2013-02-04T12:52:23.234Z" SessionID="2"><From><User FriendlyName="Megasystem Contato novo RS"/></From><To><User FriendlyName="Comercial l GRUPO GENESIS"/></To><Text Style="font-family:Calibri; color:#0000ff; ">hum</Text></Message><Message Date="04/02/2013" Time="10:52:42" DateTime="2013-02-04T12:52:42.938Z" SessionID="2"><From><User FriendlyName="Megasystem Contato novo RS"/></From><To><User FriendlyName="Comercial l GRUPO GENESIS"/></To><Text Style="font-family:Calibri; color:#0000ff; ">o jair no momento não se encontra, mas daqui a pouco ja retorna</Text></Message><Message Date="04/02/2013" Time="10:53:09" DateTime="2013-02-04T12:53:09.350Z" SessionID="2"><From><User FriendlyName="Comercial l GRUPO GENESIS"/></From><To><User FriendlyName="Megasystem Contato novo RS"/></To><Text Style="font-family:Segoe UI; color:#000000; ">sim.</Text></Message><Message Date="04/02/2013" Time="10:53:22" DateTime="2013-02-04T12:53:22.614Z" SessionID="2"><From><User FriendlyName="Comercial l GRUPO GENESIS"/></From><To><User FriendlyName="Megasystem Contato novo RS"/></To><Text Style="font-family:Segoe UI; color:#000000; ">e como posso falar diretamente com ele</Text></Message><Message Date="04/02/2013" Time="10:54:51" DateTime="2013-02-04T12:54:51.078Z" SessionID="2"><From><User FriendlyName="Megasystem Contato novo RS"/></From><To><User FriendlyName="Comercial l GRUPO GENESIS"/></To><Text Style="font-family:Calibri; color:#0000ff; ">por aqui ou pelo cel 9937-4932</Text></Message><Message Date="04/02/2013" Time="16:03:09" DateTime="2013-02-04T18:03:09.613Z" SessionID="2"><From><User FriendlyName="Comercial l GRUPO GENESIS"/></From><To><User FriendlyName="Megasystem Contato novo RS"/></To><Text Style="font-family:Segoe UI; color:#000000; ">ola</Text></Message><Message Date="04/02/2013" Time="16:03:26" DateTime="2013-02-04T18:03:26.554Z" SessionID="2"><From><User FriendlyName="Megasystem Contato novo RS"/></From><To><User FriendlyName="Comercial l GRUPO GENESIS"/></To><Text Style="font-family:Calibri; color:#0000ff; ">olá</Text></Message><Message Date="04/02/2013" Time="16:04:22" DateTime="2013-02-04T18:04:22.623Z" SessionID="2"><From><User FriendlyName="Comercial l GRUPO GENESIS"/></From><To><User FriendlyName="Megasystem Contato novo RS"/></To><Text Style="font-family:Segoe UI; color:#000000; ">ja posso falar com Sr jair?]</Text></Message><Message Date="04/02/2013" Time="16:07:42" DateTime="2013-02-04T18:07:42.633Z" SessionID="2"><From><User FriendlyName="Megasystem Contato novo RS"/></From><To><User FriendlyName="Comercial l GRUPO GENESIS"/></To><Text Style="font-family:Calibri; color:#0000ff; ">sim... um momento</Text></Message><Message Date="04/02/2013" Time="16:09:54" DateTime="2013-02-04T18:09:54.102Z" SessionID="2"><From><User FriendlyName="Megasystem Contato novo RS"/></From><To><User FriendlyName="Comercial l GRUPO GENESIS"/></To><Text>Olá</Text></Message><Message Date="04/02/2013" Time="16:10:01" DateTime="2013-02-04T18:10:01.064Z" SessionID="2"><From><User FriendlyName="Megasystem Contato novo RS"/></From><To><User FriendlyName="Comercial l GRUPO GENESIS"/></To><Text>aqui é o Jair</Text></Message><Message Date="04/02/2013" Time="16:11:16" DateTime="2013-02-04T18:11:16.028Z" SessionID="2"><From><User FriendlyName="Comercial l GRUPO GENESIS"/></From><To><User FriendlyName="Megasystem Contato novo RS"/></To><Text Style="font-family:Segoe UI; color:#000000; ">tudo bem?</Text></Message><Message Date="04/02/2013" Time="16:11:38" DateTime="2013-02-04T18:11:38.000Z" SessionID="2"><From><User FriendlyName="Megasystem Contato novo RS"/></From><To><User FriendlyName="Comercial l GRUPO GENESIS"/></To><Text>tudo... e contigo</Text></Message><Message Date="04/02/2013" Time="16:11:49" DateTime="2013-02-04T18:11:49.330Z" SessionID="2"><From><User FriendlyName="Comercial l GRUPO GENESIS"/></From><To><User FriendlyName="Megasystem Contato novo RS"/></To><Text Style="font-family:Segoe UI; color:#000000; ">que bom</Text></Message><Message Date="04/02/2013" Time="16:11:56" DateTime="2013-02-04T18:11:56.300Z" SessionID="2"><From><User FriendlyName="Comercial l GRUPO GENESIS"/></From><To><User FriendlyName="Megasystem Contato novo RS"/></To><Text Style="font-family:Segoe UI; color:#000000; ">comigo tudo ótimo</Text></Message><Message Date="04/02/2013" Time="16:13:30" DateTime="2013-02-04T18:13:30.534Z" SessionID="2"><From><User FriendlyName="Comercial l GRUPO GENESIS"/></From><To><User FriendlyName="Megasystem Contato novo RS"/></To><Text Style="font-family:Segoe UI; color:#000000; ">Ano passado entrei em contato para fazermos um agendamento,mais não fizemos pelo fato que ainda não tinham a programação da escola
entao era pra mim entrar em contato começo do ano para poder marcar</Text></Message><Message Date="04/02/2013" Time="16:13:38" DateTime="2013-02-04T18:13:38.874Z" SessionID="2"><From><User FriendlyName="Comercial l GRUPO GENESIS"/></From><To><User FriendlyName="Megasystem Contato novo RS"/></To><Text Style="font-family:Segoe UI; color:#000000; ">já podemos agendar uma data?</Text></Message><Message Date="04/02/2013" Time="16:16:08" DateTime="2013-02-04T18:16:08.639Z" SessionID="2"><From><User FriendlyName="Megasystem Contato novo RS"/></From><To><User FriendlyName="Comercial l GRUPO GENESIS"/></To><Text>ah... sim...
porém, fizemos a programação mas resolvemos fazer uma campanha própria agora em março...</Text></Message><Message Date="04/02/2013" Time="16:18:48" DateTime="2013-02-04T18:18:48.330Z" SessionID="2"><From><User FriendlyName="Megasystem Contato novo RS"/></From><To><User FriendlyName="Comercial l GRUPO GENESIS"/></To><Text>vamos fazer a "2ª chamada" de uma campanha em que o aluno ganha um tablet, foi feita uma vez e muitos estão pedindo pra que tenha novamente...</Text></Message><Message Date="04/02/2013" Time="16:19:31" DateTime="2013-02-04T18:19:31.752Z" SessionID="2"><From><User FriendlyName="Comercial l GRUPO GENESIS"/></From><To><User FriendlyName="Megasystem Contato novo RS"/></To><Text Style="font-family:Segoe UI; color:#000000; ">bacana...</Text></Message><Message Date="04/02/2013" Time="16:20:02" DateTime="2013-02-04T18:20:02.356Z" SessionID="2"><From><User FriendlyName="Comercial l GRUPO GENESIS"/></From><To><User FriendlyName="Megasystem Contato novo RS"/></To><Text Style="font-family:Segoe UI; color:#000000; ">mais minha agenda esta cheia,e estou com datas livres para final de maio,e começo de junho</Text></Message><Message Date="04/02/2013" Time="16:20:25" DateTime="2013-02-04T18:20:25.326Z" SessionID="2"><From><User FriendlyName="Comercial l GRUPO GENESIS"/></From><To><User FriendlyName="Megasystem Contato novo RS"/></To><Text Style="font-family:Segoe UI; color:#000000; ">podiamos deixar agendado,pois sempre fazem captação 2 vezes no ano</Text></Message><Message Date="04/02/2013" Time="16:23:44" DateTime="2013-02-04T18:23:44.695Z" SessionID="2"><From><User FriendlyName="Megasystem Contato novo RS"/></From><To><User FriendlyName="Comercial l GRUPO GENESIS"/></To><Text>humm.. é... daí tenho que ver com a direção quando fizermos a programação...
assim que fizermos a programação podemos fazer contato, conforme o que for programado</Text></Message><Message Date="04/02/2013" Time="16:27:11" DateTime="2013-02-04T18:27:11.437Z" SessionID="2"><From><User FriendlyName="Comercial l GRUPO GENESIS"/></From><To><User FriendlyName="Megasystem Contato novo RS"/></To><Text Style="font-family:Segoe UI; color:#000000; ">sim,mas o agendamento é feito com antecedencia</Text></Message><Message Date="04/02/2013" Time="16:27:54" DateTime="2013-02-04T18:27:54.953Z" SessionID="2"><From><User FriendlyName="Comercial l GRUPO GENESIS"/></From><To><User FriendlyName="Megasystem Contato novo RS"/></To><Text Style="font-family:Segoe UI; color:#000000; ">agora so temos pra começo de junho,la pra frente as datas ja vao ter andado mais pra frente ainda</Text></Message><Message Date="04/02/2013" Time="16:28:41" DateTime="2013-02-04T18:28:41.478Z" SessionID="2"><From><User FriendlyName="Megasystem Contato novo RS"/></From><To><User FriendlyName="Comercial l GRUPO GENESIS"/></To><Text>humm..entendo</Text></Message><Message Date="04/02/2013" Time="16:29:37" DateTime="2013-02-04T18:29:37.323Z" SessionID="2"><From><User FriendlyName="Megasystem Contato novo RS"/></From><To><User FriendlyName="Comercial l GRUPO GENESIS"/></To><Text>então acho que vou ter que deixar assim por enquanto, caso tivermos alguma ideia lá pra frente faço um contato, pode ser?</Text></Message><Message Date="04/02/2013" Time="16:41:20" DateTime="2013-02-04T18:41:20.753Z" SessionID="2"><From><User FriendlyName="Comercial l GRUPO GENESIS"/></From><To><User FriendlyName="Megasystem Contato novo RS"/></To><Text Style="font-family:Segoe UI; color:#000000; ">sim,claro</Text></Message><Message Date="04/02/2013" Time="16:41:24" DateTime="2013-02-04T18:41:24.295Z" SessionID="2"><From><User FriendlyName="Comercial l GRUPO GENESIS"/></From><To><User FriendlyName="Megasystem Contato novo RS"/></To><Text Style="font-family:Segoe UI; color:#000000; ">vou aguardar</Text></Message><Message Date="04/02/2013" Time="16:48:19" DateTime="2013-02-04T18:48:19.053Z" SessionID="2"><From><User FriendlyName="Megasystem Contato novo RS"/></From><To><User FriendlyName="Comercial l GRUPO GENESIS"/></To><Text>obrigado</Text></Message></Log>
