<?xml version="1.0"?>
<?xml-stylesheet type='text/xsl' href='MessageLog.xsl'?>
<Log FirstSessionID="1" LastSessionID="1"><Message Date="28/01/2013" Time="16:10:55" DateTime="2013-01-28T18:10:55.365Z" SessionID="1"><From><User FriendlyName="Cartuchos  Florink"/></From><To><User FriendlyName="Comercial l GRUPO GENESIS"/></To><Text Style="font-family:Segoe UI; color:#000000; ">oii</Text></Message><Message Date="28/01/2013" Time="16:11:05" DateTime="2013-01-28T18:11:05.065Z" SessionID="1"><From><User FriendlyName="Cartuchos  Florink"/></From><To><User FriendlyName="Comercial l GRUPO GENESIS"/></To><Text Style="font-family:Segoe UI; color:#000000; ">gabriel</Text></Message><Message Date="28/01/2013" Time="16:11:26" DateTime="2013-01-28T18:11:26.100Z" SessionID="1"><From><User FriendlyName="Cartuchos  Florink"/></From><To><User FriendlyName="Comercial l GRUPO GENESIS"/></To><Text Style="font-family:Segoe UI; color:#000000; ">3303-3510</Text></Message><Message Date="28/01/2013" Time="16:11:37" DateTime="2013-01-28T18:11:37.942Z" SessionID="1"><From><User FriendlyName="Cartuchos  Florink"/></From><To><User FriendlyName="Comercial l GRUPO GENESIS"/></To><Text Style="font-family:Segoe UI; color:#000000; ">é isso</Text></Message><Message Date="28/01/2013" Time="16:11:39" DateTime="2013-01-28T18:11:39.592Z" SessionID="1"><From><User FriendlyName="Cartuchos  Florink"/></From><To><User FriendlyName="Comercial l GRUPO GENESIS"/></To><Text Style="font-family:Segoe UI; color:#000000; ">??</Text></Message></Log>
