<?xml version="1.0"?>
<?xml-stylesheet type='text/xsl' href='MessageLog.xsl'?>
<Log FirstSessionID="1" LastSessionID="5"><Message Date="08/03/2013" Time="14:32:50" DateTime="2013-03-08T17:32:50.530Z" SessionID="1"><From><User FriendlyName="Comercial l GRUPO GENESIS"/></From><To><User FriendlyName="CSD Cursos"/></To><Text Style="font-family:Segoe UI; color:#000000; ">qual sua sua cidade?</Text></Message><Message Date="08/03/2013" Time="14:33:34" DateTime="2013-03-08T17:33:34.784Z" SessionID="1"><From><User FriendlyName="CSD Cursos"/></From><To><User FriendlyName="Comercial l GRUPO GENESIS"/></To><Text>uberlândia mg</Text></Message><Message Date="08/03/2013" Time="14:35:26" DateTime="2013-03-08T17:35:26.480Z" SessionID="1"><From><User FriendlyName="Comercial l GRUPO GENESIS"/></From><To><User FriendlyName="CSD Cursos"/></To><Text Style="font-family:Segoe UI; color:#000000; ">Qual o nome do responsavel pela escola?</Text></Message><Message Date="08/03/2013" Time="14:37:36" DateTime="2013-03-08T17:37:36.457Z" SessionID="1"><From><User FriendlyName="CSD Cursos"/></From><To><User FriendlyName="Comercial l GRUPO GENESIS"/></To><Text>Natielly</Text></Message><Message Date="08/03/2013" Time="14:38:15" DateTime="2013-03-08T17:38:15.127Z" SessionID="1"><From><User FriendlyName="Comercial l GRUPO GENESIS"/></From><To><User FriendlyName="CSD Cursos"/></To><Text Style="font-family:Segoe UI; color:#000000; ">Telefone: </Text></Message><Message Date="12/03/2013" Time="10:01:04" DateTime="2013-03-12T13:01:04.490Z" SessionID="2"><From><User FriendlyName="Comercial l GRUPO GENESIS"/></From><To><User FriendlyName="CSD Centro de Formação e Treinamento"/></To><Text Style="font-family:Segoe UI; color:#000000; ">Oi</Text></Message><Message Date="12/03/2013" Time="10:01:07" DateTime="2013-03-12T13:01:07.079Z" SessionID="2"><From><User FriendlyName="Comercial l GRUPO GENESIS"/></From><To><User FriendlyName="CSD Centro de Formação e Treinamento"/></To><Text Style="font-family:Segoe UI; color:#000000; ">Bom Dia</Text></Message><Message Date="12/03/2013" Time="10:01:26" DateTime="2013-03-12T13:01:26.611Z" SessionID="2"><From><User FriendlyName="CSD Centro de Formação e Treinamento"/></From><To><User FriendlyName="Comercial l GRUPO GENESIS"/></To><Text>Bom dia</Text></Message><Message Date="12/03/2013" Time="10:01:31" DateTime="2013-03-12T13:01:31.712Z" SessionID="2"><From><User FriendlyName="Comercial l GRUPO GENESIS"/></From><To><User FriendlyName="CSD Centro de Formação e Treinamento"/></To><Text Style="font-family:Segoe UI; color:#000000; ">tudo bem?</Text></Message><Message Date="12/03/2013" Time="10:01:32" DateTime="2013-03-12T13:01:32.741Z" SessionID="2"><From><User FriendlyName="CSD Centro de Formação e Treinamento"/></From><To><User FriendlyName="Comercial l GRUPO GENESIS"/></To><Text>tude bem</Text></Message><Message Date="12/03/2013" Time="10:01:36" DateTime="2013-03-12T13:01:36.563Z" SessionID="2"><From><User FriendlyName="CSD Centro de Formação e Treinamento"/></From><To><User FriendlyName="Comercial l GRUPO GENESIS"/></To><Text>e vc?</Text></Message><Message Date="12/03/2013" Time="10:02:28" DateTime="2013-03-12T13:02:28.026Z" SessionID="2"><From><User FriendlyName="Comercial l GRUPO GENESIS"/></From><To><User FriendlyName="CSD Centro de Formação e Treinamento"/></To><Text Style="font-family:Segoe UI; color:#000000; ">que bom</Text></Message><Message Date="12/03/2013" Time="10:02:31" DateTime="2013-03-12T13:02:31.973Z" SessionID="2"><From><User FriendlyName="Comercial l GRUPO GENESIS"/></From><To><User FriendlyName="CSD Centro de Formação e Treinamento"/></To><Text Style="font-family:Segoe UI; color:#000000; ">tudo ótimo</Text></Message><Message Date="12/03/2013" Time="10:03:47" DateTime="2013-03-12T13:03:47.500Z" SessionID="2"><From><User FriendlyName="Comercial l GRUPO GENESIS"/></From><To><User FriendlyName="CSD Centro de Formação e Treinamento"/></To><Text Style="font-family:Segoe UI; color:#000000; ">gostaria de saber se vc ja falou com seu socio a respeito da campanha?</Text></Message><Message Date="12/03/2013" Time="10:04:05" DateTime="2013-03-12T13:04:05.721Z" SessionID="2"><From><User FriendlyName="CSD Centro de Formação e Treinamento"/></From><To><User FriendlyName="Comercial l GRUPO GENESIS"/></To><Text>olha falei sim</Text></Message><Message Date="12/03/2013" Time="10:04:23" DateTime="2013-03-12T13:04:23.926Z" SessionID="2"><From><User FriendlyName="CSD Centro de Formação e Treinamento"/></From><To><User FriendlyName="Comercial l GRUPO GENESIS"/></To><Text>mas agora num tem como eu esperar entende</Text></Message><Message Date="12/03/2013" Time="10:05:31" DateTime="2013-03-12T13:05:31.981Z" SessionID="2"><From><User FriendlyName="Comercial l GRUPO GENESIS"/></From><To><User FriendlyName="CSD Centro de Formação e Treinamento"/></To><Text Style="font-family:Segoe UI; color:#000000; ">como assim?</Text></Message><Message Date="12/03/2013" Time="10:06:17" DateTime="2013-03-12T13:06:17.362Z" SessionID="2"><From><User FriendlyName="CSD Centro de Formação e Treinamento"/></From><To><User FriendlyName="Comercial l GRUPO GENESIS"/></To><Text>preciso de uma captação urgente e que eu não me descapitalize tanto por agora entende</Text></Message><Message Date="12/03/2013" Time="10:06:21" DateTime="2013-03-12T13:06:21.667Z" SessionID="2"><From><User FriendlyName="CSD Centro de Formação e Treinamento"/></From><To><User FriendlyName="Comercial l GRUPO GENESIS"/></To><Text>peguei a escola agora</Text></Message><Message Date="12/03/2013" Time="10:06:27" DateTime="2013-03-12T13:06:27.736Z" SessionID="2"><From><User FriendlyName="CSD Centro de Formação e Treinamento"/></From><To><User FriendlyName="Comercial l GRUPO GENESIS"/></To><Text>to com poucos alunos</Text></Message><Message Date="12/03/2013" Time="10:06:34" DateTime="2013-03-12T13:06:34.444Z" SessionID="2"><From><User FriendlyName="CSD Centro de Formação e Treinamento"/></From><To><User FriendlyName="Comercial l GRUPO GENESIS"/></To><Text>e gastei muito nela</Text></Message><Message Date="12/03/2013" Time="10:06:59" DateTime="2013-03-12T13:06:59.170Z" SessionID="2"><From><User FriendlyName="CSD Centro de Formação e Treinamento"/></From><To><User FriendlyName="Comercial l GRUPO GENESIS"/></To><Text>e assim uma captação para eu investir tbm é complicado no momento</Text></Message><Message Date="12/03/2013" Time="10:08:09" DateTime="2013-03-12T13:08:09.339Z" SessionID="2"><From><User FriendlyName="Comercial l GRUPO GENESIS"/></From><To><User FriendlyName="CSD Centro de Formação e Treinamento"/></To><Text Style="font-family:Segoe UI; color:#000000; ">Você pode fazer com outra empresa agora e lá pro meio do ano fazer uma captação com nossa empresa.porque nosso grupo tem uma campanha diferencial,vc só vai ganhar mais alunos</Text></Message><Message Date="12/03/2013" Time="10:10:05" DateTime="2013-03-12T13:10:05.610Z" SessionID="2"><From><User FriendlyName="CSD Centro de Formação e Treinamento"/></From><To><User FriendlyName="Comercial l GRUPO GENESIS"/></To><Text>pois é eu sei, eu quero muito fazzer com vocês mas acho que so vou poder msm na captação que pretendo fazer no mes de setembro outubro</Text></Message><Message Date="12/03/2013" Time="10:28:29" DateTime="2013-03-12T13:28:29.231Z" SessionID="2"><From><User FriendlyName="Comercial l GRUPO GENESIS"/></From><To><User FriendlyName="CSD Centro de Formação e Treinamento"/></To><Text Style="font-family:Segoe UI; color:#000000; ">então..podemos deixar a melhor data de setembro ou outubro pra vc</Text></Message><Message Date="12/03/2013" Time="10:28:34" DateTime="2013-03-12T13:28:34.660Z" SessionID="2"><From><User FriendlyName="Comercial l GRUPO GENESIS"/></From><To><User FriendlyName="CSD Centro de Formação e Treinamento"/></To><Text Style="font-family:Segoe UI; color:#000000; ">pode ser?</Text></Message><Message Date="12/03/2013" Time="10:29:05" DateTime="2013-03-12T13:29:05.657Z" SessionID="2"><From><User FriendlyName="CSD Centro de Formação e Treinamento"/></From><To><User FriendlyName="Comercial l GRUPO GENESIS"/></To><Text>podemos sim</Text></Message><Message Date="12/03/2013" Time="10:29:38" DateTime="2013-03-12T13:29:38.325Z" SessionID="2"><From><User FriendlyName="CSD Centro de Formação e Treinamento"/></From><To><User FriendlyName="Comercial l GRUPO GENESIS"/></To><Text>depois do feriado do dia 12 pode ser?</Text></Message><Message Date="12/03/2013" Time="10:29:46" DateTime="2013-03-12T13:29:46.213Z" SessionID="2"><From><User FriendlyName="CSD Centro de Formação e Treinamento"/></From><To><User FriendlyName="Comercial l GRUPO GENESIS"/></To><Text>dia 23</Text></Message><Message Date="12/03/2013" Time="10:29:46" DateTime="2013-03-12T13:29:46.416Z" SessionID="2"><From><User FriendlyName="CSD Centro de Formação e Treinamento"/></From><To><User FriendlyName="Comercial l GRUPO GENESIS"/></To><Text>de setembro</Text></Message><Message Date="12/03/2013" Time="10:31:10" DateTime="2013-03-12T13:31:10.102Z" SessionID="3"><From><User FriendlyName="Comercial l GRUPO GENESIS"/></From><To><User FriendlyName="CSD Centro de Formação e Treinamento"/></To><Text Style="font-family:Segoe UI; color:#000000; ">Sim,perfeito</Text></Message><Message Date="12/03/2013" Time="10:31:27" DateTime="2013-03-12T13:31:27.901Z" SessionID="3"><From><User FriendlyName="Comercial l GRUPO GENESIS"/></From><To><User FriendlyName="CSD Centro de Formação e Treinamento"/></To><Text Style="font-family:Segoe UI; color:#000000; ">vou deixar na minha agenda,marca ai tambem</Text></Message><Message Date="12/03/2013" Time="10:31:40" DateTime="2013-03-12T13:31:40.366Z" SessionID="3"><From><User FriendlyName="CSD Centro de Formação e Treinamento"/></From><To><User FriendlyName="Comercial l GRUPO GENESIS"/></To><Text>ok</Text></Message><Message Date="12/03/2013" Time="10:31:58" DateTime="2013-03-12T13:31:58.492Z" SessionID="3"><From><User FriendlyName="Comercial l GRUPO GENESIS"/></From><To><User FriendlyName="CSD Centro de Formação e Treinamento"/></To><Text Style="font-family:Segoe UI; color:#000000; ">mais uma coisa,preciso que vc preencha um documento que vou te mandar,para dar a confirmação aqui</Text></Message><Message Date="12/03/2013" Time="10:32:43" DateTime="2013-03-12T13:32:43.505Z" SessionID="3"><From><User FriendlyName="CSD Centro de Formação e Treinamento"/></From><To><User FriendlyName="Comercial l GRUPO GENESIS"/></To><Text>ok</Text></Message><Message Date="12/03/2013" Time="10:33:07" DateTime="2013-03-12T13:33:07.071Z" SessionID="3"><From><User FriendlyName="Comercial l GRUPO GENESIS"/></From><To><User FriendlyName="CSD Centro de Formação e Treinamento"/></To><Text Style="font-family:Segoe UI; color:#000000; ">qual e-mail?</Text></Message><Message Date="12/03/2013" Time="10:33:28" DateTime="2013-03-12T13:33:28.709Z" SessionID="3"><From><User FriendlyName="CSD Centro de Formação e Treinamento"/></From><To><User FriendlyName="Comercial l GRUPO GENESIS"/></To><Text>csdcursos@live.com</Text></Message><Message Date="12/03/2013" Time="15:18:21" DateTime="2013-03-12T18:18:21.653Z" SessionID="3"><From><User FriendlyName="Comercial l GRUPO GENESIS"/></From><To><User FriendlyName="CSD Centro de Formação e Treinamento"/></To><Text Style="font-family:Segoe UI; color:#000000; ">já enviei</Text></Message><Message Date="12/03/2013" Time="15:18:27" DateTime="2013-03-12T18:18:27.628Z" SessionID="3"><From><User FriendlyName="Comercial l GRUPO GENESIS"/></From><To><User FriendlyName="CSD Centro de Formação e Treinamento"/></To><Text Style="font-family:Segoe UI; color:#000000; ">espero em imediato</Text></Message><Message Date="14/03/2013" Time="09:37:16" DateTime="2013-03-14T12:37:16.100Z" SessionID="4"><From><User FriendlyName="Comercial l GRUPO GENESIS"/></From><To><User FriendlyName="CSD Centro de Formação e Treinamento"/></To><Text Style="font-family:Segoe UI; color:#000000; ">oi</Text></Message><Message Date="14/03/2013" Time="09:37:18" DateTime="2013-03-14T12:37:18.581Z" SessionID="4"><From><User FriendlyName="Comercial l GRUPO GENESIS"/></From><To><User FriendlyName="CSD Centro de Formação e Treinamento"/></To><Text Style="font-family:Segoe UI; color:#000000; ">bom dia</Text></Message><Message Date="14/03/2013" Time="09:37:26" DateTime="2013-03-14T12:37:26.162Z" SessionID="4"><From><User FriendlyName="CSD Centro de Formação e Treinamento"/></From><To><User FriendlyName="Comercial l GRUPO GENESIS"/></To><Text>bom di</Text></Message><Message Date="14/03/2013" Time="09:37:35" DateTime="2013-03-14T12:37:35.678Z" SessionID="4"><From><User FriendlyName="Comercial l GRUPO GENESIS"/></From><To><User FriendlyName="CSD Centro de Formação e Treinamento"/></To><Text Style="font-family:Segoe UI; color:#000000; ">estou aguardando o documento preenchido</Text></Message><Message Date="14/03/2013" Time="09:38:44" DateTime="2013-03-14T12:38:44.428Z" SessionID="4"><From><User FriendlyName="CSD Centro de Formação e Treinamento"/></From><To><User FriendlyName="Comercial l GRUPO GENESIS"/></To><Text>ah certo</Text></Message><Message Date="14/03/2013" Time="09:38:58" DateTime="2013-03-14T12:38:58.515Z" SessionID="4"><From><User FriendlyName="CSD Centro de Formação e Treinamento"/></From><To><User FriendlyName="Comercial l GRUPO GENESIS"/></To><Text>desculpe não ter enviado antes mas ta tudo muito corrido</Text></Message><Message Date="14/03/2013" Time="09:40:11" DateTime="2013-03-14T12:40:11.101Z" SessionID="4"><From><User FriendlyName="Comercial l GRUPO GENESIS"/></From><To><User FriendlyName="CSD Centro de Formação e Treinamento"/></To><Text Style="font-family:Segoe UI; color:#000000; ">certo</Text></Message><Message Date="14/03/2013" Time="09:40:18" DateTime="2013-03-14T12:40:18.262Z" SessionID="4"><From><User FriendlyName="Comercial l GRUPO GENESIS"/></From><To><User FriendlyName="CSD Centro de Formação e Treinamento"/></To><Text Style="font-family:Segoe UI; color:#000000; ">estou aguradando</Text></Message><Message Date="14/03/2013" Time="09:40:24" DateTime="2013-03-14T12:40:24.315Z" SessionID="4"><From><User FriendlyName="Comercial l GRUPO GENESIS"/></From><To><User FriendlyName="CSD Centro de Formação e Treinamento"/></To><Text Style="font-family:Segoe UI; color:#000000; ">aguardando**</Text></Message><Message Date="14/03/2013" Time="09:41:50" DateTime="2013-03-14T12:41:50.204Z" SessionID="4"><From><User FriendlyName="CSD Centro de Formação e Treinamento"/></From><To><User FriendlyName="Comercial l GRUPO GENESIS"/></To><Text>ok</Text></Message><Message Date="20/03/2013" Time="10:41:47" DateTime="2013-03-20T13:41:47.671Z" SessionID="5"><From><User FriendlyName="Comercial l GRUPO GENESIS"/></From><To><User FriendlyName="CSD Centro de Formação e Treinamento"/></To><Text Style="font-family:Segoe UI; color:#000000; ">Oi</Text></Message><Message Date="20/03/2013" Time="10:41:49" DateTime="2013-03-20T13:41:49.667Z" SessionID="5"><From><User FriendlyName="Comercial l GRUPO GENESIS"/></From><To><User FriendlyName="CSD Centro de Formação e Treinamento"/></To><Text Style="font-family:Segoe UI; color:#000000; ">Bom dia</Text></Message><Message Date="20/03/2013" Time="10:41:56" DateTime="2013-03-20T13:41:56.849Z" SessionID="5"><From><User FriendlyName="CSD Centro de Formação e Treinamento"/></From><To><User FriendlyName="Comercial l GRUPO GENESIS"/></To><Text>bom dai</Text></Message><Message Date="20/03/2013" Time="10:42:03" DateTime="2013-03-20T13:42:03.457Z" SessionID="5"><From><User FriendlyName="CSD Centro de Formação e Treinamento"/></From><To><User FriendlyName="Comercial l GRUPO GENESIS"/></To><Text>dia*</Text></Message><Message Date="20/03/2013" Time="10:42:12" DateTime="2013-03-20T13:42:12.403Z" SessionID="5"><From><User FriendlyName="Comercial l GRUPO GENESIS"/></From><To><User FriendlyName="CSD Centro de Formação e Treinamento"/></To><Text Style="font-family:Segoe UI; color:#000000; ">tudo bem?</Text></Message><Message Date="20/03/2013" Time="10:42:32" DateTime="2013-03-20T13:42:32.095Z" SessionID="5"><From><User FriendlyName="Comercial l GRUPO GENESIS"/></From><To><User FriendlyName="CSD Centro de Formação e Treinamento"/></To><Text Style="font-family:Segoe UI; color:#000000; ">solicitei os dados do contrato e ainda nao me passaram</Text></Message><Message Date="20/03/2013" Time="10:42:34" DateTime="2013-03-20T13:42:34.587Z" SessionID="5"><From><User FriendlyName="CSD Centro de Formação e Treinamento"/></From><To><User FriendlyName="Comercial l GRUPO GENESIS"/></To><Text>tudo e vc</Text></Message><Message Date="20/03/2013" Time="10:42:45" DateTime="2013-03-20T13:42:45.195Z" SessionID="5"><From><User FriendlyName="CSD Centro de Formação e Treinamento"/></From><To><User FriendlyName="Comercial l GRUPO GENESIS"/></To><Text>nossa é msm</Text></Message><Message Date="20/03/2013" Time="10:43:00" DateTime="2013-03-20T13:43:00.745Z" SessionID="5"><From><User FriendlyName="Comercial l GRUPO GENESIS"/></From><To><User FriendlyName="CSD Centro de Formação e Treinamento"/></To><Text Style="font-family:Segoe UI; color:#000000; ">quer me passar por aqui mesmo?</Text></Message><Message Date="20/03/2013" Time="10:43:09" DateTime="2013-03-20T13:43:09.307Z" SessionID="5"><From><User FriendlyName="CSD Centro de Formação e Treinamento"/></From><To><User FriendlyName="Comercial l GRUPO GENESIS"/></To><Text>é melhor viu</Text></Message><Message Date="20/03/2013" Time="10:43:35" DateTime="2013-03-20T13:43:35.658Z" SessionID="5"><From><User FriendlyName="Comercial l GRUPO GENESIS"/></From><To><User FriendlyName="CSD Centro de Formação e Treinamento"/></To><Text Style="font-family:Segoe UI; color:#000000; ">CONTRATANTE: ----------------------, pessoa jurídica de direito privado</Text></Message><Message Date="20/03/2013" Time="10:44:02" DateTime="2013-03-20T13:44:02.316Z" SessionID="5"><From><User FriendlyName="CSD Centro de Formação e Treinamento"/></From><To><User FriendlyName="Comercial l GRUPO GENESIS"/></To><Text>CSD CENTRO DE FORMAÇÃO E TREINAMENTO</Text></Message><Message Date="20/03/2013" Time="10:44:56" DateTime="2013-03-20T13:44:56.126Z" SessionID="5"><From><User FriendlyName="Comercial l GRUPO GENESIS"/></From><To><User FriendlyName="CSD Centro de Formação e Treinamento"/></To><Text Style="font-family:Segoe UI; color:#000000; ">estabelecida na rua-----------------, N°----------------------, Sala----------------------, Centro, MUNICIPIO/ESTADO?ex(Chapecó/SC ) ----------------------., CEP ----------------------, </Text></Message><Message Date="20/03/2013" Time="10:45:41" DateTime="2013-03-20T13:45:41.262Z" SessionID="5"><From><User FriendlyName="CSD Centro de Formação e Treinamento"/></From><To><User FriendlyName="Comercial l GRUPO GENESIS"/></To><Text>RUA DO CINEGRAFISTA, 439 UBERLÂNDIA MG CEP 38413-204</Text></Message><Message Date="20/03/2013" Time="10:46:21" DateTime="2013-03-20T13:46:21.184Z" SessionID="5"><From><User FriendlyName="Comercial l GRUPO GENESIS"/></From><To><User FriendlyName="CSD Centro de Formação e Treinamento"/></To><Text Style="font-family:Segoe UI; color:#000000; ">inscrita no              CNPJ nº. ----------------------</Text></Message><Message Date="20/03/2013" Time="10:50:20" DateTime="2013-03-20T13:50:20.425Z" SessionID="5"><From><User FriendlyName="Comercial l GRUPO GENESIS"/></From><To><User FriendlyName="CSD Centro de Formação e Treinamento"/></To><Text Style="font-family:Segoe UI; color:#000000; ">neste ato representado pelo seu sócio diretor o Sr.  ----------------------, </Text></Message><Message Date="20/03/2013" Time="10:52:12" DateTime="2013-03-20T13:52:12.837Z" SessionID="5"><From><User FriendlyName="CSD Centro de Formação e Treinamento"/></From><To><User FriendlyName="Comercial l GRUPO GENESIS"/></To><Text>CNPJ 12049733/0001-08 NATIELLY REIS GONÇALVES</Text></Message><Message Date="20/03/2013" Time="10:52:45" DateTime="2013-03-20T13:52:45.595Z" SessionID="5"><From><User FriendlyName="Comercial l GRUPO GENESIS"/></From><To><User FriendlyName="CSD Centro de Formação e Treinamento"/></To><Text Style="font-family:Segoe UI; color:#000000; ">casado?</Text></Message><Message Date="20/03/2013" Time="10:53:10" DateTime="2013-03-20T13:53:10.526Z" SessionID="5"><From><User FriendlyName="CSD Centro de Formação e Treinamento"/></From><To><User FriendlyName="Comercial l GRUPO GENESIS"/></To><Text>SOLTEIRA</Text></Message><Message Date="20/03/2013" Time="10:53:21" DateTime="2013-03-20T13:53:21.542Z" SessionID="5"><From><User FriendlyName="Comercial l GRUPO GENESIS"/></From><To><User FriendlyName="CSD Centro de Formação e Treinamento"/></To><Text Style="font-family:Segoe UI; color:#000000; ">Carteira de Identidade nº. ----------------------</Text></Message><Message Date="20/03/2013" Time="10:55:42" DateTime="2013-03-20T13:55:42.906Z" SessionID="5"><From><User FriendlyName="CSD Centro de Formação e Treinamento"/></From><To><User FriendlyName="Comercial l GRUPO GENESIS"/></To><Text>MG16303379</Text></Message><Message Date="20/03/2013" Time="10:56:23" DateTime="2013-03-20T13:56:23.580Z" SessionID="5"><From><User FriendlyName="Comercial l GRUPO GENESIS"/></From><To><User FriendlyName="CSD Centro de Formação e Treinamento"/></To><Text Style="font-family:Segoe UI; color:#000000; ">CPF nº</Text></Message><Message Date="20/03/2013" Time="10:56:39" DateTime="2013-03-20T13:56:39.496Z" SessionID="5"><From><User FriendlyName="CSD Centro de Formação e Treinamento"/></From><To><User FriendlyName="Comercial l GRUPO GENESIS"/></To><Text>09892263600</Text></Message><Message Date="20/03/2013" Time="10:57:16" DateTime="2013-03-20T13:57:16.154Z" SessionID="5"><From><User FriendlyName="Comercial l GRUPO GENESIS"/></From><To><User FriendlyName="CSD Centro de Formação e Treinamento"/></To><Text Style="font-family:Segoe UI; color:#000000; ">residente e domiciliado na Rua ----------------------, nº. ----------------------, Centro, CEP ----------------------, MUNICIPIO/ESTADO?ex(Chapecó/SC )----------------------.</Text></Message><Message Date="20/03/2013" Time="11:00:33" DateTime="2013-03-20T14:00:33.865Z" SessionID="5"><From><User FriendlyName="CSD Centro de Formação e Treinamento"/></From><To><User FriendlyName="Comercial l GRUPO GENESIS"/></To><Text>DO FEIRANTE 210 PLANALTO CEP 38413153 UBERLÃNDIA MG</Text></Message><Message Date="20/03/2013" Time="11:01:16" DateTime="2013-03-20T14:01:16.743Z" SessionID="5"><From><User FriendlyName="Comercial l GRUPO GENESIS"/></From><To><User FriendlyName="CSD Centro de Formação e Treinamento"/></To><Text Style="font-family:Segoe UI; color:#000000; ">Referencia de localidade da escola? </Text></Message><Message Date="20/03/2013" Time="11:02:27" DateTime="2013-03-20T14:02:27.389Z" SessionID="5"><From><User FriendlyName="CSD Centro de Formação e Treinamento"/></From><To><User FriendlyName="Comercial l GRUPO GENESIS"/></To><Text>SMART SUPERMERCADO</Text></Message><Message Date="20/03/2013" Time="11:03:05" DateTime="2013-03-20T14:03:05.312Z" SessionID="5"><From><User FriendlyName="Comercial l GRUPO GENESIS"/></From><To><User FriendlyName="CSD Centro de Formação e Treinamento"/></To><Text Style="font-family:Segoe UI; color:#000000; ">Tem curso básico da informática?

Curso de Coredraw e phothoshop? 

Curso de web desing?

Inglês?

Montagem e manutenção?

Profissionalizantes?
</Text></Message><Message Date="20/03/2013" Time="11:06:01" DateTime="2013-03-20T14:06:01.550Z" SessionID="5"><From><User FriendlyName="CSD Centro de Formação e Treinamento"/></From><To><User FriendlyName="Comercial l GRUPO GENESIS"/></To><Text>SIM SIM SIM NÃO SIM SIM</Text></Message><Message Date="20/03/2013" Time="11:06:09" DateTime="2013-03-20T14:06:09.824Z" SessionID="5"><From><User FriendlyName="CSD Centro de Formação e Treinamento"/></From><To><User FriendlyName="Comercial l GRUPO GENESIS"/></To><Text>SÓ INGLES QUE NÃO</Text></Message><Message Date="20/03/2013" Time="11:06:40" DateTime="2013-03-20T14:06:40.673Z" SessionID="5"><From><User FriendlyName="Comercial l GRUPO GENESIS"/></From><To><User FriendlyName="CSD Centro de Formação e Treinamento"/></To><Text Style="font-family:Segoe UI; color:#000000; ">numero pra contato?</Text></Message><Message Date="20/03/2013" Time="11:07:01" DateTime="2013-03-20T14:07:01.571Z" SessionID="5"><From><User FriendlyName="CSD Centro de Formação e Treinamento"/></From><To><User FriendlyName="Comercial l GRUPO GENESIS"/></To><Text>34 3214 6028 91965256</Text></Message><Message Date="20/03/2013" Time="11:08:17" DateTime="2013-03-20T14:08:17.277Z" SessionID="5"><From><User FriendlyName="Comercial l GRUPO GENESIS"/></From><To><User FriendlyName="CSD Centro de Formação e Treinamento"/></To><Text Style="font-family:Segoe UI; color:#000000; ">Ultima questão</Text></Message><Message Date="20/03/2013" Time="11:09:28" DateTime="2013-03-20T14:09:28.509Z" SessionID="5"><From><User FriendlyName="Comercial l GRUPO GENESIS"/></From><To><User FriendlyName="CSD Centro de Formação e Treinamento"/></To><Text Style="font-family:Segoe UI; color:#000000; ">O financeiro me passou as seguintes formas de pagamentos que vc pode fazer a nossa empresa
Cheque PJ em até 3 vezes sem juros
A vista com um grande desconto
ou em cartão de crédito em até 12X sem juros</Text></Message><Message Date="20/03/2013" Time="11:09:36" DateTime="2013-03-20T14:09:36.099Z" SessionID="5"><From><User FriendlyName="Comercial l GRUPO GENESIS"/></From><To><User FriendlyName="CSD Centro de Formação e Treinamento"/></To><Text Style="font-family:Segoe UI; color:#000000; ">qual éa melhor pra vc?</Text></Message><Message Date="20/03/2013" Time="11:09:57" DateTime="2013-03-20T14:09:57.107Z" SessionID="5"><From><User FriendlyName="CSD Centro de Formação e Treinamento"/></From><To><User FriendlyName="Comercial l GRUPO GENESIS"/></To><Text>qual apgamento é esse?</Text></Message><Message Date="20/03/2013" Time="11:11:32" DateTime="2013-03-20T14:11:32.388Z" SessionID="5"><From><User FriendlyName="Comercial l GRUPO GENESIS"/></From><To><User FriendlyName="CSD Centro de Formação e Treinamento"/></To><Text Style="font-family:Segoe UI; color:#000000; "> No dia das matriculas,os alunos que derem só parte do valor
você cobre a nossa empresa,e depois o aluno paga para sua escola
já tinha te falado</Text></Message><Message Date="20/03/2013" Time="11:12:05" DateTime="2013-03-20T14:12:05.158Z" SessionID="5"><From><User FriendlyName="CSD Centro de Formação e Treinamento"/></From><To><User FriendlyName="Comercial l GRUPO GENESIS"/></To><Text>ah certo</Text></Message><Message Date="20/03/2013" Time="11:12:47" DateTime="2013-03-20T14:12:47.338Z" SessionID="5"><From><User FriendlyName="CSD Centro de Formação e Treinamento"/></From><To><User FriendlyName="Comercial l GRUPO GENESIS"/></To><Text>cheque tem que ser no nome da escola escola?  numm pode ser de uma outra empres não?</Text></Message><Message Date="20/03/2013" Time="11:13:46" DateTime="2013-03-20T14:13:46.754Z" SessionID="5"><From><User FriendlyName="Comercial l GRUPO GENESIS"/></From><To><User FriendlyName="CSD Centro de Formação e Treinamento"/></To><Text Style="font-family:Segoe UI; color:#000000; ">Até pode,mais vocÊ tem que me passar o CNPJ,pra ver se o financeiro libera</Text></Message><Message Date="20/03/2013" Time="11:19:47" DateTime="2013-03-20T14:19:47.277Z" SessionID="5"><From><User FriendlyName="Comercial l GRUPO GENESIS"/></From><To><User FriendlyName="CSD Centro de Formação e Treinamento"/></To><Text Style="font-family:Segoe UI; color:#000000; ">qual voce escolhe?</Text></Message><Message Date="20/03/2013" Time="11:20:09" DateTime="2013-03-20T14:20:09.909Z" SessionID="5"><From><User FriendlyName="CSD Centro de Formação e Treinamento"/></From><To><User FriendlyName="Comercial l GRUPO GENESIS"/></To><Text>cartão de credito</Text></Message><Message Date="20/03/2013" Time="11:20:47" DateTime="2013-03-20T14:20:47.083Z" SessionID="5"><From><User FriendlyName="Comercial l GRUPO GENESIS"/></From><To><User FriendlyName="CSD Centro de Formação e Treinamento"/></To><Text Style="font-family:Segoe UI; color:#000000; ">ok</Text></Message><Message Date="20/03/2013" Time="11:20:52" DateTime="2013-03-20T14:20:52.531Z" SessionID="5"><From><User FriendlyName="Comercial l GRUPO GENESIS"/></From><To><User FriendlyName="CSD Centro de Formação e Treinamento"/></To><Text Style="font-family:Segoe UI; color:#000000; ">tudo confirmado</Text></Message><Message Date="20/03/2013" Time="11:21:53" DateTime="2013-03-20T14:21:53.032Z" SessionID="5"><From><User FriendlyName="CSD Centro de Formação e Treinamento"/></From><To><User FriendlyName="Comercial l GRUPO GENESIS"/></To><Text>ok</Text></Message></Log>
