<?xml version="1.0"?>
<?xml-stylesheet type='text/xsl' href='MessageLog.xsl'?>
<Log FirstSessionID="1" LastSessionID="14"><Message Date="15/01/2013" Time="10:19:35" DateTime="2013-01-15T12:19:35.768Z" SessionID="1"><From><User FriendlyName="Comercial l GRUPO GENESIS"/></From><To><User FriendlyName="Marcos - São Sepé RS"/></To><Text Style="font-family:Segoe UI; color:#000000; ">ola</Text></Message><Message Date="15/01/2013" Time="10:19:38" DateTime="2013-01-15T12:19:38.998Z" SessionID="1"><From><User FriendlyName="Comercial l GRUPO GENESIS"/></From><To><User FriendlyName="Marcos - São Sepé RS"/></To><Text Style="font-family:Segoe UI; color:#000000; ">bom dia</Text></Message><Message Date="19/03/2013" Time="17:42:11" DateTime="2013-03-19T20:42:11.096Z" SessionID="2"><From><User FriendlyName="Comercial l GRUPO GENESIS"/></From><To><User FriendlyName="Marcos - São Sepé RS"/></To><Text Style="font-family:Segoe UI; color:#000000; ">Oi</Text></Message><Message Date="19/03/2013" Time="17:42:16" DateTime="2013-03-19T20:42:16.171Z" SessionID="2"><From><User FriendlyName="Comercial l GRUPO GENESIS"/></From><To><User FriendlyName="Marcos - São Sepé RS"/></To><Text Style="font-family:Segoe UI; color:#000000; ">boa tarde</Text></Message><Message Date="20/03/2013" Time="13:37:26" DateTime="2013-03-20T16:37:26.041Z" SessionID="3"><From><User FriendlyName="Comercial l GRUPO GENESIS"/></From><To><User FriendlyName="Marcos - São Sepé RS"/></To><Text Style="font-family:Segoe UI; color:#000000; ">Oi</Text></Message><Message Date="20/03/2013" Time="13:37:28" DateTime="2013-03-20T16:37:28.361Z" SessionID="3"><From><User FriendlyName="Comercial l GRUPO GENESIS"/></From><To><User FriendlyName="Marcos - São Sepé RS"/></To><Text Style="font-family:Segoe UI; color:#000000; ">boa tarde</Text></Message><Message Date="20/03/2013" Time="16:47:14" DateTime="2013-03-20T19:47:14.025Z" SessionID="4"><From><User FriendlyName="Marcos - São Sepé RS"/></From><To><User FriendlyName="Comercial l GRUPO GENESIS"/></To><Text Style="font-family:Segoe UI; color:#000000; ">boa tarde</Text></Message><Message Date="20/03/2013" Time="16:48:40" DateTime="2013-03-20T19:48:40.000Z" SessionID="4"><From><User FriendlyName="Comercial l GRUPO GENESIS"/></From><To><User FriendlyName="Marcos - São Sepé RS"/></To><Text Style="font-family:Segoe UI; color:#000000; ">tudo bem?</Text></Message><Message Date="22/03/2013" Time="14:17:21" DateTime="2013-03-22T17:17:21.257Z" SessionID="5"><From><User FriendlyName="Marcos - São Sepé RS"/></From><To><User FriendlyName="Comercial l GRUPO GENESIS"/></To><Text Style="font-family:Segoe UI; color:#000000; ">boa tarde</Text></Message><Message Date="22/03/2013" Time="14:21:21" DateTime="2013-03-22T17:21:21.905Z" SessionID="5"><From><User FriendlyName="Comercial l GRUPO GENESIS"/></From><To><User FriendlyName="Marcos - São Sepé RS"/></To><Text Style="font-family:Segoe UI; color:#000000; ">Boa tarde</Text></Message><Message Date="22/03/2013" Time="14:21:25" DateTime="2013-03-22T17:21:25.945Z" SessionID="5"><From><User FriendlyName="Comercial l GRUPO GENESIS"/></From><To><User FriendlyName="Marcos - São Sepé RS"/></To><Text Style="font-family:Segoe UI; color:#000000; ">tudo bemw</Text></Message><Message Date="22/03/2013" Time="14:22:08" DateTime="2013-03-22T17:22:08.487Z" SessionID="5"><From><User FriendlyName="Marcos - São Sepé RS"/></From><To><User FriendlyName="Comercial l GRUPO GENESIS"/></To><Text Style="font-family:Segoe UI; color:#000000; ">tudo bemm</Text></Message><Message Date="22/03/2013" Time="14:22:16" DateTime="2013-03-22T17:22:16.518Z" SessionID="5"><From><User FriendlyName="Comercial l GRUPO GENESIS"/></From><To><User FriendlyName="Marcos - São Sepé RS"/></To><Text Style="font-family:Segoe UI; color:#000000; ">que bom</Text></Message><Message Date="22/03/2013" Time="14:22:20" DateTime="2013-03-22T17:22:20.948Z" SessionID="5"><From><User FriendlyName="Comercial l GRUPO GENESIS"/></From><To><User FriendlyName="Marcos - São Sepé RS"/></To><Text Style="font-family:Segoe UI; color:#000000; ">posso ajudar?</Text></Message><Message Date="22/03/2013" Time="14:23:32" DateTime="2013-03-22T17:23:32.728Z" SessionID="5"><From><User FriendlyName="Marcos - São Sepé RS"/></From><To><User FriendlyName="Comercial l GRUPO GENESIS"/></To><Text Style="font-family:Segoe UI; color:#000000; "> o q vc tem para me oferecer?</Text></Message><Message Date="22/03/2013" Time="14:24:19" DateTime="2013-03-22T17:24:19.420Z" SessionID="5"><From><User FriendlyName="Comercial l GRUPO GENESIS"/></From><To><User FriendlyName="Marcos - São Sepé RS"/></To><Text Style="font-family:Segoe UI; color:#000000; ">uma campanha de captação bem interresante para sua escola</Text></Message><Message Date="22/03/2013" Time="14:25:02" DateTime="2013-03-22T17:25:02.111Z" SessionID="5"><From><User FriendlyName="Marcos - São Sepé RS"/></From><To><User FriendlyName="Comercial l GRUPO GENESIS"/></To><Text Style="font-family:Segoe UI; color:#000000; ">pode me mandar por email</Text></Message><Message Date="22/03/2013" Time="14:25:57" DateTime="2013-03-22T17:25:57.558Z" SessionID="5"><From><User FriendlyName="Marcos - São Sepé RS"/></From><To><User FriendlyName="Comercial l GRUPO GENESIS"/></To><Text Style="font-family:Segoe UI; color:#000000; ">?
</Text></Message><Message Date="22/03/2013" Time="14:27:00" DateTime="2013-03-22T17:27:00.702Z" SessionID="5"><From><User FriendlyName="Comercial l GRUPO GENESIS"/></From><To><User FriendlyName="Marcos - São Sepé RS"/></To><Text Style="font-family:Segoe UI; color:#000000; ">sim</Text></Message><Message Date="22/03/2013" Time="14:27:05" DateTime="2013-03-22T17:27:05.320Z" SessionID="5"><From><User FriendlyName="Comercial l GRUPO GENESIS"/></From><To><User FriendlyName="Marcos - São Sepé RS"/></To><Text Style="font-family:Segoe UI; color:#000000; ">pode passar?[</Text></Message><Message Date="22/03/2013" Time="14:38:42" DateTime="2013-03-22T17:38:42.701Z" SessionID="5"><From><User FriendlyName="Marcos - São Sepé RS"/></From><To><User FriendlyName="Comercial l GRUPO GENESIS"/></To><Text Style="font-family:Segoe UI; color:#000000; ">pode?</Text></Message><Message Date="22/03/2013" Time="14:38:48" DateTime="2013-03-22T17:38:48.785Z" SessionID="5"><From><User FriendlyName="Marcos - São Sepé RS"/></From><To><User FriendlyName="Comercial l GRUPO GENESIS"/></To><Text Style="font-family:Segoe UI; color:#000000; ">qual a promação</Text></Message><Message Date="22/03/2013" Time="14:54:10" DateTime="2013-03-22T17:54:10.112Z" SessionID="5"><From><User FriendlyName="Comercial l GRUPO GENESIS"/></From><To><User FriendlyName="Marcos - São Sepé RS"/></To><Text Style="font-family:Segoe UI; color:#000000; ">OI?pode passar o email?</Text></Message><Message Date="22/03/2013" Time="14:55:05" DateTime="2013-03-22T17:55:05.508Z" SessionID="5"><From><User FriendlyName="Marcos - São Sepé RS"/></From><To><User FriendlyName="Comercial l GRUPO GENESIS"/></To><Text Style="font-family:Segoe UI; color:#000000; ">o mesmo do msn</Text></Message><Message Date="22/03/2013" Time="14:55:17" DateTime="2013-03-22T17:55:17.032Z" SessionID="5"><From><User FriendlyName="Comercial l GRUPO GENESIS"/></From><To><User FriendlyName="Marcos - São Sepé RS"/></To><Text Style="font-family:Segoe UI; color:#000000; ">tabom</Text></Message><Message Date="22/03/2013" Time="15:26:15" DateTime="2013-03-22T18:26:15.762Z" SessionID="5"><From><User FriendlyName="Marcos - São Sepé RS"/></From><To><User FriendlyName="Comercial l GRUPO GENESIS"/></To><Text Style="font-family:Segoe UI; color:#000000; ">ok?</Text></Message><Message Date="22/03/2013" Time="15:39:45" DateTime="2013-03-22T18:39:45.762Z" SessionID="5"><From><User FriendlyName="Comercial l GRUPO GENESIS"/></From><To><User FriendlyName="Marcos - São Sepé RS"/></To><Text Style="font-family:Segoe UI; color:#000000; ">pronto ja enviei</Text></Message><Message Date="22/03/2013" Time="15:40:53" DateTime="2013-03-22T18:40:53.278Z" SessionID="5"><From><User FriendlyName="Marcos - São Sepé RS"/></From><To><User FriendlyName="Comercial l GRUPO GENESIS"/></To><Text Style="font-family:Segoe UI; color:#000000; ">ok, vou verificar</Text></Message><Message Date="26/03/2013" Time="11:15:08" DateTime="2013-03-26T14:15:08.115Z" SessionID="6"><From><User FriendlyName="Comercial l GRUPO GENESIS"/></From><To><User FriendlyName="Marcos - São Sepé RS"/></To><Text Style="font-family:Segoe UI; color:#000000; ">Oi</Text></Message><Message Date="26/03/2013" Time="11:15:10" DateTime="2013-03-26T14:15:10.318Z" SessionID="6"><From><User FriendlyName="Comercial l GRUPO GENESIS"/></From><To><User FriendlyName="Marcos - São Sepé RS"/></To><Text Style="font-family:Segoe UI; color:#000000; ">bom dia</Text></Message><Message Date="26/03/2013" Time="11:15:18" DateTime="2013-03-26T14:15:18.446Z" SessionID="6"><From><User FriendlyName="Comercial l GRUPO GENESIS"/></From><To><User FriendlyName="Marcos - São Sepé RS"/></To><Text Style="font-family:Segoe UI; color:#000000; ">já viu o email?</Text></Message><Message Date="04/04/2013" Time="17:06:59" DateTime="2013-04-04T20:06:59.238Z" SessionID="7"><From><User FriendlyName="Comercial l GRUPO GENESIS"/></From><To><User FriendlyName="Marcos - São Sepé RS"/></To><Text Style="font-family:Segoe UI; color:#000000; ">Oi Marcos</Text></Message><Message Date="04/04/2013" Time="17:07:05" DateTime="2013-04-04T20:07:05.109Z" SessionID="7"><From><User FriendlyName="Comercial l GRUPO GENESIS"/></From><To><User FriendlyName="Marcos - São Sepé RS"/></To><Text Style="font-family:Segoe UI; color:#000000; ">podemos conversar?</Text></Message><Message Date="08/04/2013" Time="16:48:08" DateTime="2013-04-08T19:48:08.612Z" SessionID="8"><From><User FriendlyName="Comercial l GRUPO GENESIS"/></From><To><User FriendlyName="Marcos - São Sepé RS"/></To><Text Style="font-family:Segoe UI; color:#000000; ">Ola</Text></Message><Message Date="08/04/2013" Time="16:48:12" DateTime="2013-04-08T19:48:12.787Z" SessionID="8"><From><User FriendlyName="Comercial l GRUPO GENESIS"/></From><To><User FriendlyName="Marcos - São Sepé RS"/></To><Text Style="font-family:Segoe UI; color:#000000; ">tudo bem?</Text></Message><Message Date="08/04/2013" Time="16:50:12" DateTime="2013-04-08T19:50:12.923Z" SessionID="8"><From><User FriendlyName="Marcos - São Sepé RS"/></From><To><User FriendlyName="Comercial l GRUPO GENESIS"/></To><Text Style="font-family:Segoe UI; color:#000000; ">olá</Text></Message><Message Date="08/04/2013" Time="16:51:07" DateTime="2013-04-08T19:51:07.331Z" SessionID="8"><From><User FriendlyName="Comercial l GRUPO GENESIS"/></From><To><User FriendlyName="Marcos - São Sepé RS"/></To><Text Style="font-family:Segoe UI; color:#000000; ">voce ficou com alguma duvida referente ao projeto,nao recebi resposta do meu email?</Text></Message><Message Date="09/04/2013" Time="16:16:41" DateTime="2013-04-09T19:16:41.144Z" SessionID="9"><From><User FriendlyName="Comercial l GRUPO GENESIS"/></From><To><User FriendlyName="Marcos - São Sepé RS"/></To><Text Style="font-family:Segoe UI; color:#000000; ">Oi</Text></Message><Message Date="11/04/2013" Time="14:29:12" DateTime="2013-04-11T17:29:12.679Z" SessionID="10"><From><User FriendlyName="Comercial l GRUPO GENESIS"/></From><To><User FriendlyName="Marcos - São Sepé RS"/></To><Text Style="font-family:Segoe UI; color:#000000; ">Oi marcos</Text></Message><Message Date="11/04/2013" Time="14:29:27" DateTime="2013-04-11T17:29:27.452Z" SessionID="10"><From><User FriendlyName="Comercial l GRUPO GENESIS"/></From><To><User FriendlyName="Marcos - São Sepé RS"/></To><Text Style="font-family:Segoe UI; color:#000000; ">tem como me passar o numero de telefone ai da escola?</Text></Message><Message Date="11/04/2013" Time="14:34:21" DateTime="2013-04-11T17:34:21.681Z" SessionID="10"><From><User FriendlyName="Comercial l GRUPO GENESIS"/></From><To><User FriendlyName="Marcos - São Sepé RS"/></To><Text Style="font-family:Segoe UI; color:#000000; ">Oi marcos
tem como me passar o numero de telefone ai da escola?</Text></Message><Message Date="17/04/2013" Time="10:07:08" DateTime="2013-04-17T13:07:08.186Z" SessionID="11"><From><User FriendlyName="Comercial l GRUPO GENESIS"/></From><To><User FriendlyName="Marcos - São Sepé RS"/></To><Text Style="font-family:Segoe UI; color:#000000; ">oi</Text></Message><Message Date="17/04/2013" Time="10:07:11" DateTime="2013-04-17T13:07:11.026Z" SessionID="11"><From><User FriendlyName="Comercial l GRUPO GENESIS"/></From><To><User FriendlyName="Marcos - São Sepé RS"/></To><Text Style="font-family:Segoe UI; color:#000000; ">bom dia[</Text></Message><Message Date="17/04/2013" Time="10:11:29" DateTime="2013-04-17T13:11:29.315Z" SessionID="11"><From><User FriendlyName="Marcos - São Sepé RS"/></From><To><User FriendlyName="Comercial l GRUPO GENESIS"/></To><Text Style="font-family:Segoe UI; color:#000000; ">bom dia</Text></Message><Message Date="17/04/2013" Time="10:12:46" DateTime="2013-04-17T13:12:46.015Z" SessionID="11"><From><User FriendlyName="Comercial l GRUPO GENESIS"/></From><To><User FriendlyName="Marcos - São Sepé RS"/></To><Text Style="font-family:Segoe UI; color:#000000; ">tudo bemw</Text></Message><Message Date="17/04/2013" Time="10:13:01" DateTime="2013-04-17T13:13:01.569Z" SessionID="11"><From><User FriendlyName="Comercial l GRUPO GENESIS"/></From><To><User FriendlyName="Marcos - São Sepé RS"/></To><Text Style="font-family:Segoe UI; color:#000000; ">voce falou com meu colega no face</Text></Message><Message Date="17/04/2013" Time="10:13:08" DateTime="2013-04-17T13:13:08.355Z" SessionID="11"><From><User FriendlyName="Comercial l GRUPO GENESIS"/></From><To><User FriendlyName="Marcos - São Sepé RS"/></To><Text Style="font-family:Segoe UI; color:#000000; ">e vi que tem duvidas</Text></Message><Message Date="17/04/2013" Time="10:13:12" DateTime="2013-04-17T13:13:12.208Z" SessionID="11"><From><User FriendlyName="Comercial l GRUPO GENESIS"/></From><To><User FriendlyName="Marcos - São Sepé RS"/></To><Text Style="font-family:Segoe UI; color:#000000; ">posso ajudar?</Text></Message><Message Date="17/04/2013" Time="10:13:16" DateTime="2013-04-17T13:13:16.919Z" SessionID="11"><From><User FriendlyName="Comercial l GRUPO GENESIS"/></From><To><User FriendlyName="Marcos - São Sepé RS"/></To><Text Style="font-family:Segoe UI; color:#000000; ">pra agendarmos?</Text></Message><Message Date="17/04/2013" Time="10:26:20" DateTime="2013-04-17T13:26:20.575Z" SessionID="11"><From><User FriendlyName="Comercial l GRUPO GENESIS"/></From><To><User FriendlyName="Marcos - São Sepé RS"/></To><Text Style="font-family:Segoe UI; color:#000000; ">????</Text></Message><Message Date="17/04/2013" Time="10:58:07" DateTime="2013-04-17T13:58:07.471Z" SessionID="11"><From><User FriendlyName="Comercial l GRUPO GENESIS"/></From><To><User FriendlyName="Marcos - São Sepé RS"/></To><Text Style="font-family:Segoe UI; color:#000000; ">???</Text></Message><Message Date="17/04/2013" Time="11:14:12" DateTime="2013-04-17T14:14:12.058Z" SessionID="11"><From><User FriendlyName="Marcos - São Sepé RS"/></From><To><User FriendlyName="Comercial l GRUPO GENESIS"/></To><Text Style="font-family:Segoe UI; color:#000000; ">podemos falar atarde</Text></Message><Message Date="17/04/2013" Time="11:14:31" DateTime="2013-04-17T14:14:31.960Z" SessionID="11"><From><User FriendlyName="Comercial l GRUPO GENESIS"/></From><To><User FriendlyName="Marcos - São Sepé RS"/></To><Text Style="font-family:Segoe UI; color:#000000; ">sim,a partir de que horario?</Text></Message><Message Date="17/04/2013" Time="15:46:46" DateTime="2013-04-17T18:46:46.968Z" SessionID="11"><From><User FriendlyName="Comercial l GRUPO GENESIS"/></From><To><User FriendlyName="Marcos - São Sepé RS"/></To><Text Style="font-family:Segoe UI; color:#000000; ">Oi</Text></Message><Message Date="17/04/2013" Time="15:46:48" DateTime="2013-04-17T18:46:48.872Z" SessionID="11"><From><User FriendlyName="Comercial l GRUPO GENESIS"/></From><To><User FriendlyName="Marcos - São Sepé RS"/></To><Text Style="font-family:Segoe UI; color:#000000; ">marcos</Text></Message><Message Date="18/04/2013" Time="14:06:53" DateTime="2013-04-18T17:06:53.249Z" SessionID="12"><From><User FriendlyName="Comercial l GRUPO GENESIS"/></From><To><User FriendlyName="Marcos - São Sepé RS"/></To><Text Style="font-family:Segoe UI; color:#000000; ">OI Sr marcos</Text></Message><Message Date="30/04/2013" Time="10:34:51" DateTime="2013-04-30T13:34:51.539Z" SessionID="13"><From><User FriendlyName="Comercial l GRUPO GENESIS"/></From><To><User FriendlyName="Marcos - São Sepé RS"/></To><Text Style="font-family:Segoe UI; color:#000000; ">Oi bom dia</Text></Message><Message Date="02/05/2013" Time="13:53:53" DateTime="2013-05-02T16:53:53.350Z" SessionID="14"><From><User FriendlyName="Comercial l GRUPO GENESIS"/></From><To><User FriendlyName="Marcos - São Sepé RS"/></To><Text Style="font-family:Segoe UI; color:#000000; ">oi</Text></Message><Message Date="02/05/2013" Time="13:53:57" DateTime="2013-05-02T16:53:57.063Z" SessionID="14"><From><User FriendlyName="Comercial l GRUPO GENESIS"/></From><To><User FriendlyName="Marcos - São Sepé RS"/></To><Text Style="font-family:Segoe UI; color:#000000; ">boa tarde</Text></Message></Log>
