<?xml version="1.0"?>
<?xml-stylesheet type='text/xsl' href='MessageLog.xsl'?>
<Log FirstSessionID="1" LastSessionID="3"><Message Date="19/03/2013" Time="16:48:09" DateTime="2013-03-19T19:48:09.832Z" SessionID="1"><From><User FriendlyName="Comercial l GRUPO GENESIS"/></From><To><User FriendlyName="Derli..."/></To><Text Style="font-family:Segoe UI; color:#000000; ">Oi</Text></Message><Message Date="19/03/2013" Time="16:48:12" DateTime="2013-03-19T19:48:12.732Z" SessionID="1"><From><User FriendlyName="Comercial l GRUPO GENESIS"/></From><To><User FriendlyName="Derli..."/></To><Text Style="font-family:Segoe UI; color:#000000; ">boa tarde</Text></Message><Message Date="21/03/2013" Time="08:29:52" DateTime="2013-03-21T11:29:52.571Z" SessionID="2"><From><User FriendlyName="Comercial l GRUPO GENESIS"/></From><To><User FriendlyName="Derli..."/></To><Text Style="font-family:Segoe UI; color:#000000; ">bom dia</Text></Message><Message Date="01/04/2013" Time="21:07:38" DateTime="2013-04-02T00:07:38.000Z" SessionID="3"><From><User FriendlyName="Derli..."/></From><To><User FriendlyName="Comercial l GRUPO GENESIS"/></To><Text Style="font-family:Segoe UI; color:#000000; ">Ola</Text></Message><Message Date="01/04/2013" Time="21:07:47" DateTime="2013-04-02T00:07:47.060Z" SessionID="3"><From><User FriendlyName="Derli..."/></From><To><User FriendlyName="Comercial l GRUPO GENESIS"/></To><Text Style="font-family:Segoe UI; color:#000000; ">qd estiver online me chame por favor</Text></Message><Message Date="02/04/2013" Time="08:24:47" DateTime="2013-04-02T11:24:47.376Z" SessionID="3"><From><User FriendlyName="Comercial l GRUPO GENESIS"/></From><To><User FriendlyName="Derli..."/></To><Text Style="font-family:Segoe UI; color:#000000; ">ooi</Text></Message><Message Date="02/04/2013" Time="08:24:49" DateTime="2013-04-02T11:24:49.498Z" SessionID="3"><From><User FriendlyName="Comercial l GRUPO GENESIS"/></From><To><User FriendlyName="Derli..."/></To><Text Style="font-family:Segoe UI; color:#000000; ">bom dia</Text></Message><Message Date="02/04/2013" Time="09:26:33" DateTime="2013-04-02T12:26:33.325Z" SessionID="3"><From><User FriendlyName="Derli..."/></From><To><User FriendlyName="Comercial l GRUPO GENESIS"/></To><Text Style="font-family:Segoe UI; color:#000000; ">Bom dia</Text></Message><Message Date="02/04/2013" Time="09:27:28" DateTime="2013-04-02T12:27:28.001Z" SessionID="3"><From><User FriendlyName="Comercial l GRUPO GENESIS"/></From><To><User FriendlyName="Derli..."/></To><Text Style="font-family:Segoe UI; color:#000000; ">tudo bem?
vi seu recado pra te chamar assim que eu estivesse online</Text></Message><Message Date="02/04/2013" Time="09:32:10" DateTime="2013-04-02T12:32:10.626Z" SessionID="3"><From><User FriendlyName="Derli..."/></From><To><User FriendlyName="Comercial l GRUPO GENESIS"/></To><Text Style="font-family:Segoe UI; color:#000000; ">nossa divulgação ficou para dia 08 certo?</Text></Message><Message Date="02/04/2013" Time="09:32:58" DateTime="2013-04-02T12:32:58.128Z" SessionID="3"><From><User FriendlyName="Comercial l GRUPO GENESIS"/></From><To><User FriendlyName="Derli..."/></To><Text Style="font-family:Segoe UI; color:#000000; ">isso</Text></Message><Message Date="02/04/2013" Time="09:37:20" DateTime="2013-04-02T12:37:20.633Z" SessionID="3"><From><User FriendlyName="Derli..."/></From><To><User FriendlyName="Comercial l GRUPO GENESIS"/></To><Text Style="font-family:Segoe UI; color:#000000; ">então assim, eu preciso desmarcar essa data, pois por causa de problemas sérios de saúde estarei me afastando da escola, e não terá ninguém que possa se responsabilizar com a escola a ponto de deixar uma campanha de divulgação por conta...
Assim que tudo estiver resolvido eu torno a marcar...</Text></Message><Message Date="02/04/2013" Time="09:44:34" DateTime="2013-04-02T12:44:34.118Z" SessionID="3"><From><User FriendlyName="Comercial l GRUPO GENESIS"/></From><To><User FriendlyName="Derli..."/></To><Text Style="font-family:Segoe UI; color:#000000; ">vou tentar colocar alguma escola no lugar
 se não conseguir  tera que fazer,porque ficou muito em cima da hora.
Mais será bem provavel que eu consiga, sim.</Text></Message></Log>
