<?xml version="1.0"?>
<?xml-stylesheet type='text/xsl' href='MessageLog.xsl'?>
<Log FirstSessionID="1" LastSessionID="1"><Message Date="30/04/2013" Time="10:27:17" DateTime="2013-04-30T13:27:17.498Z" SessionID="1"><From><User FriendlyName="Comercial l GRUPO GENESIS"/></From><To><User FriendlyName="Dimensão Cursos"/></To><Text Style="font-family:Segoe UI; color:#000000; ">Oi</Text></Message><Message Date="30/04/2013" Time="10:27:19" DateTime="2013-04-30T13:27:19.370Z" SessionID="1"><From><User FriendlyName="Comercial l GRUPO GENESIS"/></From><To><User FriendlyName="Dimensão Cursos"/></To><Text Style="font-family:Segoe UI; color:#000000; ">bom dia</Text></Message></Log>
