<?xml version="1.0"?>
<?xml-stylesheet type='text/xsl' href='MessageLog.xsl'?>
<Log FirstSessionID="1" LastSessionID="1"><Message Date="14/03/2013" Time="09:40:45" DateTime="2013-03-14T12:40:45.000Z" SessionID="1"><From><User FriendlyName="Comercial l GRUPO GENESIS"/></From><To><User FriendlyName="Easycomp São Lorenço SC ESCOLAS FEXADAS"/></To><Text Style="font-family:Segoe UI; color:#000000; ">Oi</Text></Message><Message Date="14/03/2013" Time="09:40:46" DateTime="2013-03-14T12:40:46.607Z" SessionID="1"><From><User FriendlyName="Comercial l GRUPO GENESIS"/></From><To><User FriendlyName="Easycomp São Lorenço SC ESCOLAS FEXADAS"/></To><Text Style="font-family:Segoe UI; color:#000000; ">bom dia</Text></Message><Message Date="14/03/2013" Time="09:40:50" DateTime="2013-03-14T12:40:50.164Z" SessionID="1"><From><User FriendlyName="Comercial l GRUPO GENESIS"/></From><To><User FriendlyName="Easycomp São Lorenço SC ESCOLAS FEXADAS"/></To><Text Style="font-family:Segoe UI; color:#000000; "> Tudo bem?</Text></Message></Log>
