<?xml version="1.0"?>
<?xml-stylesheet type='text/xsl' href='MessageLog.xsl'?>
<Log FirstSessionID="1" LastSessionID="1"><Message Date="29/04/2013" Time="14:56:24" DateTime="2013-04-29T17:56:24.676Z" SessionID="1"><From><User FriendlyName="Comercial l GRUPO GENESIS"/></From><To><User FriendlyName="eliz@cetesc.com"/></To><Text Style="font-family:Segoe UI; color:#000000; ">Ola</Text></Message><Message Date="29/04/2013" Time="14:56:27" DateTime="2013-04-29T17:56:27.047Z" SessionID="1"><From><User FriendlyName="Comercial l GRUPO GENESIS"/></From><To><User FriendlyName="eliz@cetesc.com"/></To><Text Style="font-family:Segoe UI; color:#000000; ">boa tarde</Text></Message></Log>
