<?xml version="1.0"?>
<?xml-stylesheet type='text/xsl' href='MessageLog.xsl'?>
<Log FirstSessionID="1" LastSessionID="1"><Message Date="13/02/2013" Time="15:21:51" DateTime="2013-02-13T18:21:51.796Z" SessionID="1"><From><User FriendlyName="Comercial l GRUPO GENESIS"/></From><To><User FriendlyName="Via Brasil - Joinvillhe - SC administraç"/></To><Text Style="font-family:Segoe UI; color:#000000; ">ola</Text></Message><Message Date="13/02/2013" Time="15:21:56" DateTime="2013-02-13T18:21:56.958Z" SessionID="1"><From><User FriendlyName="Comercial l GRUPO GENESIS"/></From><To><User FriendlyName="Via Brasil - Joinvillhe - SC administraç"/></To><Text Style="font-family:Segoe UI; color:#000000; ">boa tarde</Text></Message><Message Date="13/02/2013" Time="15:22:07" DateTime="2013-02-13T18:22:07.148Z" SessionID="1"><From><User FriendlyName="Via Brasil - Joinvillhe - SC administraç"/></From><To><User FriendlyName="Comercial l GRUPO GENESIS"/></To><Text Style="font-family:Segoe UI; color:#000000; ">boa tarde</Text></Message><Message Date="13/02/2013" Time="15:22:29" DateTime="2013-02-13T18:22:29.602Z" SessionID="1"><From><User FriendlyName="Comercial l GRUPO GENESIS"/></From><To><User FriendlyName="Via Brasil - Joinvillhe - SC administraç"/></To><Text Style="font-family:Segoe UI; color:#000000; ">tudo bem?</Text></Message></Log>
