<?xml version="1.0"?>
<?xml-stylesheet type='text/xsl' href='MessageLog.xsl'?>
<Log FirstSessionID="1" LastSessionID="1"><Message Date="17/04/2013" Time="11:20:21" DateTime="2013-04-17T14:20:21.697Z" SessionID="1"><From><User FriendlyName="Comercial l GRUPO GENESIS"/></From><To><User FriendlyName="Paulo Ind. Ouro Moderno"/></To><Text Style="font-family:Segoe UI; color:#000000; ">Oi Paulo</Text></Message><Message Date="17/04/2013" Time="11:20:23" DateTime="2013-04-17T14:20:23.694Z" SessionID="1"><From><User FriendlyName="Comercial l GRUPO GENESIS"/></From><To><User FriendlyName="Paulo Ind. Ouro Moderno"/></To><Text Style="font-family:Segoe UI; color:#000000; ">Bom dia</Text></Message></Log>
