<?xml version="1.0"?>
<?xml-stylesheet type='text/xsl' href='MessageLog.xsl'?>
<Log FirstSessionID="1" LastSessionID="1"><Message Date="17/01/2013" Time="14:33:08" DateTime="2013-01-17T16:33:08.969Z" SessionID="1"><From><User FriendlyName="Comercial l GRUPO GENESIS"/></From><To><User FriendlyName="Fabio - Primavera SP 212"/></To><Text Style="font-family:Segoe UI; color:#000000; ">ola</Text></Message><Message Date="17/01/2013" Time="14:33:13" DateTime="2013-01-17T16:33:13.979Z" SessionID="1"><From><User FriendlyName="Comercial l GRUPO GENESIS"/></From><To><User FriendlyName="Fabio - Primavera SP 212"/></To><Text Style="font-family:Segoe UI; color:#000000; ">boa tarde</Text></Message></Log>
