<?xml version="1.0"?>
<?xml-stylesheet type='text/xsl' href='MessageLog.xsl'?>
<Log FirstSessionID="1" LastSessionID="7"><Message Date="17/01/2013" Time="16:06:59" DateTime="2013-01-17T18:06:59.967Z" SessionID="1"><From><User FriendlyName="Comercial l GRUPO GENESIS"/></From><To><User FriendlyName="Fabiano Goiais"/></To><Text Style="font-family:Segoe UI; color:#000000; ">ola</Text></Message><Message Date="17/01/2013" Time="16:07:04" DateTime="2013-01-17T18:07:04.269Z" SessionID="1"><From><User FriendlyName="Comercial l GRUPO GENESIS"/></From><To><User FriendlyName="Fabiano Goiais"/></To><Text Style="font-family:Segoe UI; color:#000000; ">tudo bem?</Text></Message><Message Date="17/01/2013" Time="16:07:11" DateTime="2013-01-17T18:07:11.736Z" SessionID="1"><From><User FriendlyName="Fabiano Goiais"/></From><To><User FriendlyName="Comercial l GRUPO GENESIS"/></To><Text Style="font-family:Segoe UI; font-weight:bold; color:#000000; ">td</Text></Message><Message Date="17/01/2013" Time="16:07:13" DateTime="2013-01-17T18:07:13.288Z" SessionID="1"><From><User FriendlyName="Fabiano Goiais"/></From><To><User FriendlyName="Comercial l GRUPO GENESIS"/></To><Text Style="font-family:Segoe UI; font-weight:bold; color:#000000; ">e com vc</Text></Message><Message Date="17/01/2013" Time="16:07:25" DateTime="2013-01-17T18:07:25.018Z" SessionID="1"><From><User FriendlyName="Comercial l GRUPO GENESIS"/></From><To><User FriendlyName="Fabiano Goiais"/></To><Text Style="font-family:Segoe UI; color:#000000; ">que bom</Text></Message><Message Date="17/01/2013" Time="16:07:34" DateTime="2013-01-17T18:07:34.635Z" SessionID="1"><From><User FriendlyName="Comercial l GRUPO GENESIS"/></From><To><User FriendlyName="Fabiano Goiais"/></To><Text Style="font-family:Segoe UI; color:#000000; ">tudo bem </Text></Message><Message Date="17/01/2013" Time="16:17:10" DateTime="2013-01-17T18:17:10.574Z" SessionID="2"><From><User FriendlyName="Comercial l GRUPO GENESIS"/></From><To><User FriendlyName="Fabiano Goiais"/></To><Text Style="font-family:Segoe UI; color:#000000; ">ja agendou sua campanha para 2013?</Text></Message><Message Date="17/01/2013" Time="16:17:25" DateTime="2013-01-17T18:17:25.620Z" SessionID="2"><From><User FriendlyName="Fabiano Goiais"/></From><To><User FriendlyName="Comercial l GRUPO GENESIS"/></To><Text Style="font-family:Segoe UI; font-weight:bold; color:#000000; ">ja</Text></Message><Message Date="06/05/2013" Time="10:37:31" DateTime="2013-05-06T13:37:31.238Z" SessionID="3"><From><User FriendlyName="Fabiano Goiais"/></From><To><User FriendlyName="Comercial l GRUPO GENESIS"/></To><Text Style="font-family:Segoe UI; color:#000000; ">opa</Text></Message><Message Date="06/05/2013" Time="10:37:37" DateTime="2013-05-06T13:37:37.741Z" SessionID="3"><From><User FriendlyName="Fabiano Goiais"/></From><To><User FriendlyName="Comercial l GRUPO GENESIS"/></To><Text Style="font-family:Segoe UI; color:#000000; ">bom dia</Text></Message><Message Date="06/05/2013" Time="10:37:46" DateTime="2013-05-06T13:37:46.910Z" SessionID="3"><From><User FriendlyName="Fabiano Goiais"/></From><To><User FriendlyName="Comercial l GRUPO GENESIS"/></To><Text Style="font-family:Segoe UI; color:#000000; ">estamos fechando parceria para o preparatorio militar</Text></Message><Message Date="06/05/2013" Time="10:38:05" DateTime="2013-05-06T13:38:05.552Z" SessionID="3"><From><User FriendlyName="Fabiano Goiais"/></From><To><User FriendlyName="Comercial l GRUPO GENESIS"/></To><Text Style="font-family:Segoe UI; color:#000000; ">otimas comissoes</Text></Message><Message Date="06/05/2013" Time="10:38:07" DateTime="2013-05-06T13:38:07.939Z" SessionID="3"><From><User FriendlyName="Comercial l GRUPO GENESIS"/></From><To><User FriendlyName="Fabiano Goiais"/></To><Text Style="font-family:Segoe UI; color:#000000; ">Oi bom dia</Text></Message><Message Date="06/05/2013" Time="10:38:22" DateTime="2013-05-06T13:38:22.400Z" SessionID="3"><From><User FriendlyName="Fabiano Goiais"/></From><To><User FriendlyName="Comercial l GRUPO GENESIS"/></To><Text Style="font-family:Segoe UI; color:#000000; ">opa</Text></Message><Message Date="06/05/2013" Time="10:38:30" DateTime="2013-05-06T13:38:30.278Z" SessionID="3"><From><User FriendlyName="Comercial l GRUPO GENESIS"/></From><To><User FriendlyName="Fabiano Goiais"/></To><Text Style="font-family:Segoe UI; color:#000000; ">posso ajudar?</Text></Message><Message Date="06/05/2013" Time="10:38:34" DateTime="2013-05-06T13:38:34.839Z" SessionID="3"><From><User FriendlyName="Fabiano Goiais"/></From><To><User FriendlyName="Comercial l GRUPO GENESIS"/></To><Text Style="font-family:Segoe UI; color:#000000; ">entao, estamos fechando parcerias</Text></Message><Message Date="06/05/2013" Time="10:38:40" DateTime="2013-05-06T13:38:40.970Z" SessionID="3"><From><User FriendlyName="Fabiano Goiais"/></From><To><User FriendlyName="Comercial l GRUPO GENESIS"/></To><Text Style="font-family:Segoe UI; color:#000000; ">com o Preparatorio Militar</Text></Message><Message Date="06/05/2013" Time="10:39:20" DateTime="2013-05-06T13:39:20.703Z" SessionID="3"><From><User FriendlyName="Fabiano Goiais"/></From><To><User FriendlyName="Comercial l GRUPO GENESIS"/></To><Text Style="font-family:Segoe UI; color:#000000; ">estamos dando 10% do faturamento, para indicar ai na regiao sul do Brasil</Text></Message><Message Date="06/05/2013" Time="10:40:12" DateTime="2013-05-06T13:40:12.137Z" SessionID="3"><From><User FriendlyName="Fabiano Goiais"/></From><To><User FriendlyName="Comercial l GRUPO GENESIS"/></To><Text Style="font-family:Segoe UI; color:#000000; ">minimo sao 100 alunos que colocamos a 89,90</Text></Message><Message Date="06/05/2013" Time="10:40:38" DateTime="2013-05-06T13:40:38.741Z" SessionID="3"><From><User FriendlyName="Fabiano Goiais"/></From><To><User FriendlyName="Comercial l GRUPO GENESIS"/></To><Text Style="font-family:Segoe UI; color:#000000; ">900 reais por indicaçao minimo</Text></Message><Message Date="06/05/2013" Time="10:41:36" DateTime="2013-05-06T13:41:36.560Z" SessionID="3"><From><User FriendlyName="Comercial l GRUPO GENESIS"/></From><To><User FriendlyName="Fabiano Goiais"/></To><Text Style="font-family:Segoe UI; color:#000000; ">e onde eu entro?</Text></Message><Message Date="06/05/2013" Time="10:41:41" DateTime="2013-05-06T13:41:41.865Z" SessionID="3"><From><User FriendlyName="Comercial l GRUPO GENESIS"/></From><To><User FriendlyName="Fabiano Goiais"/></To><Text Style="font-family:Segoe UI; color:#000000; ">como posso ajudar?</Text></Message><Message Date="06/05/2013" Time="10:42:40" DateTime="2013-05-06T13:42:40.583Z" SessionID="3"><From><User FriendlyName="Fabiano Goiais"/></From><To><User FriendlyName="Comercial l GRUPO GENESIS"/></To><Text Style="font-family:Segoe UI; color:#000000; ">entao</Text></Message><Message Date="06/05/2013" Time="10:43:14" DateTime="2013-05-06T13:43:14.638Z" SessionID="3"><From><User FriendlyName="Fabiano Goiais"/></From><To><User FriendlyName="Comercial l GRUPO GENESIS"/></To><Text Style="font-family:Segoe UI; color:#000000; ">a escola de informatica e cursos profissionalizante que tem uma sala de aula com no minimo 20 cadeiras universitarias</Text></Message><Message Date="06/05/2013" Time="10:43:31" DateTime="2013-05-06T13:43:31.767Z" SessionID="3"><From><User FriendlyName="Fabiano Goiais"/></From><To><User FriendlyName="Comercial l GRUPO GENESIS"/></To><Text Style="font-family:Segoe UI; color:#000000; ">e querem implantar o curso</Text></Message><Message Date="06/05/2013" Time="10:43:36" DateTime="2013-05-06T13:43:36.369Z" SessionID="3"><From><User FriendlyName="Fabiano Goiais"/></From><To><User FriendlyName="Comercial l GRUPO GENESIS"/></To><Text Style="font-family:Segoe UI; color:#000000; ">nos colocamos os alunos</Text></Message><Message Date="06/05/2013" Time="10:43:43" DateTime="2013-05-06T13:43:43.048Z" SessionID="3"><From><User FriendlyName="Fabiano Goiais"/></From><To><User FriendlyName="Comercial l GRUPO GENESIS"/></To><Text Style="font-family:Segoe UI; color:#000000; ">damos o material pdf</Text></Message><Message Date="06/05/2013" Time="10:43:56" DateTime="2013-05-06T13:43:56.963Z" SessionID="3"><From><User FriendlyName="Fabiano Goiais"/></From><To><User FriendlyName="Comercial l GRUPO GENESIS"/></To><Text Style="font-family:Segoe UI; color:#000000; ">e treinamento..</Text></Message><Message Date="06/05/2013" Time="10:44:00" DateTime="2013-05-06T13:44:00.177Z" SessionID="3"><From><User FriendlyName="Fabiano Goiais"/></From><To><User FriendlyName="Comercial l GRUPO GENESIS"/></To><Text Style="font-family:Segoe UI; color:#000000; ">ele administra</Text></Message><Message Date="06/05/2013" Time="10:44:14" DateTime="2013-05-06T13:44:14.232Z" SessionID="3"><From><User FriendlyName="Fabiano Goiais"/></From><To><User FriendlyName="Comercial l GRUPO GENESIS"/></To><Text Style="font-family:Segoe UI; color:#000000; ">e vcs ganham 10% da comissao da primeira mensalidade</Text></Message><Message Date="06/05/2013" Time="10:45:32" DateTime="2013-05-06T13:45:32.217Z" SessionID="3"><From><User FriendlyName="Fabiano Goiais"/></From><To><User FriendlyName="Comercial l GRUPO GENESIS"/></To><Text Style="font-family:Segoe UI; color:#000000; ">o que acha</Text></Message><Message Date="06/05/2013" Time="10:45:39" DateTime="2013-05-06T13:45:39.034Z" SessionID="3"><From><User FriendlyName="Fabiano Goiais"/></From><To><User FriendlyName="Comercial l GRUPO GENESIS"/></To><Text Style="font-family:Segoe UI; color:#000000; ">vamos fazer a parceria da regiao sul</Text></Message><Message Date="06/05/2013" Time="10:45:51" DateTime="2013-05-06T13:45:51.280Z" SessionID="3"><From><User FriendlyName="Fabiano Goiais"/></From><To><User FriendlyName="Comercial l GRUPO GENESIS"/></To><Text Style="font-family:Segoe UI; color:#000000; ">Pr, SC E RS</Text></Message><Message Date="06/05/2013" Time="10:46:00" DateTime="2013-05-06T13:46:00.609Z" SessionID="3"><From><User FriendlyName="Fabiano Goiais"/></From><To><User FriendlyName="Comercial l GRUPO GENESIS"/></To><Text Style="font-family:Segoe UI; color:#000000; ">o que acha?</Text></Message><Message Date="06/05/2013" Time="10:48:47" DateTime="2013-05-06T13:48:47.328Z" SessionID="4"><From><User FriendlyName="Fabiano Goiais"/></From><To><User FriendlyName="Comercial l GRUPO GENESIS"/></To><Text Style="font-family:Segoe UI; color:#000000; ">é um curso que vcs nao trabalham e nao vao atrapalhar em nada.. e agrega valor em sua empresa</Text></Message><Message Date="06/05/2013" Time="10:51:59" DateTime="2013-05-06T13:51:59.894Z" SessionID="5"><From><User FriendlyName="Fabiano Goiais"/></From><To><User FriendlyName="Comercial l GRUPO GENESIS"/></To><Text Style="font-family:Segoe UI; color:#000000; ">Tem interesse em fazer a parceria?</Text></Message><Message Date="06/05/2013" Time="10:55:49" DateTime="2013-05-06T13:55:49.416Z" SessionID="6"><From><User FriendlyName="Fabiano Goiais"/></From><To><User FriendlyName="Comercial l GRUPO GENESIS"/></To><Text Style="font-family:Segoe UI; color:#000000; ">ok, se precisar ou queiram saber mais detalhe fico a disposição.</Text></Message><Message Date="06/05/2013" Time="10:55:53" DateTime="2013-05-06T13:55:53.668Z" SessionID="6"><From><User FriendlyName="Fabiano Goiais"/></From><To><User FriendlyName="Comercial l GRUPO GENESIS"/></To><Text Style="font-family:Segoe UI; color:#000000; ">tenha um bom dia</Text></Message><Message Date="09/05/2013" Time="11:48:10" DateTime="2013-05-09T14:48:10.589Z" SessionID="7"><From><User FriendlyName="Fabiano Goiais"/></From><To><User FriendlyName="Comercial l GRUPO GENESIS"/></To><Text Style="font-family:Segoe UI; color:#000000; ">opa</Text></Message></Log>
