<?xml version="1.0"?>
<?xml-stylesheet type='text/xsl' href='MessageLog.xsl'?>
<Log FirstSessionID="1" LastSessionID="1"><Message Date="16/01/2013" Time="14:39:54" DateTime="2013-01-16T16:39:54.874Z" SessionID="1"><From><User FriendlyName="Comercial l GRUPO GENESIS"/></From><To><User FriendlyName="Fabiana Blumenal  quer em fevereiro 2012"/></To><Text Style="font-family:Segoe UI; color:#000000; ">ola</Text></Message><Message Date="16/01/2013" Time="14:39:57" DateTime="2013-01-16T16:39:57.401Z" SessionID="1"><From><User FriendlyName="Comercial l GRUPO GENESIS"/></From><To><User FriendlyName="Fabiana Blumenal  quer em fevereiro 2012"/></To><Text Style="font-family:Segoe UI; color:#000000; ">tudo bem?</Text></Message></Log>
