<?xml version="1.0"?>
<?xml-stylesheet type='text/xsl' href='MessageLog.xsl'?>
<Log FirstSessionID="1" LastSessionID="5"><Message Date="28/01/2013" Time="11:29:32" DateTime="2013-01-28T13:29:32.142Z" SessionID="1"><From><User FriendlyName="Comercial l GRUPO GENESIS"/></From><To><User FriendlyName="Veronica Rosario do Sul - RS"/></To><Text Style="font-family:Segoe UI; color:#000000; ">ola</Text></Message><Message Date="28/01/2013" Time="11:29:33" DateTime="2013-01-28T13:29:33.998Z" SessionID="1"><From><User FriendlyName="Comercial l GRUPO GENESIS"/></From><To><User FriendlyName="Veronica Rosario do Sul - RS"/></To><Text Style="font-family:Segoe UI; color:#000000; ">bom dia</Text></Message><Message Date="30/01/2013" Time="14:32:47" DateTime="2013-01-30T16:32:47.701Z" SessionID="2"><From><User FriendlyName="Comercial l GRUPO GENESIS"/></From><To><User FriendlyName="Veronica Rosario do Sul - RS"/></To><Text Style="font-family:Segoe UI; color:#000000; ">Ja fez seu agendamento 2013?</Text></Message><Message Date="15/03/2013" Time="10:59:54" DateTime="2013-03-15T13:59:54.194Z" SessionID="3"><From><User FriendlyName="Veronica Rosario do Sul - RS"/></From><To><User FriendlyName="Comercial l GRUPO GENESIS"/></To><Text Style="font-family:Segoe UI; color:#000000; ">Bom Dia!</Text></Message><Message Date="15/03/2013" Time="11:00:10" DateTime="2013-03-15T14:00:10.565Z" SessionID="3"><From><User FriendlyName="Comercial l GRUPO GENESIS"/></From><To><User FriendlyName="Veronica Rosario do Sul - RS"/></To><Text Style="font-family:Segoe UI; color:#000000; ">Bom Dia</Text></Message><Message Date="15/03/2013" Time="11:00:24" DateTime="2013-03-15T14:00:24.355Z" SessionID="3"><From><User FriendlyName="Comercial l GRUPO GENESIS"/></From><To><User FriendlyName="Veronica Rosario do Sul - RS"/></To><Text Style="font-family:Segoe UI; color:#000000; ">tudo bem?</Text></Message><Message Date="15/03/2013" Time="11:49:24" DateTime="2013-03-15T14:49:24.257Z" SessionID="3"><From><User FriendlyName="Veronica Rosario do Sul - RS"/></From><To><User FriendlyName="Comercial l GRUPO GENESIS"/></To><Text Style="font-family:Segoe UI; color:#000000; ">tudo bem, quero saber com esta a previsão para a vinda de vocês a Rosário do Sul/RS?</Text></Message><Message Date="15/03/2013" Time="11:51:58" DateTime="2013-03-15T14:51:58.428Z" SessionID="3"><From><User FriendlyName="Comercial l GRUPO GENESIS"/></From><To><User FriendlyName="Veronica Rosario do Sul - RS"/></To><Text Style="font-family:Segoe UI; color:#000000; ">a data da campanha é 8 de abril</Text></Message><Message Date="15/03/2013" Time="11:57:42" DateTime="2013-03-15T14:57:42.968Z" SessionID="3"><From><User FriendlyName="Veronica Rosario do Sul - RS"/></From><To><User FriendlyName="Comercial l GRUPO GENESIS"/></To><Text Style="font-family:Segoe UI; color:#000000; ">ok, estamos bem otimistas com o trabalho de vocês!!!</Text></Message><Message Date="15/03/2013" Time="11:57:48" DateTime="2013-03-15T14:57:48.538Z" SessionID="3"><From><User FriendlyName="Veronica Rosario do Sul - RS"/></From><To><User FriendlyName="Comercial l GRUPO GENESIS"/></To><Text Style="font-family:Segoe UI; color:#000000; ">bom trabalho</Text></Message><Message Date="15/03/2013" Time="11:58:17" DateTime="2013-03-15T14:58:17.674Z" SessionID="3"><From><User FriendlyName="Comercial l GRUPO GENESIS"/></From><To><User FriendlyName="Veronica Rosario do Sul - RS"/></To><Text Style="font-family:Segoe UI; color:#000000; ">a que bom,fico feliz em saber</Text></Message><Message Date="04/04/2013" Time="14:17:48" DateTime="2013-04-04T17:17:48.000Z" SessionID="4"><From><User FriendlyName="Veronica Rosario do Sul - RS"/></From><To><User FriendlyName="Comercial l GRUPO GENESIS"/></To><Text>Olá! Quando estiverem on-line por favor me chamem, pois nossa divulgação esta agendada para iniciar nesta segunda dia 08/04</Text></Message><Message Date="09/04/2013" Time="09:36:25" DateTime="2013-04-09T12:36:25.887Z" SessionID="5"><From><User FriendlyName="Veronica Rosario do Sul - RS"/></From><To><User FriendlyName="Comercial l GRUPO GENESIS"/></To><Text>[09:35:43] Fator Humano Cursos de Qualificação Profissional: Bom Dia! Gostaria de ver a previsão de chegada do divulgador de vocês aqui em Rosário?

&lt;&lt;&lt; </Text></Message></Log>
