<?xml version="1.0"?>
<?xml-stylesheet type='text/xsl' href='MessageLog.xsl'?>
<Log FirstSessionID="1" LastSessionID="1"><Message Date="17/01/2013" Time="16:04:37" DateTime="2013-01-17T18:04:37.194Z" SessionID="1"><From><User FriendlyName="Comercial l GRUPO GENESIS"/></From><To><User FriendlyName="Fábio Gottschalk"/></To><Text Style="font-family:Segoe UI; color:#000000; ">ola Fabio</Text></Message><Message Date="17/01/2013" Time="16:04:39" DateTime="2013-01-17T18:04:39.939Z" SessionID="1"><From><User FriendlyName="Comercial l GRUPO GENESIS"/></From><To><User FriendlyName="Fábio Gottschalk"/></To><Text Style="font-family:Segoe UI; color:#000000; ">tudi bem?</Text></Message><Message Date="17/01/2013" Time="16:04:43" DateTime="2013-01-17T18:04:43.296Z" SessionID="1"><From><User FriendlyName="Comercial l GRUPO GENESIS"/></From><To><User FriendlyName="Fábio Gottschalk"/></To><Text Style="font-family:Segoe UI; color:#000000; ">tudo**</Text></Message></Log>
