<?xml version="1.0"?>
<?xml-stylesheet type='text/xsl' href='MessageLog.xsl'?>
<Log FirstSessionID="1" LastSessionID="1"><Message Date="11/04/2013" Time="16:10:44" DateTime="2013-04-11T19:10:44.997Z" SessionID="1"><From><User FriendlyName="Flávio Junior Ortiz"/></From><To><User FriendlyName="Comercial l GRUPO GENESIS"/></To><Text Style="font-family:Segoe UI; color:#000000; ">boa tarde</Text></Message><Message Date="11/04/2013" Time="16:14:16" DateTime="2013-04-11T19:14:16.262Z" SessionID="1"><From><User FriendlyName="Flávio Junior Ortiz"/></From><To><User FriendlyName="Comercial l GRUPO GENESIS"/></To><Text Style="font-family:Segoe UI; color:#000000; ">gostaria de tratar a rspeito de estratégias de Mrketing e divulgação</Text></Message><Message Date="11/04/2013" Time="16:26:35" DateTime="2013-04-11T19:26:35.485Z" SessionID="1"><From><User FriendlyName="Comercial l GRUPO GENESIS"/></From><To><User FriendlyName="Flávio Junior Ortiz"/></To><Text Style="font-family:Segoe UI; color:#000000; ">Oi</Text></Message><Message Date="11/04/2013" Time="16:26:59" DateTime="2013-04-11T19:26:59.064Z" SessionID="1"><From><User FriendlyName="Comercial l GRUPO GENESIS"/></From><To><User FriendlyName="Flávio Junior Ortiz"/></To><Text Style="font-family:Segoe UI; color:#000000; ">sim,posso ajudar?</Text></Message><Message Date="11/04/2013" Time="16:27:55" DateTime="2013-04-11T19:27:55.098Z" SessionID="1"><From><User FriendlyName="Flávio Junior Ortiz"/></From><To><User FriendlyName="Comercial l GRUPO GENESIS"/></To><Text Style="font-family:Segoe UI; color:#000000; ">sim</Text></Message><Message Date="11/04/2013" Time="16:28:21" DateTime="2013-04-11T19:28:21.476Z" SessionID="1"><From><User FriendlyName="Flávio Junior Ortiz"/></From><To><User FriendlyName="Comercial l GRUPO GENESIS"/></To><Text Style="font-family:Segoe UI; color:#000000; ">eu gostaria de saber um pouco mais sobre as divulgações</Text></Message><Message Date="11/04/2013" Time="16:28:49" DateTime="2013-04-11T19:28:49.195Z" SessionID="1"><From><User FriendlyName="Flávio Junior Ortiz"/></From><To><User FriendlyName="Comercial l GRUPO GENESIS"/></To><Text Style="font-family:Segoe UI; color:#000000; ">eu acabei de assumir a cenpro cursos de Vargeão</Text></Message><Message Date="11/04/2013" Time="16:29:18" DateTime="2013-04-11T19:29:18.128Z" SessionID="1"><From><User FriendlyName="Flávio Junior Ortiz"/></From><To><User FriendlyName="Comercial l GRUPO GENESIS"/></To><Text Style="font-family:Segoe UI; color:#000000; ">e a antiga proprietaria me falou de vcs e me passou o conato</Text></Message><Message Date="11/04/2013" Time="16:29:52" DateTime="2013-04-11T19:29:52.336Z" SessionID="1"><From><User FriendlyName="Flávio Junior Ortiz"/></From><To><User FriendlyName="Comercial l GRUPO GENESIS"/></To><Text Style="font-family:Segoe UI; color:#000000; ">gostaria de saber como funciona</Text></Message><Message Date="11/04/2013" Time="16:30:42" DateTime="2013-04-11T19:30:42.956Z" SessionID="1"><From><User FriendlyName="Comercial l GRUPO GENESIS"/></From><To><User FriendlyName="Flávio Junior Ortiz"/></To><Text Style="font-family:Segoe UI; color:#000000; ">sim 1 min</Text></Message><Message Date="11/04/2013" Time="16:39:20" DateTime="2013-04-11T19:39:20.676Z" SessionID="1"><From><User FriendlyName="Flávio Junior Ortiz"/></From><To><User FriendlyName="Comercial l GRUPO GENESIS"/></To><Text Style="font-family:Segoe UI; color:#000000; ">blz</Text></Message><Message Date="11/04/2013" Time="16:39:42" DateTime="2013-04-11T19:39:42.552Z" SessionID="1"><From><User FriendlyName="Comercial l GRUPO GENESIS"/></From><To><User FriendlyName="Flávio Junior Ortiz"/></To><Text Style="font-family:Segoe UI; color:#000000; ">sim,agora podemos conversar.desculpa a demora.</Text></Message><Message Date="11/04/2013" Time="16:40:00" DateTime="2013-04-11T19:40:00.976Z" SessionID="1"><From><User FriendlyName="Comercial l GRUPO GENESIS"/></From><To><User FriendlyName="Flávio Junior Ortiz"/></To><Text Style="font-family:Segoe UI; color:#000000; ">voce assumiu a escola da Ilse?</Text></Message><Message Date="11/04/2013" Time="16:40:16" DateTime="2013-04-11T19:40:16.062Z" SessionID="1"><From><User FriendlyName="Flávio Junior Ortiz"/></From><To><User FriendlyName="Comercial l GRUPO GENESIS"/></To><Text Style="font-family:Segoe UI; color:#000000; ">sim</Text></Message><Message Date="11/04/2013" Time="16:41:19" DateTime="2013-04-11T19:41:19.026Z" SessionID="1"><From><User FriendlyName="Comercial l GRUPO GENESIS"/></From><To><User FriendlyName="Flávio Junior Ortiz"/></To><Text Style="font-family:Segoe UI; color:#000000; ">ela comentou comigo</Text></Message><Message Date="11/04/2013" Time="16:42:27" DateTime="2013-04-11T19:42:27.968Z" SessionID="1"><From><User FriendlyName="Flávio Junior Ortiz"/></From><To><User FriendlyName="Comercial l GRUPO GENESIS"/></To><Text Style="font-family:Segoe UI; color:#000000; ">pois então</Text></Message><Message Date="11/04/2013" Time="16:43:07" DateTime="2013-04-11T19:43:07.812Z" SessionID="1"><From><User FriendlyName="Flávio Junior Ortiz"/></From><To><User FriendlyName="Comercial l GRUPO GENESIS"/></To><Text Style="font-family:Segoe UI; color:#000000; ">quando vocês tem disponibilidade</Text></Message><Message Date="11/04/2013" Time="16:43:09" DateTime="2013-04-11T19:43:09.388Z" SessionID="1"><From><User FriendlyName="Flávio Junior Ortiz"/></From><To><User FriendlyName="Comercial l GRUPO GENESIS"/></To><Text Style="font-family:Segoe UI; color:#000000; ">?</Text></Message><Message Date="11/04/2013" Time="16:44:21" DateTime="2013-04-11T19:44:21.523Z" SessionID="1"><From><User FriendlyName="Flávio Junior Ortiz"/></From><To><User FriendlyName="Comercial l GRUPO GENESIS"/></To><Text Style="font-family:Segoe UI; color:#000000; ">como é a forma de trabalho de vcs</Text></Message><Message Date="11/04/2013" Time="16:44:35" DateTime="2013-04-11T19:44:35.486Z" SessionID="1"><From><User FriendlyName="Comercial l GRUPO GENESIS"/></From><To><User FriendlyName="Flávio Junior Ortiz"/></To><Text Style="font-family:Segoe UI; color:#000000; ">então,estou com uma data proxima</Text></Message><Message Date="11/04/2013" Time="16:45:00" DateTime="2013-04-11T19:45:00.353Z" SessionID="1"><From><User FriendlyName="Comercial l GRUPO GENESIS"/></From><To><User FriendlyName="Flávio Junior Ortiz"/></To><Text Style="font-family:Segoe UI; color:#000000; ">29/04 a 04/05</Text></Message><Message Date="11/04/2013" Time="16:45:29" DateTime="2013-04-11T19:45:29.041Z" SessionID="1"><From><User FriendlyName="Flávio Junior Ortiz"/></From><To><User FriendlyName="Comercial l GRUPO GENESIS"/></To><Text Style="font-family:Segoe UI; color:#000000; ">04/05 seria interessante</Text></Message><Message Date="11/04/2013" Time="16:46:16" DateTime="2013-04-11T19:46:16.278Z" SessionID="1"><From><User FriendlyName="Comercial l GRUPO GENESIS"/></From><To><User FriendlyName="Flávio Junior Ortiz"/></To><Text Style="font-family:Segoe UI; color:#000000; ">entao ele chega ai na terça e fica até sabado
no caso do dia 29 a 04/05
</Text></Message><Message Date="11/04/2013" Time="16:46:28" DateTime="2013-04-11T19:46:28.571Z" SessionID="1"><From><User FriendlyName="Comercial l GRUPO GENESIS"/></From><To><User FriendlyName="Flávio Junior Ortiz"/></To><Text Style="font-family:Segoe UI; color:#000000; ">vou te explicar um pouco sobre a campanha</Text></Message><Message Date="11/04/2013" Time="16:46:39" DateTime="2013-04-11T19:46:39.581Z" SessionID="1"><From><User FriendlyName="Comercial l GRUPO GENESIS"/></From><To><User FriendlyName="Flávio Junior Ortiz"/></To><Text Style="font-family:Segoe UI; color:#000000; ">Para o senhor entender melhor , nós temos uma campanha chamada Clube Estudantil e através desse clube os alunos terão mais vantagens de estudar em sua escola, além de aprender os cursos que você oferece, os alunos recebem um reforço escolar através de um portal exclusivo de nossa empresa, onde eles terão professores online em matemática e português, ou seja,adquirindo nossa campanha o senhor recebe um portal totalmente gratuito livre de taxas e manutenções.
</Text></Message><Message Date="11/04/2013" Time="16:46:41" DateTime="2013-04-11T19:46:41.576Z" SessionID="1"><From><User FriendlyName="Flávio Junior Ortiz"/></From><To><User FriendlyName="Comercial l GRUPO GENESIS"/></To><Text Style="font-family:Segoe UI; color:#000000; ">sim</Text></Message><Message Date="11/04/2013" Time="16:47:07" DateTime="2013-04-11T19:47:07.862Z" SessionID="1"><From><User FriendlyName="Comercial l GRUPO GENESIS"/></From><To><User FriendlyName="Flávio Junior Ortiz"/></To><Text Style="font-family:Segoe UI; color:#000000; ">A campanha entre as que realizamos hoje destaca-se essa a Clube Estudantil, uma campanha vinculada ao portal , hoje mantemos professores online em matemática e português, para dar um reforço diferenciado aos alunos das escolas publicas, relembrando que ele é gratuito aos alunos credenciados da campanha, esses ficam isentos de taxas e manutenções... porém pagarão um valor de credenciamento para sua escola, um valor mensal que pode partir de R$ 49,90 e pode chegar a R$ 89,90, ou seja, voce deve escolher pacotes de cursos para vincular ao nosso portal, entendeu? 
</Text></Message><Message Date="11/04/2013" Time="16:47:59" DateTime="2013-04-11T19:47:59.279Z" SessionID="1"><From><User FriendlyName="Flávio Junior Ortiz"/></From><To><User FriendlyName="Comercial l GRUPO GENESIS"/></To><Text Style="font-family:Segoe UI; color:#000000; ">sim</Text></Message><Message Date="11/04/2013" Time="16:48:05" DateTime="2013-04-11T19:48:05.114Z" SessionID="1"><From><User FriendlyName="Flávio Junior Ortiz"/></From><To><User FriendlyName="Comercial l GRUPO GENESIS"/></To><Text Style="font-family:Segoe UI; color:#000000; ">gostei</Text></Message><Message Date="11/04/2013" Time="16:48:32" DateTime="2013-04-11T19:48:32.741Z" SessionID="1"><From><User FriendlyName="Flávio Junior Ortiz"/></From><To><User FriendlyName="Comercial l GRUPO GENESIS"/></To><Text Style="font-family:Segoe UI; color:#000000; ">a Ilse me comentou a respeito de um Divulgador</Text></Message><Message Date="11/04/2013" Time="16:48:54" DateTime="2013-04-11T19:48:54.903Z" SessionID="1"><From><User FriendlyName="Flávio Junior Ortiz"/></From><To><User FriendlyName="Comercial l GRUPO GENESIS"/></To><Text Style="font-family:Segoe UI; color:#000000; ">André ele ainda trabalha com vcs?</Text></Message><Message Date="11/04/2013" Time="16:48:59" DateTime="2013-04-11T19:48:59.879Z" SessionID="1"><From><User FriendlyName="Comercial l GRUPO GENESIS"/></From><To><User FriendlyName="Flávio Junior Ortiz"/></To><Text Style="font-family:Segoe UI; color:#000000; ">sim</Text></Message><Message Date="11/04/2013" Time="16:49:12" DateTime="2013-04-11T19:49:12.927Z" SessionID="1"><From><User FriendlyName="Comercial l GRUPO GENESIS"/></From><To><User FriendlyName="Flávio Junior Ortiz"/></To><Text Style="font-family:Segoe UI; color:#000000; ">nosso diretor de marketing</Text></Message><Message Date="11/04/2013" Time="16:49:38" DateTime="2013-04-11T19:49:38.214Z" SessionID="1"><From><User FriendlyName="Flávio Junior Ortiz"/></From><To><User FriendlyName="Comercial l GRUPO GENESIS"/></To><Text Style="font-family:Segoe UI; color:#000000; ">a questão financeira como funciona?</Text></Message><Message Date="11/04/2013" Time="16:50:03" DateTime="2013-04-11T19:50:03.611Z" SessionID="1"><From><User FriendlyName="Comercial l GRUPO GENESIS"/></From><To><User FriendlyName="Flávio Junior Ortiz"/></To><Text Style="font-family:Segoe UI; color:#000000; ">Para entender melhor nossa proposta financeiro, como não cobramos nenhum valor mensal pelo Portal Educacional, cobramos de cada alunos credenciado o valor da 1ª parcela que ele pagara no seu curso e mais R$ 25,00 de taxa administrativa cobrado do aluno, o diferencial do nosso grupo é cobrar dos alunos efetivados o valor total no ato da matricula, porém teremos casos de alunos que não conseguirão o valor total no dia, somente uma parte desse valor, nesse caso também liberamos o credenciamento ao aluno, mais o aluno sem valor não será efetivado, dessa forma evitamos as matriculas ruins, as famosas matriculas NÃO PAGAS, evitamos as desistências também.
O aluno credenciado que pagou uma parte do valor total no dia, precisamos da outra parte desse valor, daremos 3 opções para sua escola cobrir a diferença para nossa empresa, cheque em até 3x sem juros, á vista com ótimo desconto ou no cartão de crédito em até 12x sem juros.
</Text></Message><Message Date="11/04/2013" Time="16:51:59" DateTime="2013-04-11T19:51:59.675Z" SessionID="1"><From><User FriendlyName="Flávio Junior Ortiz"/></From><To><User FriendlyName="Comercial l GRUPO GENESIS"/></To><Text Style="font-family:Segoe UI; color:#000000; ">sim</Text></Message><Message Date="11/04/2013" Time="16:52:20" DateTime="2013-04-11T19:52:20.923Z" SessionID="1"><From><User FriendlyName="Comercial l GRUPO GENESIS"/></From><To><User FriendlyName="Flávio Junior Ortiz"/></To><Text Style="font-family:Segoe UI; color:#000000; ">alguma duvida?</Text></Message><Message Date="11/04/2013" Time="16:52:34" DateTime="2013-04-11T19:52:34.354Z" SessionID="1"><From><User FriendlyName="Flávio Junior Ortiz"/></From><To><User FriendlyName="Comercial l GRUPO GENESIS"/></To><Text Style="font-family:Segoe UI; color:#000000; ">não de momento</Text></Message><Message Date="11/04/2013" Time="16:52:56" DateTime="2013-04-11T19:52:56.210Z" SessionID="1"><From><User FriendlyName="Flávio Junior Ortiz"/></From><To><User FriendlyName="Comercial l GRUPO GENESIS"/></To><Text Style="font-family:Segoe UI; color:#000000; ">mas além disso existe mais alguma cobrança</Text></Message><Message Date="11/04/2013" Time="16:53:05" DateTime="2013-04-11T19:53:05.866Z" SessionID="1"><From><User FriendlyName="Flávio Junior Ortiz"/></From><To><User FriendlyName="Comercial l GRUPO GENESIS"/></To><Text Style="font-family:Segoe UI; color:#000000; ">ou taxa?</Text></Message><Message Date="11/04/2013" Time="16:54:17" DateTime="2013-04-11T19:54:17.325Z" SessionID="1"><From><User FriendlyName="Comercial l GRUPO GENESIS"/></From><To><User FriendlyName="Flávio Junior Ortiz"/></To><Text Style="font-family:Segoe UI; color:#000000; ">em relação ao pagamento do trabalho,oque eu expliquei acima;
Para finalizar , precisamos de um apoio da sua escola para chegada do nosso gerente:
- Hospedagem 
- viagem ida e volta 
e material para campanha, o convite é impresso em sua escola (preto e branco)+ adesivo que já levamos pronto valor de R$0,25 centavos cada
</Text></Message><Message Date="11/04/2013" Time="16:55:01" DateTime="2013-04-11T19:55:01.052Z" SessionID="1"><From><User FriendlyName="Flávio Junior Ortiz"/></From><To><User FriendlyName="Comercial l GRUPO GENESIS"/></To><Text Style="font-family:Segoe UI; color:#000000; ">certo</Text></Message><Message Date="11/04/2013" Time="16:59:23" DateTime="2013-04-11T19:59:23.538Z" SessionID="1"><From><User FriendlyName="Comercial l GRUPO GENESIS"/></From><To><User FriendlyName="Flávio Junior Ortiz"/></To><Text Style="font-family:Segoe UI; color:#000000; ">quer agendar a data que te passei?</Text></Message><Message Date="11/04/2013" Time="17:00:21" DateTime="2013-04-11T20:00:21.273Z" SessionID="1"><From><User FriendlyName="Flávio Junior Ortiz"/></From><To><User FriendlyName="Comercial l GRUPO GENESIS"/></To><Text Style="font-family:Segoe UI; color:#000000; ">é como eu te falei vou conversar com o pessoal ai a gente tem uma posição mais concreta</Text></Message><Message Date="11/04/2013" Time="17:01:13" DateTime="2013-04-11T20:01:13.195Z" SessionID="1"><From><User FriendlyName="Flávio Junior Ortiz"/></From><To><User FriendlyName="Comercial l GRUPO GENESIS"/></To><Text Style="font-family:Segoe UI; color:#000000; ">eu ainda estou sentindo o movimento da escola fazendo algumas mudaças necessárias</Text></Message><Message Date="11/04/2013" Time="17:01:46" DateTime="2013-04-11T20:01:46.363Z" SessionID="1"><From><User FriendlyName="Flávio Junior Ortiz"/></From><To><User FriendlyName="Comercial l GRUPO GENESIS"/></To><Text Style="font-family:Segoe UI; color:#000000; ">mas breve te retorno</Text></Message></Log>
