<?xml version="1.0"?>
<?xml-stylesheet type='text/xsl' href='MessageLog.xsl'?>
<Log FirstSessionID="1" LastSessionID="10"><Message Date="24/01/2013" Time="17:10:21" DateTime="2013-01-24T19:10:21.534Z" SessionID="1"><From><User FriendlyName="Comercial l GRUPO GENESIS"/></From><To><User FriendlyName="Fabricio- Comodoro MT ind.Ana Cristina"/></To><Text Style="font-family:Segoe UI; color:#000000; ">ola</Text></Message><Message Date="24/01/2013" Time="17:11:15" DateTime="2013-01-24T19:11:15.856Z" SessionID="1"><From><User FriendlyName="Fabricio- Comodoro MT ind.Ana Cristina"/></From><To><User FriendlyName="Comercial l GRUPO GENESIS"/></To><Text Style="font-family:Arial; font-weight:bold; color:#000000; ">o Fabrício não se encontra na Empresa!!!</Text></Message><Message Date="24/01/2013" Time="17:11:38" DateTime="2013-01-24T19:11:38.058Z" SessionID="1"><From><User FriendlyName="Comercial l GRUPO GENESIS"/></From><To><User FriendlyName="Fabricio- Comodoro MT ind.Ana Cristina"/></To><Text Style="font-family:Segoe UI; color:#000000; ">ok,obrigado</Text></Message><Message Date="24/01/2013" Time="17:11:49" DateTime="2013-01-24T19:11:49.583Z" SessionID="1"><From><User FriendlyName="Fabricio- Comodoro MT ind.Ana Cristina"/></From><To><User FriendlyName="Comercial l GRUPO GENESIS"/></To><Text Style="font-family:Arial; font-weight:bold; color:#000000; ">nada </Text></Message><Message Date="25/01/2013" Time="09:54:02" DateTime="2013-01-25T11:54:02.800Z" SessionID="2"><From><User FriendlyName="Comercial l GRUPO GENESIS"/></From><To><User FriendlyName="Fabricio- Comodoro MT ind.Ana Cristina"/></To><Text Style="font-family:Segoe UI; color:#000000; ">Ola</Text></Message><Message Date="25/01/2013" Time="09:54:06" DateTime="2013-01-25T11:54:06.308Z" SessionID="2"><From><User FriendlyName="Comercial l GRUPO GENESIS"/></From><To><User FriendlyName="Fabricio- Comodoro MT ind.Ana Cristina"/></To><Text Style="font-family:Segoe UI; color:#000000; ">bom dia</Text></Message><Message Date="25/01/2013" Time="09:54:21" DateTime="2013-01-25T11:54:21.409Z" SessionID="2"><From><User FriendlyName="Fabricio- Comodoro MT ind.Ana Cristina"/></From><To><User FriendlyName="Comercial l GRUPO GENESIS"/></To><Text Style="font-family:Arial; font-weight:bold; color:#000000; ">ola</Text></Message><Message Date="25/01/2013" Time="09:55:05" DateTime="2013-01-25T11:55:05.136Z" SessionID="2"><From><User FriendlyName="Fabricio- Comodoro MT ind.Ana Cristina"/></From><To><User FriendlyName="Comercial l GRUPO GENESIS"/></To><Text Style="font-family:Arial; font-weight:bold; color:#000000; ">o Fabrício não encontra-se na Empresa</Text></Message><Message Date="25/01/2013" Time="09:55:22" DateTime="2013-01-25T11:55:22.881Z" SessionID="2"><From><User FriendlyName="Comercial l GRUPO GENESIS"/></From><To><User FriendlyName="Fabricio- Comodoro MT ind.Ana Cristina"/></To><Text Style="font-family:Segoe UI; color:#000000; ">voce sabe um horario que posso encontrar ele?</Text></Message><Message Date="25/01/2013" Time="09:56:25" DateTime="2013-01-25T11:56:25.218Z" SessionID="2"><From><User FriendlyName="Fabricio- Comodoro MT ind.Ana Cristina"/></From><To><User FriendlyName="Comercial l GRUPO GENESIS"/></To><Text Style="font-family:Arial; font-weight:bold; color:#000000; ">depois da 13:00 hrs</Text></Message><Message Date="25/01/2013" Time="09:56:46" DateTime="2013-01-25T11:56:46.153Z" SessionID="2"><From><User FriendlyName="Comercial l GRUPO GENESIS"/></From><To><User FriendlyName="Fabricio- Comodoro MT ind.Ana Cristina"/></To><Text Style="font-family:Segoe UI; color:#000000; ">ok</Text></Message><Message Date="25/01/2013" Time="09:56:53" DateTime="2013-01-25T11:56:53.771Z" SessionID="2"><From><User FriendlyName="Comercial l GRUPO GENESIS"/></From><To><User FriendlyName="Fabricio- Comodoro MT ind.Ana Cristina"/></To><Text Style="font-family:Segoe UI; color:#000000; ">obrigado pela atenção</Text></Message><Message Date="25/01/2013" Time="09:57:19" DateTime="2013-01-25T11:57:19.745Z" SessionID="2"><From><User FriendlyName="Fabricio- Comodoro MT ind.Ana Cristina"/></From><To><User FriendlyName="Comercial l GRUPO GENESIS"/></To><Text Style="font-family:Arial; font-weight:bold; color:#000000; ">nada </Text></Message><Message Date="25/01/2013" Time="09:57:23" DateTime="2013-01-25T11:57:23.489Z" SessionID="2"><From><User FriendlyName="Fabricio- Comodoro MT ind.Ana Cristina"/></From><To><User FriendlyName="Comercial l GRUPO GENESIS"/></To><Text Style="font-family:Arial; font-weight:bold; color:#000000; ">rsrsrs</Text></Message><Message Date="25/01/2013" Time="09:57:30" DateTime="2013-01-25T11:57:30.634Z" SessionID="2"><From><User FriendlyName="Comercial l GRUPO GENESIS"/></From><To><User FriendlyName="Fabricio- Comodoro MT ind.Ana Cristina"/></To><Text Style="font-family:Segoe UI; color:#000000; ">:)</Text></Message><Message Date="25/01/2013" Time="09:57:46" DateTime="2013-01-25T11:57:46.436Z" SessionID="3"><From><User FriendlyName="Fabricio- Comodoro MT ind.Ana Cristina"/></From><To><User FriendlyName="Comercial l GRUPO GENESIS"/></To><Text Style="font-family:Arial; font-weight:bold; color:#000000; ">:)</Text></Message><Message Date="29/01/2013" Time="14:32:38" DateTime="2013-01-29T16:32:38.408Z" SessionID="4"><From><User FriendlyName="Comercial l GRUPO GENESIS"/></From><To><User FriendlyName="Fabricio- Comodoro MT ind.Ana Cristina"/></To><Text Style="font-family:Segoe UI; color:#000000; ">ola</Text></Message><Message Date="29/01/2013" Time="14:32:40" DateTime="2013-01-29T16:32:40.120Z" SessionID="4"><From><User FriendlyName="Comercial l GRUPO GENESIS"/></From><To><User FriendlyName="Fabricio- Comodoro MT ind.Ana Cristina"/></To><Text Style="font-family:Segoe UI; color:#000000; ">boa tarde</Text></Message><Message Date="06/02/2013" Time="15:02:05" DateTime="2013-02-06T17:02:05.308Z" SessionID="5"><From><User FriendlyName="Comercial l GRUPO GENESIS"/></From><To><User FriendlyName="Fabricio- Comodoro MT ind.Ana Cristina"/></To><Text Style="font-family:Segoe UI; color:#000000; ">ola</Text></Message><Message Date="06/02/2013" Time="15:02:08" DateTime="2013-02-06T17:02:08.366Z" SessionID="5"><From><User FriendlyName="Comercial l GRUPO GENESIS"/></From><To><User FriendlyName="Fabricio- Comodoro MT ind.Ana Cristina"/></To><Text Style="font-family:Segoe UI; color:#000000; ">boa tarde</Text></Message><Message Date="14/03/2013" Time="09:46:21" DateTime="2013-03-14T12:46:21.589Z" SessionID="6"><From><User FriendlyName="Comercial l GRUPO GENESIS"/></From><To><User FriendlyName="Fabricio- Comodoro MT ind.Ana Cristina"/></To><Text Style="font-family:Segoe UI; color:#000000; ">Oi</Text></Message><Message Date="14/03/2013" Time="09:46:23" DateTime="2013-03-14T12:46:23.929Z" SessionID="6"><From><User FriendlyName="Comercial l GRUPO GENESIS"/></From><To><User FriendlyName="Fabricio- Comodoro MT ind.Ana Cristina"/></To><Text Style="font-family:Segoe UI; color:#000000; ">Bom Dia</Text></Message><Message Date="14/03/2013" Time="09:46:50" DateTime="2013-03-14T12:46:50.967Z" SessionID="6"><From><User FriendlyName="Fabricio- Comodoro MT ind.Ana Cristina"/></From><To><User FriendlyName="Comercial l GRUPO GENESIS"/></To><Text>ola</Text></Message><Message Date="14/03/2013" Time="09:47:03" DateTime="2013-03-14T12:47:03.334Z" SessionID="6"><From><User FriendlyName="Comercial l GRUPO GENESIS"/></From><To><User FriendlyName="Fabricio- Comodoro MT ind.Ana Cristina"/></To><Text Style="font-family:Segoe UI; color:#000000; ">tudo bem?</Text></Message><Message Date="14/03/2013" Time="13:29:17" DateTime="2013-03-14T16:29:17.942Z" SessionID="6"><From><User FriendlyName="Comercial l GRUPO GENESIS"/></From><To><User FriendlyName="Fabricio- Comodoro MT ind.Ana Cristina"/></To><Text Style="font-family:Segoe UI; color:#000000; ">??</Text></Message><Message Date="14/03/2013" Time="13:29:34" DateTime="2013-03-14T16:29:34.432Z" SessionID="6"><From><User FriendlyName="Fabricio- Comodoro MT ind.Ana Cristina"/></From><To><User FriendlyName="Comercial l GRUPO GENESIS"/></To><Text>tudo blz</Text></Message><Message Date="14/03/2013" Time="13:30:04" DateTime="2013-03-14T16:30:04.524Z" SessionID="6"><From><User FriendlyName="Comercial l GRUPO GENESIS"/></From><To><User FriendlyName="Fabricio- Comodoro MT ind.Ana Cristina"/></To><Text Style="font-family:Segoe UI; color:#000000; ">que bom</Text></Message><Message Date="14/03/2013" Time="13:30:16" DateTime="2013-03-14T16:30:16.786Z" SessionID="6"><From><User FriendlyName="Comercial l GRUPO GENESIS"/></From><To><User FriendlyName="Fabricio- Comodoro MT ind.Ana Cristina"/></To><Text Style="font-family:Segoe UI; color:#000000; ">Voce falou com o Gabriel a algum tempo</Text></Message><Message Date="14/03/2013" Time="13:30:24" DateTime="2013-03-14T16:30:24.211Z" SessionID="6"><From><User FriendlyName="Comercial l GRUPO GENESIS"/></From><To><User FriendlyName="Fabricio- Comodoro MT ind.Ana Cristina"/></To><Text Style="font-family:Segoe UI; color:#000000; ">pra fazer captação ai,certow</Text></Message><Message Date="14/03/2013" Time="13:30:25" DateTime="2013-03-14T16:30:25.475Z" SessionID="6"><From><User FriendlyName="Comercial l GRUPO GENESIS"/></From><To><User FriendlyName="Fabricio- Comodoro MT ind.Ana Cristina"/></To><Text Style="font-family:Segoe UI; color:#000000; ">?</Text></Message><Message Date="14/03/2013" Time="13:30:46" DateTime="2013-03-14T16:30:46.129Z" SessionID="6"><From><User FriendlyName="Fabricio- Comodoro MT ind.Ana Cristina"/></From><To><User FriendlyName="Comercial l GRUPO GENESIS"/></To><Text>certo</Text></Message><Message Date="14/03/2013" Time="13:31:28" DateTime="2013-03-14T16:31:28.140Z" SessionID="6"><From><User FriendlyName="Fabricio- Comodoro MT ind.Ana Cristina"/></From><To><User FriendlyName="Comercial l GRUPO GENESIS"/></To><Text>falei com ele, mas está dificil a as exigencias, passagem, hotel, num dá, até pago o hotel se numero de aluno for superior a 92</Text></Message><Message Date="14/03/2013" Time="13:36:08" DateTime="2013-03-14T16:36:08.876Z" SessionID="6"><From><User FriendlyName="Fabricio- Comodoro MT ind.Ana Cristina"/></From><To><User FriendlyName="Comercial l GRUPO GENESIS"/></To><Text>Vanos deixar de lado essa passgem e vamos negociar o hotel, APENAS O HOTEL, coloca acima de 92 aluno eu pago o hotel, mas desde que o captador tenha altonomia para trabalhar comigo, sem ter que toda hora ficar ligando ai...</Text></Message><Message Date="14/03/2013" Time="13:36:56" DateTime="2013-03-14T16:36:56.470Z" SessionID="6"><From><User FriendlyName="Comercial l GRUPO GENESIS"/></From><To><User FriendlyName="Fabricio- Comodoro MT ind.Ana Cristina"/></To><Text Style="font-family:Segoe UI; color:#000000; ">Como assim apenas hotel?


</Text></Message><Message Date="14/03/2013" Time="13:37:38" DateTime="2013-03-14T16:37:38.790Z" SessionID="6"><From><User FriendlyName="Fabricio- Comodoro MT ind.Ana Cristina"/></From><To><User FriendlyName="Comercial l GRUPO GENESIS"/></To><Text>é que o gabriel que me cobrrar a passem + hotel, e eu não pago hotel nem passagem.</Text></Message><Message Date="14/03/2013" Time="13:38:45" DateTime="2013-03-14T16:38:45.205Z" SessionID="6"><From><User FriendlyName="Fabricio- Comodoro MT ind.Ana Cristina"/></From><To><User FriendlyName="Comercial l GRUPO GENESIS"/></To><Text>temos que combinar também a forma de pagamento para as matriculas não pagas...</Text></Message><Message Date="14/03/2013" Time="13:40:08" DateTime="2013-03-14T16:40:08.106Z" SessionID="6"><From><User FriendlyName="Comercial l GRUPO GENESIS"/></From><To><User FriendlyName="Fabricio- Comodoro MT ind.Ana Cristina"/></To><Text Style="font-family:Segoe UI; color:#000000; ">esse desconto que o senhor quer esta fora dos padrões para um serviços de qualidade e resultado, assim voce pode fechar com PESSOA FISICA mais dificilmente com uma empresa!
 e  estaremos nessa região esse ano e todos os clientes vão realizar o investimento padrão!</Text></Message><Message Date="14/03/2013" Time="13:42:08" DateTime="2013-03-14T16:42:08.260Z" SessionID="6"><From><User FriendlyName="Fabricio- Comodoro MT ind.Ana Cristina"/></From><To><User FriendlyName="Comercial l GRUPO GENESIS"/></To><Text>Bem tenho a PERTh, tenho a CELTA, tenho Esolca Brasil, todas essas empresas trabalham assim...e outra coisa sua qualidade não ficou tão boa assim, seu divulgador não colocou 50 alunos. ficou muito caro para mim, esses 50 alunos, houve 15 desistencia, eu gastei certa de 90,00 por aluno é muito caro para mim....</Text></Message><Message Date="14/03/2013" Time="13:44:31" DateTime="2013-03-14T16:44:31.459Z" SessionID="6"><From><User FriendlyName="Fabricio- Comodoro MT ind.Ana Cristina"/></From><To><User FriendlyName="Comercial l GRUPO GENESIS"/></To><Text>tenho mais uma lista de 20 difulgadores, para trabalhar. Nesse mercado, nós não dançamos a sua musica, e assim na realidade de meu mercado. Estmos trabalhando com curso, há 13 anos, no mesmo lugar, tenho nome credibilidade, minhas campanhas com panfletos retom 30-40 alunos.</Text></Message><Message Date="14/03/2013" Time="14:02:42" DateTime="2013-03-14T17:02:42.376Z" SessionID="6"><From><User FriendlyName="Comercial l GRUPO GENESIS"/></From><To><User FriendlyName="Fabricio- Comodoro MT ind.Ana Cristina"/></To><Text Style="font-family:Segoe UI; color:#000000; ">Nossa proposta continua a mesma,realizamos a campanha com investimento padrão!
Só gostaria de informar que nesse momento o senhor DEIXA DE SER CLIENTE EDUCA GENESIS e a sua cidade  esta libera para atender-mos outras escolas
é bom deixar bem claro para depois não ligar reclamando se realiza-mos algum trabalho ai para outra escola</Text></Message><Message Date="18/04/2013" Time="11:48:30" DateTime="2013-04-18T14:48:30.521Z" SessionID="7"><From><User FriendlyName="Comercial l GRUPO GENESIS"/></From><To><User FriendlyName="Fabricio- Comodoro MT ind.Ana Cristina"/></To><Text Style="font-family:Segoe UI; color:#000000; ">Oi bom dia</Text></Message><Message Date="30/04/2013" Time="08:58:20" DateTime="2013-04-30T11:58:20.879Z" SessionID="8"><From><User FriendlyName="Comercial l GRUPO GENESIS"/></From><To><User FriendlyName="Fabricio- Comodoro MT ind.Ana Cristina"/></To><Text Style="font-family:Segoe UI; color:#000000; ">Olá..bom dia</Text></Message><Message Date="30/04/2013" Time="08:58:44" DateTime="2013-04-30T11:58:44.060Z" SessionID="8"><From><User FriendlyName="Fabricio- Comodoro MT ind.Ana Cristina"/></From><To><User FriendlyName="Comercial l GRUPO GENESIS"/></To><Text>Bom Dia!!!</Text></Message><Message Date="30/04/2013" Time="08:59:01" DateTime="2013-04-30T11:59:01.798Z" SessionID="8"><From><User FriendlyName="Comercial l GRUPO GENESIS"/></From><To><User FriendlyName="Fabricio- Comodoro MT ind.Ana Cristina"/></To><Text Style="font-family:Segoe UI; color:#000000; ">tudo bem?com quem falo?</Text></Message><Message Date="30/04/2013" Time="08:59:27" DateTime="2013-04-30T11:59:27.697Z" SessionID="8"><From><User FriendlyName="Fabricio- Comodoro MT ind.Ana Cristina"/></From><To><User FriendlyName="Comercial l GRUPO GENESIS"/></To><Text>Raiane Secretária Alfa</Text></Message><Message Date="30/04/2013" Time="08:59:57" DateTime="2013-04-30T11:59:57.941Z" SessionID="8"><From><User FriendlyName="Comercial l GRUPO GENESIS"/></From><To><User FriendlyName="Fabricio- Comodoro MT ind.Ana Cristina"/></To><Text Style="font-family:Segoe UI; color:#000000; ">O fabricio não se encontra?</Text></Message><Message Date="30/04/2013" Time="09:01:00" DateTime="2013-04-30T12:01:00.070Z" SessionID="8"><From><User FriendlyName="Fabricio- Comodoro MT ind.Ana Cristina"/></From><To><User FriendlyName="Comercial l GRUPO GENESIS"/></To><Text>Não, ele esta resolvendo alguns Compromissos.</Text></Message><Message Date="30/04/2013" Time="09:01:34" DateTime="2013-04-30T12:01:34.177Z" SessionID="8"><From><User FriendlyName="Fabricio- Comodoro MT ind.Ana Cristina"/></From><To><User FriendlyName="Comercial l GRUPO GENESIS"/></To><Text>Ele estava na Empresa depois das 13:00 horas</Text></Message><Message Date="30/04/2013" Time="09:02:06" DateTime="2013-04-30T12:02:06.061Z" SessionID="8"><From><User FriendlyName="Comercial l GRUPO GENESIS"/></From><To><User FriendlyName="Fabricio- Comodoro MT ind.Ana Cristina"/></To><Text Style="font-family:Segoe UI; color:#000000; ">certo.Mais tarde entro em contato então.Obrigado</Text></Message><Message Date="30/04/2013" Time="09:02:38" DateTime="2013-04-30T12:02:38.588Z" SessionID="8"><From><User FriendlyName="Fabricio- Comodoro MT ind.Ana Cristina"/></From><To><User FriendlyName="Comercial l GRUPO GENESIS"/></To><Text>Blz.</Text></Message><Message Date="30/04/2013" Time="14:31:11" DateTime="2013-04-30T17:31:11.417Z" SessionID="8"><From><User FriendlyName="Comercial l GRUPO GENESIS"/></From><To><User FriendlyName="Fabricio- Comodoro MT ind.Ana Cristina"/></To><Text Style="font-family:Segoe UI; color:#000000; ">Oi boa tarde</Text></Message><Message Date="30/04/2013" Time="14:34:18" DateTime="2013-04-30T17:34:18.623Z" SessionID="8"><From><User FriendlyName="Comercial l GRUPO GENESIS"/></From><To><User FriendlyName="Fabricio- Comodoro MT ind.Ana Cristina"/></To><Text Style="font-family:Segoe UI; color:#000000; ">posso falar com fabricio?</Text></Message><Message Date="30/04/2013" Time="14:34:22" DateTime="2013-04-30T17:34:22.242Z" SessionID="8"><From><User FriendlyName="Fabricio- Comodoro MT ind.Ana Cristina"/></From><To><User FriendlyName="Comercial l GRUPO GENESIS"/></To><Text>opa</Text></Message><Message Date="30/04/2013" Time="14:34:54" DateTime="2013-04-30T17:34:54.535Z" SessionID="8"><From><User FriendlyName="Fabricio- Comodoro MT ind.Ana Cristina"/></From><To><User FriendlyName="Comercial l GRUPO GENESIS"/></To><Text>diga meu jovem tudo certo</Text></Message><Message Date="30/04/2013" Time="14:35:01" DateTime="2013-04-30T17:35:01.960Z" SessionID="8"><From><User FriendlyName="Comercial l GRUPO GENESIS"/></From><To><User FriendlyName="Fabricio- Comodoro MT ind.Ana Cristina"/></To><Text Style="font-family:Segoe UI; color:#000000; ">tudo bem e voce?</Text></Message><Message Date="30/04/2013" Time="14:42:00" DateTime="2013-04-30T17:42:00.995Z" SessionID="8"><From><User FriendlyName="Comercial l GRUPO GENESIS"/></From><To><User FriendlyName="Fabricio- Comodoro MT ind.Ana Cristina"/></To><Text Style="font-family:Segoe UI; color:#000000; ">Fabricio,eu estou entrando em contato pois estamos com uma equipe ai em Mato grosso,e queria saber se você nao quer fazer a campanha?</Text></Message><Message Date="30/04/2013" Time="15:01:11" DateTime="2013-04-30T18:01:11.358Z" SessionID="8"><From><User FriendlyName="Fabricio- Comodoro MT ind.Ana Cristina"/></From><To><User FriendlyName="Comercial l GRUPO GENESIS"/></To><Text>em quais condições</Text></Message><Message Date="30/04/2013" Time="15:01:12" DateTime="2013-04-30T18:01:12.545Z" SessionID="8"><From><User FriendlyName="Fabricio- Comodoro MT ind.Ana Cristina"/></From><To><User FriendlyName="Comercial l GRUPO GENESIS"/></To><Text>?</Text></Message><Message Date="30/04/2013" Time="15:03:20" DateTime="2013-04-30T18:03:20.443Z" SessionID="8"><From><User FriendlyName="Comercial l GRUPO GENESIS"/></From><To><User FriendlyName="Fabricio- Comodoro MT ind.Ana Cristina"/></To><Text Style="font-family:Segoe UI; color:#000000; ">a passagem será dividida</Text></Message><Message Date="30/04/2013" Time="15:05:45" DateTime="2013-04-30T18:05:45.658Z" SessionID="8"><From><User FriendlyName="Comercial l GRUPO GENESIS"/></From><To><User FriendlyName="Fabricio- Comodoro MT ind.Ana Cristina"/></To><Text Style="font-family:Segoe UI; color:#000000; ">a hospedagem fica por conta do senhor,que pode ser um quarto simples com banheiro
alimentação por nossa conta</Text></Message><Message Date="30/04/2013" Time="15:06:10" DateTime="2013-04-30T18:06:10.477Z" SessionID="8"><From><User FriendlyName="Comercial l GRUPO GENESIS"/></From><To><User FriendlyName="Fabricio- Comodoro MT ind.Ana Cristina"/></To><Text Style="font-family:Segoe UI; color:#000000; ">eo material pra campanha é um convite de 0,25</Text></Message><Message Date="30/04/2013" Time="15:06:23" DateTime="2013-04-30T18:06:23.113Z" SessionID="8"><From><User FriendlyName="Comercial l GRUPO GENESIS"/></From><To><User FriendlyName="Fabricio- Comodoro MT ind.Ana Cristina"/></To><Text Style="font-family:Segoe UI; color:#000000; ">oque achou?</Text></Message><Message Date="30/04/2013" Time="15:33:31" DateTime="2013-04-30T18:33:31.068Z" SessionID="8"><From><User FriendlyName="Fabricio- Comodoro MT ind.Ana Cristina"/></From><To><User FriendlyName="Comercial l GRUPO GENESIS"/></To><Text>se ele colocar 90 alunos tudo feito, pago hotel, e divido a passagem, caso contrario nada feito. Se quiser é só mandar ele vir.</Text></Message><Message Date="30/04/2013" Time="15:34:47" DateTime="2013-04-30T18:34:47.948Z" SessionID="8"><From><User FriendlyName="Comercial l GRUPO GENESIS"/></From><To><User FriendlyName="Fabricio- Comodoro MT ind.Ana Cristina"/></To><Text Style="font-family:Segoe UI; color:#000000; ">a passagem vai ser dividida de 3 a 4 clientes</Text></Message><Message Date="30/04/2013" Time="15:34:59" DateTime="2013-04-30T18:34:59.645Z" SessionID="8"><From><User FriendlyName="Comercial l GRUPO GENESIS"/></From><To><User FriendlyName="Fabricio- Comodoro MT ind.Ana Cristina"/></To><Text Style="font-family:Segoe UI; color:#000000; ">vai ficar um valor bo pra todos</Text></Message><Message Date="30/04/2013" Time="15:36:41" DateTime="2013-04-30T18:36:41.912Z" SessionID="8"><From><User FriendlyName="Comercial l GRUPO GENESIS"/></From><To><User FriendlyName="Fabricio- Comodoro MT ind.Ana Cristina"/></To><Text Style="font-family:Segoe UI; color:#000000; ">Fabricio?quantas escolas publicas garantidas?</Text></Message><Message Date="30/04/2013" Time="15:43:38" DateTime="2013-04-30T18:43:38.936Z" SessionID="9"><From><User FriendlyName="Comercial l GRUPO GENESIS"/></From><To><User FriendlyName="Fabricio- Comodoro MT ind.Ana Cristina"/></To><Text Style="font-family:Segoe UI; color:#000000; ">????</Text></Message><Message Date="30/04/2013" Time="15:44:52" DateTime="2013-04-30T18:44:52.818Z" SessionID="9"><From><User FriendlyName="Fabricio- Comodoro MT ind.Ana Cristina"/></From><To><User FriendlyName="Comercial l GRUPO GENESIS"/></To><Text>todas. tenha 7 urbana e 3 rural.</Text></Message><Message Date="30/04/2013" Time="16:00:41" DateTime="2013-04-30T19:00:41.563Z" SessionID="9"><From><User FriendlyName="Fabricio- Comodoro MT ind.Ana Cristina"/></From><To><User FriendlyName="Comercial l GRUPO GENESIS"/></To><Text>E ai vamos pegar</Text></Message><Message Date="30/04/2013" Time="16:01:05" DateTime="2013-04-30T19:01:05.127Z" SessionID="9"><From><User FriendlyName="Comercial l GRUPO GENESIS"/></From><To><User FriendlyName="Fabricio- Comodoro MT ind.Ana Cristina"/></To><Text Style="font-family:Segoe UI; color:#000000; ">vou te dar um retorno entre quinta e sexta</Text></Message><Message Date="30/04/2013" Time="16:02:11" DateTime="2013-04-30T19:02:11.610Z" SessionID="9"><From><User FriendlyName="Fabricio- Comodoro MT ind.Ana Cristina"/></From><To><User FriendlyName="Comercial l GRUPO GENESIS"/></To><Text>tenho que ver também quanto as parcelas que ficarem para tráz</Text></Message><Message Date="30/04/2013" Time="16:03:10" DateTime="2013-04-30T19:03:10.575Z" SessionID="9"><From><User FriendlyName="Comercial l GRUPO GENESIS"/></From><To><User FriendlyName="Fabricio- Comodoro MT ind.Ana Cristina"/></To><Text Style="font-family:Segoe UI; color:#000000; ">como assim?</Text></Message><Message Date="09/05/2013" Time="17:39:25" DateTime="2013-05-09T20:39:25.000Z" SessionID="10"><From><User FriendlyName="futuroinformaticacj@hotmail.com"/></From><To><User FriendlyName="genesiscaptacoes@hotmail.com"/></To><Text>ola boa tarde</Text></Message><Message Date="09/05/2013" Time="17:39:38" DateTime="2013-05-09T20:39:38.000Z" SessionID="10"><From><User FriendlyName="futuroinformaticacj@hotmail.com"/></From><To><User FriendlyName="genesiscaptacoes@hotmail.com"/></To><Text>preciso do telefone dos difulgadores que estão em comodoro</Text></Message></Log>
