<?xml version="1.0"?>
<?xml-stylesheet type='text/xsl' href='MessageLog.xsl'?>
<Log FirstSessionID="1" LastSessionID="1"><Message Date="26/04/2013" Time="10:31:00" DateTime="2013-04-26T13:31:00.986Z" SessionID="1"><From><User FriendlyName="Rodrigo escolas em SEARA JA TEMOS CLIENT"/></From><To><User FriendlyName="Comercial l GRUPO GENESIS"/></To><Text>bom dia</Text></Message><Message Date="26/04/2013" Time="10:31:43" DateTime="2013-04-26T13:31:43.284Z" SessionID="1"><From><User FriendlyName="Comercial l GRUPO GENESIS"/></From><To><User FriendlyName="Rodrigo escolas em SEARA JA TEMOS CLIENT"/></To><Text Style="font-family:Segoe UI; color:#000000; ">Oi bom dia</Text></Message><Message Date="26/04/2013" Time="10:31:45" DateTime="2013-04-26T13:31:45.780Z" SessionID="1"><From><User FriendlyName="Comercial l GRUPO GENESIS"/></From><To><User FriendlyName="Rodrigo escolas em SEARA JA TEMOS CLIENT"/></To><Text Style="font-family:Segoe UI; color:#000000; ">tudo bem?</Text></Message><Message Date="26/04/2013" Time="10:31:57" DateTime="2013-04-26T13:31:57.153Z" SessionID="1"><From><User FriendlyName="Rodrigo escolas em SEARA JA TEMOS CLIENT"/></From><To><User FriendlyName="Comercial l GRUPO GENESIS"/></To><Text>tudo bem</Text></Message><Message Date="26/04/2013" Time="10:32:07" DateTime="2013-04-26T13:32:07.152Z" SessionID="1"><From><User FriendlyName="Comercial l GRUPO GENESIS"/></From><To><User FriendlyName="Rodrigo escolas em SEARA JA TEMOS CLIENT"/></To><Text Style="font-family:Segoe UI; color:#000000; ">que bom</Text></Message><Message Date="26/04/2013" Time="10:32:16" DateTime="2013-04-26T13:32:16.450Z" SessionID="1"><From><User FriendlyName="Rodrigo escolas em SEARA JA TEMOS CLIENT"/></From><To><User FriendlyName="Comercial l GRUPO GENESIS"/></To><Text>vcs fazem trabalhos com TELE?</Text></Message><Message Date="26/04/2013" Time="10:32:39" DateTime="2013-04-26T13:32:39.929Z" SessionID="1"><From><User FriendlyName="Comercial l GRUPO GENESIS"/></From><To><User FriendlyName="Rodrigo escolas em SEARA JA TEMOS CLIENT"/></To><Text Style="font-family:Segoe UI; color:#000000; ">não.só em escolas</Text></Message><Message Date="26/04/2013" Time="10:33:20" DateTime="2013-04-26T13:33:20.723Z" SessionID="1"><From><User FriendlyName="Rodrigo escolas em SEARA JA TEMOS CLIENT"/></From><To><User FriendlyName="Comercial l GRUPO GENESIS"/></To><Text>tenho um trabalho feito aqui</Text></Message><Message Date="26/04/2013" Time="10:33:27" DateTime="2013-04-26T13:33:27.387Z" SessionID="1"><From><User FriendlyName="Rodrigo escolas em SEARA JA TEMOS CLIENT"/></From><To><User FriendlyName="Comercial l GRUPO GENESIS"/></To><Text>com os números</Text></Message><Message Date="26/04/2013" Time="10:33:32" DateTime="2013-04-26T13:33:32.643Z" SessionID="1"><From><User FriendlyName="Rodrigo escolas em SEARA JA TEMOS CLIENT"/></From><To><User FriendlyName="Comercial l GRUPO GENESIS"/></To><Text>de telefones dos alunos</Text></Message><Message Date="26/04/2013" Time="10:34:07" DateTime="2013-04-26T13:34:07.721Z" SessionID="1"><From><User FriendlyName="Comercial l GRUPO GENESIS"/></From><To><User FriendlyName="Rodrigo escolas em SEARA JA TEMOS CLIENT"/></To><Text Style="font-family:Segoe UI; color:#000000; ">humm,mais por tele não trabalhamos</Text></Message><Message Date="26/04/2013" Time="10:34:56" DateTime="2013-04-26T13:34:56.941Z" SessionID="1"><From><User FriendlyName="Rodrigo escolas em SEARA JA TEMOS CLIENT"/></From><To><User FriendlyName="Comercial l GRUPO GENESIS"/></To><Text>ok</Text></Message><Message Date="26/04/2013" Time="10:34:59" DateTime="2013-04-26T13:34:59.314Z" SessionID="1"><From><User FriendlyName="Rodrigo escolas em SEARA JA TEMOS CLIENT"/></From><To><User FriendlyName="Comercial l GRUPO GENESIS"/></To><Text>obrigado</Text></Message><Message Date="26/04/2013" Time="10:35:46" DateTime="2013-04-26T13:35:46.825Z" SessionID="1"><From><User FriendlyName="Comercial l GRUPO GENESIS"/></From><To><User FriendlyName="Rodrigo escolas em SEARA JA TEMOS CLIENT"/></To><Text Style="font-family:Segoe UI; color:#000000; ">de nada.
tenho um bom dia
e um Ótimo fim de semana!
</Text></Message></Log>
