<?xml version="1.0"?>
<?xml-stylesheet type='text/xsl' href='MessageLog.xsl'?>
<Log FirstSessionID="1" LastSessionID="1"><Message Date="29/01/2013" Time="14:29:20" DateTime="2013-01-29T16:29:20.545Z" SessionID="1"><From><User FriendlyName="Comercial l GRUPO GENESIS"/></From><To><User FriendlyName="ghislaine rede CGD Volta Redonda RJ"/></To><Text Style="font-family:Segoe UI; color:#000000; ">ola</Text></Message><Message Date="29/01/2013" Time="14:29:23" DateTime="2013-01-29T16:29:23.265Z" SessionID="1"><From><User FriendlyName="Comercial l GRUPO GENESIS"/></From><To><User FriendlyName="ghislaine rede CGD Volta Redonda RJ"/></To><Text Style="font-family:Segoe UI; color:#000000; ">tudo bem?</Text></Message><Message Date="29/01/2013" Time="14:32:48" DateTime="2013-01-29T16:32:48.540Z" SessionID="1"><From><User FriendlyName="ghislaine rede CGD Volta Redonda RJ"/></From><To><User FriendlyName="Comercial l GRUPO GENESIS"/></To><Text>Oi, boa tarde.</Text></Message><Message Date="29/01/2013" Time="14:33:44" DateTime="2013-01-29T16:33:44.363Z" SessionID="1"><From><User FriendlyName="Comercial l GRUPO GENESIS"/></From><To><User FriendlyName="ghislaine rede CGD Volta Redonda RJ"/></To><Text Style="font-family:Segoe UI; color:#000000; ">tudo bem com voce ?</Text></Message><Message Date="29/01/2013" Time="14:36:39" DateTime="2013-01-29T16:36:39.586Z" SessionID="1"><From><User FriendlyName="ghislaine rede CGD Volta Redonda RJ"/></From><To><User FriendlyName="Comercial l GRUPO GENESIS"/></To><Text>tudo certo</Text></Message><Message Date="29/01/2013" Time="14:37:07" DateTime="2013-01-29T16:37:07.898Z" SessionID="1"><From><User FriendlyName="ghislaine rede CGD Volta Redonda RJ"/></From><To><User FriendlyName="Comercial l GRUPO GENESIS"/></To><Text>foi bom fazermos contato...estou querendo fazer uma macro captaçào agora no inócio do ano</Text></Message><Message Date="29/01/2013" Time="14:38:48" DateTime="2013-01-29T16:38:48.225Z" SessionID="1"><From><User FriendlyName="ghislaine rede CGD Volta Redonda RJ"/></From><To><User FriendlyName="Comercial l GRUPO GENESIS"/></To><Text>vcs tem vaga agora pra fevereiro?</Text></Message><Message Date="29/01/2013" Time="14:40:21" DateTime="2013-01-29T16:40:21.436Z" SessionID="1"><From><User FriendlyName="Comercial l GRUPO GENESIS"/></From><To><User FriendlyName="ghislaine rede CGD Volta Redonda RJ"/></To><Text Style="font-family:Segoe UI; color:#000000; ">Abrimos nossa agenda em novembro de 2012,a tempo que nao temos mais vaga para essa data e creio que nem uma empresa terá</Text></Message><Message Date="29/01/2013" Time="14:40:36" DateTime="2013-01-29T16:40:36.785Z" SessionID="1"><From><User FriendlyName="Comercial l GRUPO GENESIS"/></From><To><User FriendlyName="ghislaine rede CGD Volta Redonda RJ"/></To><Text Style="font-family:Segoe UI; color:#000000; ">a data livre que tenho agora é 20 de maio</Text></Message><Message Date="29/01/2013" Time="14:40:48" DateTime="2013-01-29T16:40:48.049Z" SessionID="1"><From><User FriendlyName="ghislaine rede CGD Volta Redonda RJ"/></From><To><User FriendlyName="Comercial l GRUPO GENESIS"/></To><Text>entendo</Text></Message><Message Date="29/01/2013" Time="14:41:19" DateTime="2013-01-29T16:41:19.717Z" SessionID="1"><From><User FriendlyName="ghislaine rede CGD Volta Redonda RJ"/></From><To><User FriendlyName="Comercial l GRUPO GENESIS"/></To><Text>vou pensar nisso e depois faço contato com vcs.</Text></Message><Message Date="29/01/2013" Time="14:41:22" DateTime="2013-01-29T16:41:22.797Z" SessionID="1"><From><User FriendlyName="ghislaine rede CGD Volta Redonda RJ"/></From><To><User FriendlyName="Comercial l GRUPO GENESIS"/></To><Text>obrigada</Text></Message><Message Date="29/01/2013" Time="14:42:28" DateTime="2013-01-29T16:42:28.402Z" SessionID="1"><From><User FriendlyName="Comercial l GRUPO GENESIS"/></From><To><User FriendlyName="ghislaine rede CGD Volta Redonda RJ"/></To><Text Style="font-family:Segoe UI; color:#000000; ">Sim,só quero alerta-la,de que se conseguir captação para fevereiro agora em cima da hora..tome cuidado pois pode ser que nao sejam profissionais e queimem sua escola</Text></Message><Message Date="29/01/2013" Time="14:42:47" DateTime="2013-01-29T16:42:47.339Z" SessionID="1"><From><User FriendlyName="Comercial l GRUPO GENESIS"/></From><To><User FriendlyName="ghislaine rede CGD Volta Redonda RJ"/></To><Text Style="font-family:Segoe UI; color:#000000; ">muito comum acontecer!</Text></Message><Message Date="29/01/2013" Time="14:43:38" DateTime="2013-01-29T16:43:38.352Z" SessionID="1"><From><User FriendlyName="ghislaine rede CGD Volta Redonda RJ"/></From><To><User FriendlyName="Comercial l GRUPO GENESIS"/></To><Text>ok, obrigada</Text></Message><Message Date="29/01/2013" Time="14:44:54" DateTime="2013-01-29T16:44:54.854Z" SessionID="1"><From><User FriendlyName="Comercial l GRUPO GENESIS"/></From><To><User FriendlyName="ghislaine rede CGD Volta Redonda RJ"/></To><Text Style="font-family:Segoe UI; color:#000000; ">de nada,até mais</Text></Message></Log>
