<?xml version="1.0"?>
<?xml-stylesheet type='text/xsl' href='MessageLog.xsl'?>
<Log FirstSessionID="1" LastSessionID="1"><Message Date="06/02/2013" Time="16:50:36" DateTime="2013-02-06T18:50:36.742Z" SessionID="1"><From><User FriendlyName="Comercial l GRUPO GENESIS"/></From><To><User FriendlyName="interasof"/></To><Text Style="font-family:Segoe UI; color:#000000; ">ola</Text></Message><Message Date="06/02/2013" Time="16:50:39" DateTime="2013-02-06T18:50:39.312Z" SessionID="1"><From><User FriendlyName="Comercial l GRUPO GENESIS"/></From><To><User FriendlyName="interasof"/></To><Text Style="font-family:Segoe UI; color:#000000; ">boa tarde</Text></Message><Message Date="06/02/2013" Time="16:50:44" DateTime="2013-02-06T18:50:44.436Z" SessionID="1"><From><User FriendlyName="interasof"/></From><To><User FriendlyName="Comercial l GRUPO GENESIS"/></To><Text Style="font-family:Segoe UI; color:#000000; ">ola</Text></Message><Message Date="06/02/2013" Time="16:51:17" DateTime="2013-02-06T18:51:17.430Z" SessionID="1"><From><User FriendlyName="Comercial l GRUPO GENESIS"/></From><To><User FriendlyName="interasof"/></To><Text Style="font-family:Segoe UI; color:#000000; ">tudo bem?</Text></Message><Message Date="06/02/2013" Time="16:51:26" DateTime="2013-02-06T18:51:26.850Z" SessionID="1"><From><User FriendlyName="interasof"/></From><To><User FriendlyName="Comercial l GRUPO GENESIS"/></To><Text Style="font-family:Segoe UI; color:#000000; ">tudo joia</Text></Message><Message Date="06/02/2013" Time="16:51:32" DateTime="2013-02-06T18:51:32.163Z" SessionID="1"><From><User FriendlyName="Comercial l GRUPO GENESIS"/></From><To><User FriendlyName="interasof"/></To><Text Style="font-family:Segoe UI; color:#000000; ">que bomm</Text></Message><Message Date="06/02/2013" Time="16:51:44" DateTime="2013-02-06T18:51:44.155Z" SessionID="1"><From><User FriendlyName="Comercial l GRUPO GENESIS"/></From><To><User FriendlyName="interasof"/></To><Text Style="font-family:Segoe UI; color:#000000; ">ja fez o agendamento 2013?</Text></Message><Message Date="06/02/2013" Time="16:52:03" DateTime="2013-02-06T18:52:03.574Z" SessionID="1"><From><User FriendlyName="interasof"/></From><To><User FriendlyName="Comercial l GRUPO GENESIS"/></To><Text Style="font-family:Segoe UI; color:#000000; ">não trabalho com escola de informatica</Text></Message><Message Date="06/02/2013" Time="16:52:34" DateTime="2013-02-06T18:52:34.967Z" SessionID="1"><From><User FriendlyName="Comercial l GRUPO GENESIS"/></From><To><User FriendlyName="interasof"/></To><Text Style="font-family:Segoe UI; color:#000000; ">certo</Text></Message><Message Date="06/02/2013" Time="16:52:39" DateTime="2013-02-06T18:52:39.709Z" SessionID="1"><From><User FriendlyName="Comercial l GRUPO GENESIS"/></From><To><User FriendlyName="interasof"/></To><Text Style="font-family:Segoe UI; color:#000000; ">desculpa</Text></Message><Message Date="06/02/2013" Time="16:52:45" DateTime="2013-02-06T18:52:45.918Z" SessionID="1"><From><User FriendlyName="interasof"/></From><To><User FriendlyName="Comercial l GRUPO GENESIS"/></To><Text Style="font-family:Segoe UI; color:#000000; ">sem problemas</Text></Message></Log>
