<?xml version="1.0"?>
<?xml-stylesheet type='text/xsl' href='MessageLog.xsl'?>
<Log FirstSessionID="1" LastSessionID="7"><Message Date="13/02/2013" Time="14:21:38" DateTime="2013-02-13T17:21:38.723Z" SessionID="1"><From><User FriendlyName="Comercial l GRUPO GENESIS"/></From><To><User FriendlyName="Marcelo - Campo Alegre ñ abre as escolas"/></To><Text Style="font-family:Segoe UI; color:#000000; ">ola</Text></Message><Message Date="13/02/2013" Time="14:21:42" DateTime="2013-02-13T17:21:42.389Z" SessionID="1"><From><User FriendlyName="Comercial l GRUPO GENESIS"/></From><To><User FriendlyName="Marcelo - Campo Alegre ñ abre as escolas"/></To><Text Style="font-family:Segoe UI; color:#000000; ">boa tarde</Text></Message><Message Date="14/03/2013" Time="09:43:01" DateTime="2013-03-14T12:43:01.128Z" SessionID="2"><From><User FriendlyName="Comercial l GRUPO GENESIS"/></From><To><User FriendlyName="Marcelo - Campo Alegre ñ abre as escolas"/></To><Text Style="font-family:Segoe UI; color:#000000; ">Oi</Text></Message><Message Date="14/03/2013" Time="09:43:03" DateTime="2013-03-14T12:43:03.328Z" SessionID="2"><From><User FriendlyName="Comercial l GRUPO GENESIS"/></From><To><User FriendlyName="Marcelo - Campo Alegre ñ abre as escolas"/></To><Text Style="font-family:Segoe UI; color:#000000; ">Bom Dia</Text></Message><Message Date="27/03/2013" Time="15:45:49" DateTime="2013-03-27T18:45:49.817Z" SessionID="3"><From><User FriendlyName="Marcelo - Campo Alegre ñ abre as escolas"/></From><To><User FriendlyName="Comercial l GRUPO GENESIS"/></To><Text>boa tarde</Text></Message><Message Date="27/03/2013" Time="15:46:35" DateTime="2013-03-27T18:46:35.322Z" SessionID="3"><From><User FriendlyName="Marcelo - Campo Alegre ñ abre as escolas"/></From><To><User FriendlyName="Comercial l GRUPO GENESIS"/></To><Text>esse fim de semana vou dar uma olhada com meu irmão para ele me emprestar as fohas de cheque</Text></Message><Message Date="27/03/2013" Time="15:46:38" DateTime="2013-03-27T18:46:38.965Z" SessionID="3"><From><User FriendlyName="Marcelo - Campo Alegre ñ abre as escolas"/></From><To><User FriendlyName="Comercial l GRUPO GENESIS"/></To><Text>se der certo segunda marcamos a semana para divulgação</Text></Message><Message Date="27/03/2013" Time="15:46:38" DateTime="2013-03-27T18:46:38.996Z" SessionID="3"><From><User FriendlyName="Marcelo - Campo Alegre ñ abre as escolas"/></From><To><User FriendlyName="Comercial l GRUPO GENESIS"/></To><Text>ok</Text></Message><Message Date="27/03/2013" Time="15:46:40" DateTime="2013-03-27T18:46:40.583Z" SessionID="3"><From><User FriendlyName="Marcelo - Campo Alegre ñ abre as escolas"/></From><To><User FriendlyName="Comercial l GRUPO GENESIS"/></To><Text>vc tem aquele link para eu dar uma olhada</Text></Message><Message Date="27/03/2013" Time="15:46:50" DateTime="2013-03-27T18:46:50.032Z" SessionID="3"><From><User FriendlyName="Marcelo - Campo Alegre ñ abre as escolas"/></From><To><User FriendlyName="Comercial l GRUPO GENESIS"/></To><Text>do site onde tem aquelas aulas pela web cam</Text></Message><Message Date="27/03/2013" Time="15:49:01" DateTime="2013-03-27T18:49:01.146Z" SessionID="3"><From><User FriendlyName="Comercial l GRUPO GENESIS"/></From><To><User FriendlyName="Marcelo - Campo Alegre ñ abre as escolas"/></To><Text Style="font-family:Segoe UI; color:#000000; ">Site: Eliteestudantil.com.br
Login:futurocliente@educagenesis.com.br
senha:futurocliente123</Text></Message><Message Date="27/03/2013" Time="15:51:31" DateTime="2013-03-27T18:51:31.959Z" SessionID="3"><From><User FriendlyName="Marcelo - Campo Alegre ñ abre as escolas"/></From><To><User FriendlyName="Comercial l GRUPO GENESIS"/></To><Text>foi falado uma ves que era pela web cam os professores</Text></Message><Message Date="27/03/2013" Time="15:51:40" DateTime="2013-03-27T18:51:40.102Z" SessionID="3"><From><User FriendlyName="Marcelo - Campo Alegre ñ abre as escolas"/></From><To><User FriendlyName="Comercial l GRUPO GENESIS"/></To><Text>ou pelo fone de ouvido</Text></Message><Message Date="27/03/2013" Time="15:57:05" DateTime="2013-03-27T18:57:05.226Z" SessionID="3"><From><User FriendlyName="Comercial l GRUPO GENESIS"/></From><To><User FriendlyName="Marcelo - Campo Alegre ñ abre as escolas"/></To><Text Style="font-family:Segoe UI; color:#000000; ">Não, jamais...
 agora o sistema é mais eficiente,É bate bapo
 os alunos não podem se expor na cam
 mais se o alunos precisar tem a possibilidade do bate papo com voz
 mais o padrão é bate papo
também pode ser por troca de arquivos
</Text></Message><Message Date="27/03/2013" Time="15:57:06" DateTime="2013-03-27T18:57:06.349Z" SessionID="3"><From><User FriendlyName="Comercial l GRUPO GENESIS"/></From><To><User FriendlyName="Marcelo - Campo Alegre ñ abre as escolas"/></To><Text Style="font-family:Segoe UI; color:#000000; ">,</Text></Message><Message Date="27/03/2013" Time="15:57:25" DateTime="2013-03-27T18:57:25.943Z" SessionID="3"><From><User FriendlyName="Marcelo - Campo Alegre ñ abre as escolas"/></From><To><User FriendlyName="Comercial l GRUPO GENESIS"/></To><Text>hum</Text></Message><Message Date="27/03/2013" Time="15:57:30" DateTime="2013-03-27T18:57:30.576Z" SessionID="3"><From><User FriendlyName="Marcelo - Campo Alegre ñ abre as escolas"/></From><To><User FriendlyName="Comercial l GRUPO GENESIS"/></To><Text>outra duvida só</Text></Message><Message Date="27/03/2013" Time="15:57:41" DateTime="2013-03-27T18:57:41.779Z" SessionID="3"><From><User FriendlyName="Marcelo - Campo Alegre ñ abre as escolas"/></From><To><User FriendlyName="Comercial l GRUPO GENESIS"/></To><Text>ali no cadastro ele pede um codigo</Text></Message><Message Date="27/03/2013" Time="15:57:57" DateTime="2013-03-27T18:57:57.220Z" SessionID="3"><From><User FriendlyName="Marcelo - Campo Alegre ñ abre as escolas"/></From><To><User FriendlyName="Comercial l GRUPO GENESIS"/></To><Text>esse codigo é vcs que dão um cartão com um codigo</Text></Message><Message Date="27/03/2013" Time="15:58:35" DateTime="2013-03-27T18:58:35.860Z" SessionID="3"><From><User FriendlyName="Marcelo - Campo Alegre ñ abre as escolas"/></From><To><User FriendlyName="Comercial l GRUPO GENESIS"/></To><Text>ou o divulgador que da na hora</Text></Message><Message Date="27/03/2013" Time="16:10:10" DateTime="2013-03-27T19:10:10.816Z" SessionID="3"><From><User FriendlyName="Comercial l GRUPO GENESIS"/></From><To><User FriendlyName="Marcelo - Campo Alegre ñ abre as escolas"/></To><Text Style="font-family:Segoe UI; color:#000000; "> se não tivesse cod. de acesso, todos podem acessar correto?
  seria gratuito
 mais montamos uma senha unica para não ser gratuito.
Dessa forma só acessa quem tem o codigo
agora o cod. vai impresso no verso do contrato do aluno
 o aluno ja sai com esse cod. no sábado das inscrições</Text></Message><Message Date="27/03/2013" Time="16:13:25" DateTime="2013-03-27T19:13:25.707Z" SessionID="3"><From><User FriendlyName="Marcelo - Campo Alegre ñ abre as escolas"/></From><To><User FriendlyName="Comercial l GRUPO GENESIS"/></To><Text>a sim</Text></Message><Message Date="27/03/2013" Time="16:13:26" DateTime="2013-03-27T19:13:26.656Z" SessionID="3"><From><User FriendlyName="Marcelo - Campo Alegre ñ abre as escolas"/></From><To><User FriendlyName="Comercial l GRUPO GENESIS"/></To><Text>blz</Text></Message><Message Date="27/03/2013" Time="16:13:43" DateTime="2013-03-27T19:13:43.544Z" SessionID="3"><From><User FriendlyName="Marcelo - Campo Alegre ñ abre as escolas"/></From><To><User FriendlyName="Comercial l GRUPO GENESIS"/></To><Text>quantos dias vcs ficam na cidade</Text></Message><Message Date="27/03/2013" Time="16:13:50" DateTime="2013-03-27T19:13:50.970Z" SessionID="3"><From><User FriendlyName="Marcelo - Campo Alegre ñ abre as escolas"/></From><To><User FriendlyName="Comercial l GRUPO GENESIS"/></To><Text>sexta e sabado</Text></Message><Message Date="27/03/2013" Time="16:14:07" DateTime="2013-03-27T19:14:07.069Z" SessionID="3"><From><User FriendlyName="Comercial l GRUPO GENESIS"/></From><To><User FriendlyName="Marcelo - Campo Alegre ñ abre as escolas"/></To><Text Style="font-family:Segoe UI; color:#000000; ">chegamos na terça e finalizamos o credenciamento no sabado</Text></Message><Message Date="27/03/2013" Time="16:14:27" DateTime="2013-03-27T19:14:27.056Z" SessionID="3"><From><User FriendlyName="Marcelo - Campo Alegre ñ abre as escolas"/></From><To><User FriendlyName="Comercial l GRUPO GENESIS"/></To><Text>hum[</Text></Message><Message Date="27/03/2013" Time="16:14:33" DateTime="2013-03-27T19:14:33.321Z" SessionID="3"><From><User FriendlyName="Marcelo - Campo Alegre ñ abre as escolas"/></From><To><User FriendlyName="Comercial l GRUPO GENESIS"/></To><Text>vem quantas pessoas</Text></Message><Message Date="27/03/2013" Time="16:14:37" DateTime="2013-03-27T19:14:37.386Z" SessionID="3"><From><User FriendlyName="Marcelo - Campo Alegre ñ abre as escolas"/></From><To><User FriendlyName="Comercial l GRUPO GENESIS"/></To><Text>ou s´o divulgador</Text></Message><Message Date="27/03/2013" Time="16:14:39" DateTime="2013-03-27T19:14:39.851Z" SessionID="3"><From><User FriendlyName="Comercial l GRUPO GENESIS"/></From><To><User FriendlyName="Marcelo - Campo Alegre ñ abre as escolas"/></To><Text Style="font-family:Segoe UI; color:#000000; ">1 gerente</Text></Message><Message Date="27/03/2013" Time="16:14:44" DateTime="2013-03-27T19:14:44.016Z" SessionID="3"><From><User FriendlyName="Marcelo - Campo Alegre ñ abre as escolas"/></From><To><User FriendlyName="Comercial l GRUPO GENESIS"/></To><Text>a blz</Text></Message><Message Date="27/03/2013" Time="16:14:47" DateTime="2013-03-27T19:14:47.993Z" SessionID="3"><From><User FriendlyName="Marcelo - Campo Alegre ñ abre as escolas"/></From><To><User FriendlyName="Comercial l GRUPO GENESIS"/></To><Text>para ver no hotel</Text></Message><Message Date="27/03/2013" Time="16:14:56" DateTime="2013-03-27T19:14:56.866Z" SessionID="3"><From><User FriendlyName="Marcelo - Campo Alegre ñ abre as escolas"/></From><To><User FriendlyName="Comercial l GRUPO GENESIS"/></To><Text>ou posso deixar ele no porão de casa</Text></Message><Message Date="27/03/2013" Time="16:14:58" DateTime="2013-03-27T19:14:58.956Z" SessionID="3"><From><User FriendlyName="Marcelo - Campo Alegre ñ abre as escolas"/></From><To><User FriendlyName="Comercial l GRUPO GENESIS"/></To><Text>hehehehehehe</Text></Message><Message Date="27/03/2013" Time="16:15:04" DateTime="2013-03-27T19:15:04.447Z" SessionID="3"><From><User FriendlyName="Comercial l GRUPO GENESIS"/></From><To><User FriendlyName="Marcelo - Campo Alegre ñ abre as escolas"/></To><Text Style="font-family:Segoe UI; color:#000000; ">nao nao hahahaha</Text></Message><Message Date="27/03/2013" Time="16:15:10" DateTime="2013-03-27T19:15:10.188Z" SessionID="3"><From><User FriendlyName="Marcelo - Campo Alegre ñ abre as escolas"/></From><To><User FriendlyName="Comercial l GRUPO GENESIS"/></To><Text>ta ok</Text></Message><Message Date="27/03/2013" Time="16:15:17" DateTime="2013-03-27T19:15:17.006Z" SessionID="3"><From><User FriendlyName="Marcelo - Campo Alegre ñ abre as escolas"/></From><To><User FriendlyName="Comercial l GRUPO GENESIS"/></To><Text>entaum segunda eu dou um retorno para vcs</Text></Message><Message Date="27/03/2013" Time="16:15:18" DateTime="2013-03-27T19:15:18.137Z" SessionID="3"><From><User FriendlyName="Marcelo - Campo Alegre ñ abre as escolas"/></From><To><User FriendlyName="Comercial l GRUPO GENESIS"/></To><Text>blz</Text></Message><Message Date="27/03/2013" Time="16:15:31" DateTime="2013-03-27T19:15:31.823Z" SessionID="3"><From><User FriendlyName="Comercial l GRUPO GENESIS"/></From><To><User FriendlyName="Marcelo - Campo Alegre ñ abre as escolas"/></To><Text Style="font-family:Segoe UI; color:#000000; ">vou ficar aguardando</Text></Message><Message Date="27/03/2013" Time="16:15:37" DateTime="2013-03-27T19:15:37.569Z" SessionID="3"><From><User FriendlyName="Marcelo - Campo Alegre ñ abre as escolas"/></From><To><User FriendlyName="Comercial l GRUPO GENESIS"/></To><Text>ok</Text></Message><Message Date="27/03/2013" Time="16:15:45" DateTime="2013-03-27T19:15:45.540Z" SessionID="3"><From><User FriendlyName="Comercial l GRUPO GENESIS"/></From><To><User FriendlyName="Marcelo - Campo Alegre ñ abre as escolas"/></To><Text Style="font-family:Segoe UI; color:#000000; ">então uma Feliz pascoa pra voce</Text></Message><Message Date="27/03/2013" Time="16:15:52" DateTime="2013-03-27T19:15:52.997Z" SessionID="3"><From><User FriendlyName="Comercial l GRUPO GENESIS"/></From><To><User FriendlyName="Marcelo - Campo Alegre ñ abre as escolas"/></To><Text Style="font-family:Segoe UI; color:#000000; ">e sua familia</Text></Message><Message Date="27/03/2013" Time="16:16:04" DateTime="2013-03-27T19:16:04.436Z" SessionID="3"><From><User FriendlyName="Comercial l GRUPO GENESIS"/></From><To><User FriendlyName="Marcelo - Campo Alegre ñ abre as escolas"/></To><Text Style="font-family:Segoe UI; color:#000000; ">que Deus abençoe</Text></Message><Message Date="27/03/2013" Time="16:16:14" DateTime="2013-03-27T19:16:14.779Z" SessionID="3"><From><User FriendlyName="Marcelo - Campo Alegre ñ abre as escolas"/></From><To><User FriendlyName="Comercial l GRUPO GENESIS"/></To><Text>para vc tbm</Text></Message><Message Date="27/03/2013" Time="16:16:20" DateTime="2013-03-27T19:16:20.064Z" SessionID="3"><From><User FriendlyName="Marcelo - Campo Alegre ñ abre as escolas"/></From><To><User FriendlyName="Comercial l GRUPO GENESIS"/></To><Text>muito obrigado</Text></Message><Message Date="04/04/2013" Time="10:10:08" DateTime="2013-04-04T13:10:08.000Z" SessionID="4"><From><User FriendlyName="Marcelo - Campo Alegre ñ abre as escolas"/></From><To><User FriendlyName="Comercial l GRUPO GENESIS"/></To><Text>bom dia</Text></Message><Message Date="04/04/2013" Time="10:10:36" DateTime="2013-04-04T13:10:36.000Z" SessionID="4"><From><User FriendlyName="Marcelo - Campo Alegre ñ abre as escolas"/></From><To><User FriendlyName="Comercial l GRUPO GENESIS"/></To><Text>queria ver com vcs par amarcar um dia para fazer divulgação aqui na minha cidade</Text></Message><Message Date="04/04/2013" Time="10:10:53" DateTime="2013-04-04T13:10:53.000Z" SessionID="4"><From><User FriendlyName="Marcelo - Campo Alegre ñ abre as escolas"/></From><To><User FriendlyName="Comercial l GRUPO GENESIS"/></To><Text>fico no aguardo</Text></Message><Message Date="04/04/2013" Time="16:58:32" DateTime="2013-04-04T19:58:32.255Z" SessionID="4"><From><User FriendlyName="Comercial l GRUPO GENESIS"/></From><To><User FriendlyName="Marcelo - Campo Alegre ñ abre as escolas"/></To><Text Style="font-family:Segoe UI; color:#000000; ">oi marcelo</Text></Message><Message Date="04/04/2013" Time="16:58:42" DateTime="2013-04-04T19:58:42.597Z" SessionID="4"><From><User FriendlyName="Comercial l GRUPO GENESIS"/></From><To><User FriendlyName="Marcelo - Campo Alegre ñ abre as escolas"/></To><Text Style="font-family:Segoe UI; color:#000000; ">quando estiver online me chame</Text></Message><Message Date="04/04/2013" Time="16:58:46" DateTime="2013-04-04T19:58:46.560Z" SessionID="4"><From><User FriendlyName="Comercial l GRUPO GENESIS"/></From><To><User FriendlyName="Marcelo - Campo Alegre ñ abre as escolas"/></To><Text Style="font-family:Segoe UI; color:#000000; ">que agendamos</Text></Message><Message Date="04/04/2013" Time="17:01:00" DateTime="2013-04-04T20:01:00.187Z" SessionID="4"><From><User FriendlyName="Marcelo - Campo Alegre ñ abre as escolas"/></From><To><User FriendlyName="Comercial l GRUPO GENESIS"/></To><Text>boa tarde</Text></Message><Message Date="04/04/2013" Time="17:01:06" DateTime="2013-04-04T20:01:06.850Z" SessionID="4"><From><User FriendlyName="Marcelo - Campo Alegre ñ abre as escolas"/></From><To><User FriendlyName="Comercial l GRUPO GENESIS"/></To><Text>podemos agendar entaum</Text></Message><Message Date="04/04/2013" Time="17:06:52" DateTime="2013-04-04T20:06:52.701Z" SessionID="4"><From><User FriendlyName="Comercial l GRUPO GENESIS"/></From><To><User FriendlyName="Marcelo - Campo Alegre ñ abre as escolas"/></To><Text Style="font-family:Segoe UI; color:#000000; ">simm</Text></Message><Message Date="04/04/2013" Time="17:12:50" DateTime="2013-04-04T20:12:50.948Z" SessionID="4"><From><User FriendlyName="Comercial l GRUPO GENESIS"/></From><To><User FriendlyName="Marcelo - Campo Alegre ñ abre as escolas"/></To><Text Style="font-family:Segoe UI; color:#000000; ">eu tenho uma data que acabou de abrir</Text></Message><Message Date="04/04/2013" Time="17:13:10" DateTime="2013-04-04T20:13:10.203Z" SessionID="4"><From><User FriendlyName="Comercial l GRUPO GENESIS"/></From><To><User FriendlyName="Marcelo - Campo Alegre ñ abre as escolas"/></To><Text Style="font-family:Segoe UI; color:#000000; ">29 a 04/05</Text></Message><Message Date="04/04/2013" Time="17:13:47" DateTime="2013-04-04T20:13:47.431Z" SessionID="4"><From><User FriendlyName="Comercial l GRUPO GENESIS"/></From><To><User FriendlyName="Marcelo - Campo Alegre ñ abre as escolas"/></To><Text Style="font-family:Segoe UI; color:#000000; ">13 a 18/05</Text></Message><Message Date="04/04/2013" Time="17:14:11" DateTime="2013-04-04T20:14:11.330Z" SessionID="4"><From><User FriendlyName="Comercial l GRUPO GENESIS"/></From><To><User FriendlyName="Marcelo - Campo Alegre ñ abre as escolas"/></To><Text Style="font-family:Segoe UI; color:#000000; ">17 a 22/06</Text></Message><Message Date="04/04/2013" Time="17:18:45" DateTime="2013-04-04T20:18:45.475Z" SessionID="4"><From><User FriendlyName="Marcelo - Campo Alegre ñ abre as escolas"/></From><To><User FriendlyName="Comercial l GRUPO GENESIS"/></To><Text>deixo dar uma olhada aqui porqurar os colegios née eu tenho que ib</Text></Message><Message Date="04/04/2013" Time="17:18:47" DateTime="2013-04-04T20:18:47.357Z" SessionID="4"><From><User FriendlyName="Marcelo - Campo Alegre ñ abre as escolas"/></From><To><User FriendlyName="Comercial l GRUPO GENESIS"/></To><Text>ops</Text></Message><Message Date="04/04/2013" Time="17:18:56" DateTime="2013-04-04T20:18:56.285Z" SessionID="4"><From><User FriendlyName="Marcelo - Campo Alegre ñ abre as escolas"/></From><To><User FriendlyName="Comercial l GRUPO GENESIS"/></To><Text>eu vou tem que liberar os colégios</Text></Message><Message Date="04/04/2013" Time="17:18:57" DateTime="2013-04-04T20:18:57.798Z" SessionID="4"><From><User FriendlyName="Marcelo - Campo Alegre ñ abre as escolas"/></From><To><User FriendlyName="Comercial l GRUPO GENESIS"/></To><Text>isso</Text></Message><Message Date="04/04/2013" Time="17:19:01" DateTime="2013-04-04T20:19:01.979Z" SessionID="4"><From><User FriendlyName="Comercial l GRUPO GENESIS"/></From><To><User FriendlyName="Marcelo - Campo Alegre ñ abre as escolas"/></To><Text Style="font-family:Segoe UI; color:#000000; ">isso</Text></Message><Message Date="04/04/2013" Time="17:19:29" DateTime="2013-04-04T20:19:29.000Z" SessionID="4"><From><User FriendlyName="Marcelo - Campo Alegre ñ abre as escolas"/></From><To><User FriendlyName="Comercial l GRUPO GENESIS"/></To><Text>pois é isso eu tenho que ver</Text></Message><Message Date="04/04/2013" Time="17:19:47" DateTime="2013-04-04T20:19:47.907Z" SessionID="4"><From><User FriendlyName="Marcelo - Campo Alegre ñ abre as escolas"/></From><To><User FriendlyName="Comercial l GRUPO GENESIS"/></To><Text>porque agora mudou de partido na prefeitura esse ano nas eleições</Text></Message><Message Date="04/04/2013" Time="17:19:59" DateTime="2013-04-04T20:19:59.999Z" SessionID="4"><From><User FriendlyName="Marcelo - Campo Alegre ñ abre as escolas"/></From><To><User FriendlyName="Comercial l GRUPO GENESIS"/></To><Text>dai sabe muda tudo nem sei quem é a secretaria de educação</Text></Message><Message Date="04/04/2013" Time="17:20:38" DateTime="2013-04-04T20:20:38.439Z" SessionID="4"><From><User FriendlyName="Marcelo - Campo Alegre ñ abre as escolas"/></From><To><User FriendlyName="Comercial l GRUPO GENESIS"/></To><Text>não entendi essas datas suas</Text></Message><Message Date="04/04/2013" Time="17:20:58" DateTime="2013-04-04T20:20:58.435Z" SessionID="4"><From><User FriendlyName="Marcelo - Campo Alegre ñ abre as escolas"/></From><To><User FriendlyName="Comercial l GRUPO GENESIS"/></To><Text>de 29/04 a 04/05</Text></Message><Message Date="04/04/2013" Time="17:21:02" DateTime="2013-04-04T20:21:02.397Z" SessionID="4"><From><User FriendlyName="Comercial l GRUPO GENESIS"/></From><To><User FriendlyName="Marcelo - Campo Alegre ñ abre as escolas"/></To><Text Style="font-family:Segoe UI; color:#000000; ">isso</Text></Message><Message Date="04/04/2013" Time="17:21:24" DateTime="2013-04-04T20:21:24.471Z" SessionID="4"><From><User FriendlyName="Marcelo - Campo Alegre ñ abre as escolas"/></From><To><User FriendlyName="Comercial l GRUPO GENESIS"/></To><Text>ai eu fico perdendo</Text></Message><Message Date="04/04/2013" Time="17:22:08" DateTime="2013-04-04T20:22:08.510Z" SessionID="4"><From><User FriendlyName="Marcelo - Campo Alegre ñ abre as escolas"/></From><To><User FriendlyName="Comercial l GRUPO GENESIS"/></To><Text>vou tem que pagar a diaria do domingo para o rapaz que vem para ká</Text></Message><Message Date="04/04/2013" Time="17:22:35" DateTime="2013-04-04T20:22:35.451Z" SessionID="4"><From><User FriendlyName="Comercial l GRUPO GENESIS"/></From><To><User FriendlyName="Marcelo - Campo Alegre ñ abre as escolas"/></To><Text Style="font-family:Segoe UI; color:#000000; ">que rapaz?</Text></Message><Message Date="04/04/2013" Time="17:38:15" DateTime="2013-04-04T20:38:15.000Z" SessionID="5"><From><User FriendlyName="Marcelo - Campo Alegre ñ abre as escolas"/></From><To><User FriendlyName="Comercial l GRUPO GENESIS"/></To><Text>o divulgador</Text></Message><Message Date="04/04/2013" Time="17:38:19" DateTime="2013-04-04T20:38:19.000Z" SessionID="5"><From><User FriendlyName="Marcelo - Campo Alegre ñ abre as escolas"/></From><To><User FriendlyName="Comercial l GRUPO GENESIS"/></To><Text>desculpe a demora</Text></Message><Message Date="04/04/2013" Time="17:38:23" DateTime="2013-04-04T20:38:23.000Z" SessionID="5"><From><User FriendlyName="Marcelo - Campo Alegre ñ abre as escolas"/></From><To><User FriendlyName="Comercial l GRUPO GENESIS"/></To><Text>eu estava atendendo</Text></Message><Message Date="04/04/2013" Time="17:38:50" DateTime="2013-04-04T20:38:50.000Z" SessionID="5"><From><User FriendlyName="Marcelo - Campo Alegre ñ abre as escolas"/></From><To><User FriendlyName="Comercial l GRUPO GENESIS"/></To><Text>vamos colocar um exemplo se eu pegar essa data do dia 29 ali</Text></Message><Message Date="04/04/2013" Time="17:40:47" DateTime="2013-04-04T20:40:47.000Z" SessionID="5"><From><User FriendlyName="Marcelo - Campo Alegre ñ abre as escolas"/></From><To><User FriendlyName="Comercial l GRUPO GENESIS"/></To><Text>o divulgador vai ficar de segunda a sexta feira</Text></Message><Message Date="04/04/2013" Time="17:41:34" DateTime="2013-04-04T20:41:34.000Z" SessionID="5"><From><User FriendlyName="Marcelo - Campo Alegre ñ abre as escolas"/></From><To><User FriendlyName="Comercial l GRUPO GENESIS"/></To><Text>mais o forte aki é sabado</Text></Message><Message Date="04/04/2013" Time="17:41:45" DateTime="2013-04-04T20:41:45.000Z" SessionID="5"><From><User FriendlyName="Marcelo - Campo Alegre ñ abre as escolas"/></From><To><User FriendlyName="Comercial l GRUPO GENESIS"/></To><Text>porque aqui é muito interior</Text></Message><Message Date="04/04/2013" Time="17:42:01" DateTime="2013-04-04T20:42:01.000Z" SessionID="5"><From><User FriendlyName="Marcelo - Campo Alegre ñ abre as escolas"/></From><To><User FriendlyName="Comercial l GRUPO GENESIS"/></To><Text>dai eles preferem vir mais no fim de semana</Text></Message><Message Date="04/04/2013" Time="17:42:56" DateTime="2013-04-04T20:42:56.000Z" SessionID="5"><From><User FriendlyName="Marcelo - Campo Alegre ñ abre as escolas"/></From><To><User FriendlyName="Comercial l GRUPO GENESIS"/></To><Text>e as escolas são só duas eu acho que não tem necessidade de ficar uma semana completa</Text></Message><Message Date="04/04/2013" Time="17:43:33" DateTime="2013-04-04T20:43:33.000Z" SessionID="5"><From><User FriendlyName="Marcelo - Campo Alegre ñ abre as escolas"/></From><To><User FriendlyName="Comercial l GRUPO GENESIS"/></To><Text>se talves viesse na quinta para fazer as a divulgação na sexta e fazer a matricula no sabado</Text></Message><Message Date="04/04/2013" Time="17:43:38" DateTime="2013-04-04T20:43:38.000Z" SessionID="5"><From><User FriendlyName="Marcelo - Campo Alegre ñ abre as escolas"/></From><To><User FriendlyName="Comercial l GRUPO GENESIS"/></To><Text>eu acho qudava boa</Text></Message><Message Date="04/04/2013" Time="17:43:43" DateTime="2013-04-04T20:43:43.000Z" SessionID="5"><From><User FriendlyName="Marcelo - Campo Alegre ñ abre as escolas"/></From><To><User FriendlyName="Comercial l GRUPO GENESIS"/></To><Text>o que achas</Text></Message><Message Date="22/04/2013" Time="09:28:26" DateTime="2013-04-22T12:28:26.437Z" SessionID="6"><From><User FriendlyName="Marcelo - Campo Alegre ñ abre as escolas"/></From><To><User FriendlyName="Comercial l GRUPO GENESIS"/></To><Text>bom dia</Text></Message><Message Date="22/04/2013" Time="09:28:40" DateTime="2013-04-22T12:28:40.181Z" SessionID="6"><From><User FriendlyName="Comercial l GRUPO GENESIS"/></From><To><User FriendlyName="Marcelo - Campo Alegre ñ abre as escolas"/></To><Text Style="font-family:Segoe UI; color:#000000; ">oi bom di</Text></Message><Message Date="22/04/2013" Time="09:28:42" DateTime="2013-04-22T12:28:42.896Z" SessionID="6"><From><User FriendlyName="Comercial l GRUPO GENESIS"/></From><To><User FriendlyName="Marcelo - Campo Alegre ñ abre as escolas"/></To><Text Style="font-family:Segoe UI; color:#000000; ">DIA</Text></Message><Message Date="22/04/2013" Time="09:28:45" DateTime="2013-04-22T12:28:45.579Z" SessionID="6"><From><User FriendlyName="Marcelo - Campo Alegre ñ abre as escolas"/></From><To><User FriendlyName="Comercial l GRUPO GENESIS"/></To><Text>bom</Text></Message><Message Date="22/04/2013" Time="09:29:06" DateTime="2013-04-22T12:29:06.670Z" SessionID="6"><From><User FriendlyName="Marcelo - Campo Alegre ñ abre as escolas"/></From><To><User FriendlyName="Comercial l GRUPO GENESIS"/></To><Text>ei queria falar com vc</Text></Message><Message Date="22/04/2013" Time="09:29:16" DateTime="2013-04-22T12:29:16.046Z" SessionID="6"><From><User FriendlyName="Marcelo - Campo Alegre ñ abre as escolas"/></From><To><User FriendlyName="Comercial l GRUPO GENESIS"/></To><Text>sobre campo alegre que a gente fechou</Text></Message><Message Date="22/04/2013" Time="09:29:18" DateTime="2013-04-22T12:29:18.791Z" SessionID="6"><From><User FriendlyName="Marcelo - Campo Alegre ñ abre as escolas"/></From><To><User FriendlyName="Comercial l GRUPO GENESIS"/></To><Text>essa semana</Text></Message><Message Date="22/04/2013" Time="09:29:28" DateTime="2013-04-22T12:29:28.826Z" SessionID="6"><From><User FriendlyName="Comercial l GRUPO GENESIS"/></From><To><User FriendlyName="Marcelo - Campo Alegre ñ abre as escolas"/></To><Text Style="font-family:Segoe UI; color:#000000; ">SIM</Text></Message><Message Date="22/04/2013" Time="09:29:32" DateTime="2013-04-22T12:29:32.258Z" SessionID="6"><From><User FriendlyName="Comercial l GRUPO GENESIS"/></From><To><User FriendlyName="Marcelo - Campo Alegre ñ abre as escolas"/></To><Text Style="font-family:Segoe UI; color:#000000; ">pode falar</Text></Message><Message Date="22/04/2013" Time="09:29:53" DateTime="2013-04-22T12:29:53.505Z" SessionID="6"><From><User FriendlyName="Marcelo - Campo Alegre ñ abre as escolas"/></From><To><User FriendlyName="Comercial l GRUPO GENESIS"/></To><Text>pois é tava falando agora com o professor das escolas aqui</Text></Message><Message Date="22/04/2013" Time="09:30:51" DateTime="2013-04-22T12:30:51.258Z" SessionID="6"><From><User FriendlyName="Marcelo - Campo Alegre ñ abre as escolas"/></From><To><User FriendlyName="Comercial l GRUPO GENESIS"/></To><Text>ele me informou</Text></Message><Message Date="22/04/2013" Time="09:31:04" DateTime="2013-04-22T12:31:04.318Z" SessionID="6"><From><User FriendlyName="Marcelo - Campo Alegre ñ abre as escolas"/></From><To><User FriendlyName="Comercial l GRUPO GENESIS"/></To><Text>que essa semana vai ter aula aqui só hoje</Text></Message><Message Date="22/04/2013" Time="09:31:06" DateTime="2013-04-22T12:31:06.564Z" SessionID="6"><From><User FriendlyName="Marcelo - Campo Alegre ñ abre as escolas"/></From><To><User FriendlyName="Comercial l GRUPO GENESIS"/></To><Text>e amanha</Text></Message><Message Date="22/04/2013" Time="09:31:33" DateTime="2013-04-22T12:31:33.022Z" SessionID="6"><From><User FriendlyName="Marcelo - Campo Alegre ñ abre as escolas"/></From><To><User FriendlyName="Comercial l GRUPO GENESIS"/></To><Text>tem como a gente mudar para semana que vem</Text></Message><Message Date="22/04/2013" Time="09:32:11" DateTime="2013-04-22T12:32:11.545Z" SessionID="6"><From><User FriendlyName="Comercial l GRUPO GENESIS"/></From><To><User FriendlyName="Marcelo - Campo Alegre ñ abre as escolas"/></To><Text Style="font-family:Segoe UI; color:#000000; ">sua data foi agendad para 
20 a 25	MAIO
</Text></Message><Message Date="22/04/2013" Time="09:32:27" DateTime="2013-04-22T12:32:27.143Z" SessionID="6"><From><User FriendlyName="Marcelo - Campo Alegre ñ abre as escolas"/></From><To><User FriendlyName="Comercial l GRUPO GENESIS"/></To><Text>hum</Text></Message><Message Date="22/04/2013" Time="09:32:31" DateTime="2013-04-22T12:32:31.029Z" SessionID="6"><From><User FriendlyName="Marcelo - Campo Alegre ñ abre as escolas"/></From><To><User FriendlyName="Comercial l GRUPO GENESIS"/></To><Text>não é essa semana</Text></Message><Message Date="22/04/2013" Time="09:32:35" DateTime="2013-04-22T12:32:35.459Z" SessionID="6"><From><User FriendlyName="Marcelo - Campo Alegre ñ abre as escolas"/></From><To><User FriendlyName="Comercial l GRUPO GENESIS"/></To><Text>é  a semana</Text></Message><Message Date="22/04/2013" Time="09:32:46" DateTime="2013-04-22T12:32:46.379Z" SessionID="6"><From><User FriendlyName="Marcelo - Campo Alegre ñ abre as escolas"/></From><To><User FriendlyName="Comercial l GRUPO GENESIS"/></To><Text>de maio</Text></Message><Message Date="22/04/2013" Time="09:32:58" DateTime="2013-04-22T12:32:58.921Z" SessionID="6"><From><User FriendlyName="Comercial l GRUPO GENESIS"/></From><To><User FriendlyName="Marcelo - Campo Alegre ñ abre as escolas"/></To><Text Style="font-family:Segoe UI; color:#000000; ">exato</Text></Message><Message Date="22/04/2013" Time="09:44:14" DateTime="2013-04-22T12:44:14.248Z" SessionID="6"><From><User FriendlyName="Marcelo - Campo Alegre ñ abre as escolas"/></From><To><User FriendlyName="Comercial l GRUPO GENESIS"/></To><Text>ta ok erigadontaum muito ob</Text></Message><Message Date="22/04/2013" Time="09:44:42" DateTime="2013-04-22T12:44:42.055Z" SessionID="6"><From><User FriendlyName="Comercial l GRUPO GENESIS"/></From><To><User FriendlyName="Marcelo - Campo Alegre ñ abre as escolas"/></To><Text Style="font-family:Segoe UI; color:#000000; ">de nada
estou a disposiçaõ</Text></Message><Message Date="21/05/2013" Time="09:07:26" DateTime="2013-05-21T12:07:26.064Z" SessionID="7"><From><User FriendlyName="Marcelo - Campo Alegre ñ abre as escolas"/></From><To><User FriendlyName="Comercial l GRUPO GENESIS"/></To><Text>bom dia</Text></Message><Message Date="21/05/2013" Time="09:08:03" DateTime="2013-05-21T12:08:03.469Z" SessionID="7"><From><User FriendlyName="Marcelo - Campo Alegre ñ abre as escolas"/></From><To><User FriendlyName="Comercial l GRUPO GENESIS"/></To><Text>queria saber se o divulgador de vcs veio</Text></Message><Message Date="21/05/2013" Time="09:08:08" DateTime="2013-05-21T12:08:08.100Z" SessionID="7"><From><User FriendlyName="Marcelo - Campo Alegre ñ abre as escolas"/></From><To><User FriendlyName="Comercial l GRUPO GENESIS"/></To><Text>?</Text></Message><Message Date="21/05/2013" Time="09:08:40" DateTime="2013-05-21T12:08:40.066Z" SessionID="7"><From><User FriendlyName="Comercial l GRUPO GENESIS"/></From><To><User FriendlyName="Marcelo - Campo Alegre ñ abre as escolas"/></To><Text Style="font-family:Segoe UI; color:#000000; ">sim,chegou na madrugada.
ja pela manha vai estar na escola.acredito que ja esteja lá</Text></Message><Message Date="21/05/2013" Time="09:09:10" DateTime="2013-05-21T12:09:10.398Z" SessionID="7"><From><User FriendlyName="Marcelo - Campo Alegre ñ abre as escolas"/></From><To><User FriendlyName="Comercial l GRUPO GENESIS"/></To><Text>ainda não chegou</Text></Message><Message Date="21/05/2013" Time="09:09:11" DateTime="2013-05-21T12:09:11.462Z" SessionID="7"><From><User FriendlyName="Marcelo - Campo Alegre ñ abre as escolas"/></From><To><User FriendlyName="Comercial l GRUPO GENESIS"/></To><Text>aqui</Text></Message><Message Date="21/05/2013" Time="09:09:16" DateTime="2013-05-21T12:09:16.139Z" SessionID="7"><From><User FriendlyName="Marcelo - Campo Alegre ñ abre as escolas"/></From><To><User FriendlyName="Comercial l GRUPO GENESIS"/></To><Text>estou na escola hoje</Text></Message><Message Date="21/05/2013" Time="09:09:19" DateTime="2013-05-21T12:09:19.723Z" SessionID="7"><From><User FriendlyName="Marcelo - Campo Alegre ñ abre as escolas"/></From><To><User FriendlyName="Comercial l GRUPO GENESIS"/></To><Text>para auxiliar ele</Text></Message><Message Date="21/05/2013" Time="09:09:25" DateTime="2013-05-21T12:09:25.682Z" SessionID="7"><From><User FriendlyName="Marcelo - Campo Alegre ñ abre as escolas"/></From><To><User FriendlyName="Comercial l GRUPO GENESIS"/></To><Text>agora de manha</Text></Message><Message Date="21/05/2013" Time="09:10:03" DateTime="2013-05-21T12:10:03.244Z" SessionID="7"><From><User FriendlyName="Marcelo - Campo Alegre ñ abre as escolas"/></From><To><User FriendlyName="Comercial l GRUPO GENESIS"/></To><Text>ele veio para campo alegre ou para a cidade visinha sera</Text></Message><Message Date="21/05/2013" Time="09:10:42" DateTime="2013-05-21T12:10:42.903Z" SessionID="7"><From><User FriendlyName="Comercial l GRUPO GENESIS"/></From><To><User FriendlyName="Marcelo - Campo Alegre ñ abre as escolas"/></To><Text Style="font-family:Segoe UI; color:#000000; ">para campo alegre.</Text></Message><Message Date="21/05/2013" Time="10:12:23" DateTime="2013-05-21T13:12:23.522Z" SessionID="7"><From><User FriendlyName="Marcelo - Campo Alegre ñ abre as escolas"/></From><To><User FriendlyName="Comercial l GRUPO GENESIS"/></To><Text>bom dia</Text></Message><Message Date="21/05/2013" Time="10:12:35" DateTime="2013-05-21T13:12:35.378Z" SessionID="7"><From><User FriendlyName="Marcelo - Campo Alegre ñ abre as escolas"/></From><To><User FriendlyName="Comercial l GRUPO GENESIS"/></To><Text>eu acho que o funcionário de vcs se perdeu</Text></Message><Message Date="21/05/2013" Time="10:12:43" DateTime="2013-05-21T13:12:43.442Z" SessionID="7"><From><User FriendlyName="Marcelo - Campo Alegre ñ abre as escolas"/></From><To><User FriendlyName="Comercial l GRUPO GENESIS"/></To><Text>porque não chegou ainda</Text></Message><Message Date="21/05/2013" Time="10:20:12" DateTime="2013-05-21T13:20:12.794Z" SessionID="7"><From><User FriendlyName="Comercial l GRUPO GENESIS"/></From><To><User FriendlyName="Marcelo - Campo Alegre ñ abre as escolas"/></To><Text Style="font-family:Segoe UI; color:#000000; ">VOU VERIFICAR</Text></Message><Message Date="21/05/2013" Time="10:20:15" DateTime="2013-05-21T13:20:15.496Z" SessionID="7"><From><User FriendlyName="Comercial l GRUPO GENESIS"/></From><To><User FriendlyName="Marcelo - Campo Alegre ñ abre as escolas"/></To><Text Style="font-family:Segoe UI; color:#000000; ">1 MIN</Text></Message><Message Date="21/05/2013" Time="10:22:41" DateTime="2013-05-21T13:22:41.572Z" SessionID="7"><From><User FriendlyName="Comercial l GRUPO GENESIS"/></From><To><User FriendlyName="Marcelo - Campo Alegre ñ abre as escolas"/></To><Text Style="font-family:Segoe UI; color:#000000; ">Falei com ele e está a caminho.já já chega na escola</Text></Message></Log>
