<?xml version="1.0"?>
<?xml-stylesheet type='text/xsl' href='MessageLog.xsl'?>
<Log FirstSessionID="1" LastSessionID="3"><Message Date="28/01/2013" Time="14:54:06" DateTime="2013-01-28T16:54:06.222Z" SessionID="1"><From><User FriendlyName="Comercial l GRUPO GENESIS"/></From><To><User FriendlyName="Clictec - Jarbas"/></To><Text Style="font-family:Segoe UI; color:#000000; ">ola Jarbas</Text></Message><Message Date="28/01/2013" Time="14:54:09" DateTime="2013-01-28T16:54:09.016Z" SessionID="1"><From><User FriendlyName="Comercial l GRUPO GENESIS"/></From><To><User FriendlyName="Clictec - Jarbas"/></To><Text Style="font-family:Segoe UI; color:#000000; ">tudo bem?</Text></Message><Message Date="28/01/2013" Time="14:54:23" DateTime="2013-01-28T16:54:23.817Z" SessionID="1"><From><User FriendlyName="Clictec - Jarbas"/></From><To><User FriendlyName="Comercial l GRUPO GENESIS"/></To><Text Style="font-family:Segoe UI; color:#000000; ">boa tarde</Text></Message><Message Date="28/01/2013" Time="14:54:54" DateTime="2013-01-28T16:54:54.802Z" SessionID="1"><From><User FriendlyName="Comercial l GRUPO GENESIS"/></From><To><User FriendlyName="Clictec - Jarbas"/></To><Text Style="font-family:Segoe UI; color:#000000; ">voce deixou um recado,queria falar algo a respeito da campanha?
só pra relembrar vc ja agendou para esse ano</Text></Message><Message Date="28/01/2013" Time="14:59:36" DateTime="2013-01-28T16:59:36.892Z" SessionID="1"><From><User FriendlyName="Clictec - Jarbas"/></From><To><User FriendlyName="Comercial l GRUPO GENESIS"/></To><Text Style="font-family:Segoe UI; color:#000000; ">boa tarde</Text></Message><Message Date="28/01/2013" Time="14:59:40" DateTime="2013-01-28T16:59:40.323Z" SessionID="1"><From><User FriendlyName="Clictec - Jarbas"/></From><To><User FriendlyName="Comercial l GRUPO GENESIS"/></To><Text Style="font-family:Segoe UI; color:#000000; ">eu ja agendei </Text></Message><Message Date="28/01/2013" Time="14:59:43" DateTime="2013-01-28T16:59:43.222Z" SessionID="1"><From><User FriendlyName="Clictec - Jarbas"/></From><To><User FriendlyName="Comercial l GRUPO GENESIS"/></To><Text Style="font-family:Segoe UI; color:#000000; ">pra quando </Text></Message><Message Date="28/01/2013" Time="15:01:06" DateTime="2013-01-28T17:01:06.075Z" SessionID="1"><From><User FriendlyName="Comercial l GRUPO GENESIS"/></From><To><User FriendlyName="Clictec - Jarbas"/></To><Text Style="font-family:Segoe UI; color:#000000; ">desculpa foi um  engano,perdão</Text></Message><Message Date="28/01/2013" Time="15:01:12" DateTime="2013-01-28T17:01:12.021Z" SessionID="1"><From><User FriendlyName="Comercial l GRUPO GENESIS"/></From><To><User FriendlyName="Clictec - Jarbas"/></To><Text Style="font-family:Segoe UI; color:#000000; ">era outra pessoa</Text></Message><Message Date="28/01/2013" Time="15:01:19" DateTime="2013-01-28T17:01:19.575Z" SessionID="1"><From><User FriendlyName="Clictec - Jarbas"/></From><To><User FriendlyName="Comercial l GRUPO GENESIS"/></To><Text Style="font-family:Segoe UI; color:#000000; ">ummm</Text></Message><Message Date="28/01/2013" Time="15:01:20" DateTime="2013-01-28T17:01:20.885Z" SessionID="1"><From><User FriendlyName="Clictec - Jarbas"/></From><To><User FriendlyName="Comercial l GRUPO GENESIS"/></To><Text Style="font-family:Segoe UI; color:#000000; ">a bom</Text></Message><Message Date="28/01/2013" Time="15:01:24" DateTime="2013-01-28T17:01:24.544Z" SessionID="1"><From><User FriendlyName="Comercial l GRUPO GENESIS"/></From><To><User FriendlyName="Clictec - Jarbas"/></To><Text Style="font-family:Segoe UI; color:#000000; ">Mas voce entrou em contato,certo?</Text></Message><Message Date="28/01/2013" Time="15:01:29" DateTime="2013-01-28T17:01:29.248Z" SessionID="1"><From><User FriendlyName="Clictec - Jarbas"/></From><To><User FriendlyName="Comercial l GRUPO GENESIS"/></To><Text Style="font-family:Segoe UI; color:#000000; ">mala direta </Text></Message><Message Date="28/01/2013" Time="15:01:34" DateTime="2013-01-28T17:01:34.785Z" SessionID="1"><From><User FriendlyName="Clictec - Jarbas"/></From><To><User FriendlyName="Comercial l GRUPO GENESIS"/></To><Text Style="font-family:Segoe UI; color:#000000; ">vcs fazem</Text></Message><Message Date="28/01/2013" Time="15:01:54" DateTime="2013-01-28T17:01:54.602Z" SessionID="1"><From><User FriendlyName="Clictec - Jarbas"/></From><To><User FriendlyName="Comercial l GRUPO GENESIS"/></To><Text Style="font-family:Segoe UI; color:#000000; ">como funciona preciso de uma campanha para inicio de fevereiro </Text></Message><Message Date="28/01/2013" Time="15:02:03" DateTime="2013-01-28T17:02:03.666Z" SessionID="1"><From><User FriendlyName="Clictec - Jarbas"/></From><To><User FriendlyName="Comercial l GRUPO GENESIS"/></To><Text Style="font-family:Segoe UI; color:#000000; ">estou sem alunos </Text></Message><Message Date="05/02/2013" Time="09:46:52" DateTime="2013-02-05T11:46:52.328Z" SessionID="2"><From><User FriendlyName="Clictec - Jarbas"/></From><To><User FriendlyName="Comercial l GRUPO GENESIS"/></To><Text Style="font-family:Segoe UI; color:#000000; ">bom dia </Text></Message><Message Date="05/02/2013" Time="09:47:03" DateTime="2013-02-05T11:47:03.242Z" SessionID="2"><From><User FriendlyName="Clictec - Jarbas"/></From><To><User FriendlyName="Comercial l GRUPO GENESIS"/></To><Text Style="font-family:Segoe UI; color:#000000; ">divulgação para março</Text></Message><Message Date="05/02/2013" Time="09:47:13" DateTime="2013-02-05T11:47:13.830Z" SessionID="2"><From><User FriendlyName="Comercial l GRUPO GENESIS"/></From><To><User FriendlyName="Clictec - Jarbas"/></To><Text Style="font-family:Segoe UI; color:#000000; ">ola</Text></Message><Message Date="05/02/2013" Time="09:47:16" DateTime="2013-02-05T11:47:16.951Z" SessionID="2"><From><User FriendlyName="Comercial l GRUPO GENESIS"/></From><To><User FriendlyName="Clictec - Jarbas"/></To><Text Style="font-family:Segoe UI; color:#000000; ">bom dia</Text></Message><Message Date="05/02/2013" Time="10:30:29" DateTime="2013-02-05T12:30:29.667Z" SessionID="2"><From><User FriendlyName="Clictec - Jarbas"/></From><To><User FriendlyName="Comercial l GRUPO GENESIS"/></To><Text Style="font-family:Segoe UI; color:#000000; ">ola</Text></Message><Message Date="05/02/2013" Time="10:30:30" DateTime="2013-02-05T12:30:30.105Z" SessionID="2"><From><User FriendlyName="Clictec - Jarbas"/></From><To><User FriendlyName="Comercial l GRUPO GENESIS"/></To><Text Style="font-family:Segoe UI; color:#000000; ">e dai </Text></Message><Message Date="05/02/2013" Time="10:30:35" DateTime="2013-02-05T12:30:35.399Z" SessionID="2"><From><User FriendlyName="Clictec - Jarbas"/></From><To><User FriendlyName="Comercial l GRUPO GENESIS"/></To><Text Style="font-family:Segoe UI; color:#000000; ">vc tem alguma data </Text></Message><Message Date="05/02/2013" Time="10:30:37" DateTime="2013-02-05T12:30:37.477Z" SessionID="2"><From><User FriendlyName="Clictec - Jarbas"/></From><To><User FriendlyName="Comercial l GRUPO GENESIS"/></To><Text Style="font-family:Segoe UI; color:#000000; ">pra março</Text></Message><Message Date="05/02/2013" Time="10:30:56" DateTime="2013-02-05T12:30:56.574Z" SessionID="2"><From><User FriendlyName="Comercial l GRUPO GENESIS"/></From><To><User FriendlyName="Clictec - Jarbas"/></To><Text Style="font-family:Segoe UI; color:#000000; ">Não,a muito tempo..abrimos a agenda em novembro</Text></Message><Message Date="05/02/2013" Time="10:31:01" DateTime="2013-02-05T12:31:01.180Z" SessionID="2"><From><User FriendlyName="Comercial l GRUPO GENESIS"/></From><To><User FriendlyName="Clictec - Jarbas"/></To><Text Style="font-family:Segoe UI; color:#000000; ">de 2012</Text></Message><Message Date="05/02/2013" Time="10:31:06" DateTime="2013-02-05T12:31:06.617Z" SessionID="2"><From><User FriendlyName="Comercial l GRUPO GENESIS"/></From><To><User FriendlyName="Clictec - Jarbas"/></To><Text Style="font-family:Segoe UI; color:#000000; ">só para maio</Text></Message><Message Date="05/02/2013" Time="10:31:12" DateTime="2013-02-05T12:31:12.664Z" SessionID="2"><From><User FriendlyName="Clictec - Jarbas"/></From><To><User FriendlyName="Comercial l GRUPO GENESIS"/></To><Text Style="font-family:Segoe UI; color:#000000; ">sim mas eu tinha agendado uma data </Text></Message><Message Date="05/02/2013" Time="10:31:21" DateTime="2013-02-05T12:31:21.341Z" SessionID="2"><From><User FriendlyName="Clictec - Jarbas"/></From><To><User FriendlyName="Comercial l GRUPO GENESIS"/></To><Text Style="font-family:Segoe UI; color:#000000; ">se não me falha a memoria </Text></Message><Message Date="05/02/2013" Time="10:31:36" DateTime="2013-02-05T12:31:36.636Z" SessionID="2"><From><User FriendlyName="Clictec - Jarbas"/></From><To><User FriendlyName="Comercial l GRUPO GENESIS"/></To><Text Style="font-family:Segoe UI; color:#000000; ">logo que vc começou a montar a agenda</Text></Message><Message Date="05/02/2013" Time="10:31:54" DateTime="2013-02-05T12:31:54.413Z" SessionID="2"><From><User FriendlyName="Clictec - Jarbas"/></From><To><User FriendlyName="Comercial l GRUPO GENESIS"/></To><Text Style="font-family:Segoe UI; color:#000000; ">era em março tenho quase certeza</Text></Message><Message Date="05/02/2013" Time="10:46:22" DateTime="2013-02-05T12:46:22.666Z" SessionID="2"><From><User FriendlyName="Comercial l GRUPO GENESIS"/></From><To><User FriendlyName="Clictec - Jarbas"/></To><Text Style="font-family:Segoe UI; color:#000000; ">Aqui na minha agenda nao me consta nada,mais houve alteraçoes em algumas datas e hoje mesmo nosso diretor de marketing entra em contato já pra dar a solução para os clientes.
No momento so tenho essas informações,pois nao é meu setor</Text></Message><Message Date="05/02/2013" Time="10:46:45" DateTime="2013-02-05T12:46:45.185Z" SessionID="2"><From><User FriendlyName="Clictec - Jarbas"/></From><To><User FriendlyName="Comercial l GRUPO GENESIS"/></To><Text Style="font-family:Segoe UI; color:#000000; ">ata </Text></Message><Message Date="05/02/2013" Time="10:46:51" DateTime="2013-02-05T12:46:51.905Z" SessionID="2"><From><User FriendlyName="Clictec - Jarbas"/></From><To><User FriendlyName="Comercial l GRUPO GENESIS"/></To><Text Style="font-family:Segoe UI; color:#000000; ">fico no aguardo então </Text></Message><Message Date="05/02/2013" Time="10:47:05" DateTime="2013-02-05T12:47:05.153Z" SessionID="2"><From><User FriendlyName="Comercial l GRUPO GENESIS"/></From><To><User FriendlyName="Clictec - Jarbas"/></To><Text Style="font-family:Segoe UI; color:#000000; ">Agradeço pela compreenção</Text></Message><Message Date="05/02/2013" Time="10:47:08" DateTime="2013-02-05T12:47:08.613Z" SessionID="2"><From><User FriendlyName="Comercial l GRUPO GENESIS"/></From><To><User FriendlyName="Clictec - Jarbas"/></To><Text Style="font-family:Segoe UI; color:#000000; ">um bom dia</Text></Message><Message Date="05/02/2013" Time="10:47:11" DateTime="2013-02-05T12:47:11.913Z" SessionID="2"><From><User FriendlyName="Comercial l GRUPO GENESIS"/></From><To><User FriendlyName="Clictec - Jarbas"/></To><Text Style="font-family:Segoe UI; color:#000000; ">até mais</Text></Message><Message Date="06/02/2013" Time="16:18:10" DateTime="2013-02-06T18:18:10.729Z" SessionID="3"><From><User FriendlyName="Comercial l GRUPO GENESIS"/></From><To><User FriendlyName="Clictec - Jarbas"/></To><Text Style="font-family:Segoe UI; color:#000000; ">ola Jarbas</Text></Message><Message Date="06/02/2013" Time="16:18:17" DateTime="2013-02-06T18:18:17.360Z" SessionID="3"><From><User FriendlyName="Comercial l GRUPO GENESIS"/></From><To><User FriendlyName="Clictec - Jarbas"/></To><Text Style="font-family:Segoe UI; color:#000000; ">tudo bem?</Text></Message><Message Date="06/02/2013" Time="16:18:23" DateTime="2013-02-06T18:18:23.725Z" SessionID="3"><From><User FriendlyName="Clictec - Jarbas"/></From><To><User FriendlyName="Comercial l GRUPO GENESIS"/></To><Text Style="font-family:Segoe UI; color:#000000; ">tudo bem </Text></Message><Message Date="06/02/2013" Time="16:18:42" DateTime="2013-02-06T18:18:42.159Z" SessionID="3"><From><User FriendlyName="Comercial l GRUPO GENESIS"/></From><To><User FriendlyName="Clictec - Jarbas"/></To><Text Style="font-family:Segoe UI; color:#000000; ">que bom </Text></Message><Message Date="06/02/2013" Time="16:19:11" DateTime="2013-02-06T18:19:11.773Z" SessionID="3"><From><User FriendlyName="Comercial l GRUPO GENESIS"/></From><To><User FriendlyName="Clictec - Jarbas"/></To><Text Style="font-family:Segoe UI; color:#000000; ">ontem nosso diretor de marketing entrou em contato com vc?</Text></Message><Message Date="06/02/2013" Time="16:19:26" DateTime="2013-02-06T18:19:26.129Z" SessionID="3"><From><User FriendlyName="Clictec - Jarbas"/></From><To><User FriendlyName="Comercial l GRUPO GENESIS"/></To><Text Style="font-family:Segoe UI; color:#000000; ">sim</Text></Message><Message Date="06/02/2013" Time="16:20:02" DateTime="2013-02-06T18:20:02.846Z" SessionID="3"><From><User FriendlyName="Comercial l GRUPO GENESIS"/></From><To><User FriendlyName="Clictec - Jarbas"/></To><Text Style="font-family:Segoe UI; color:#000000; ">ele informou que vou te passar as datas disponiveis cero?</Text></Message><Message Date="06/02/2013" Time="16:20:06" DateTime="2013-02-06T18:20:06.870Z" SessionID="3"><From><User FriendlyName="Comercial l GRUPO GENESIS"/></From><To><User FriendlyName="Clictec - Jarbas"/></To><Text Style="font-family:Segoe UI; color:#000000; ">certo*</Text></Message><Message Date="06/02/2013" Time="16:21:25" DateTime="2013-02-06T18:21:25.432Z" SessionID="3"><From><User FriendlyName="Clictec - Jarbas"/></From><To><User FriendlyName="Comercial l GRUPO GENESIS"/></To><Text Style="font-family:Segoe UI; color:#000000; ">acho que sim </Text></Message><Message Date="06/02/2013" Time="16:21:38" DateTime="2013-02-06T18:21:38.583Z" SessionID="3"><From><User FriendlyName="Clictec - Jarbas"/></From><To><User FriendlyName="Comercial l GRUPO GENESIS"/></To><Text Style="font-family:Segoe UI; color:#000000; ">falou que ia ver oque conseguia e me passava</Text></Message><Message Date="06/02/2013" Time="16:21:58" DateTime="2013-02-06T18:21:58.676Z" SessionID="3"><From><User FriendlyName="Comercial l GRUPO GENESIS"/></From><To><User FriendlyName="Clictec - Jarbas"/></To><Text Style="font-family:Segoe UI; color:#000000; ">posso te passar aqui?</Text></Message><Message Date="06/02/2013" Time="16:22:01" DateTime="2013-02-06T18:22:01.078Z" SessionID="3"><From><User FriendlyName="Comercial l GRUPO GENESIS"/></From><To><User FriendlyName="Clictec - Jarbas"/></To><Text Style="font-family:Segoe UI; color:#000000; ">tudo bem?</Text></Message><Message Date="06/02/2013" Time="16:23:07" DateTime="2013-02-06T18:23:07.924Z" SessionID="3"><From><User FriendlyName="Comercial l GRUPO GENESIS"/></From><To><User FriendlyName="Clictec - Jarbas"/></To><Text Style="font-family:Segoe UI; color:#000000; ">A data disponivel mais proxima que posso te passar é dia 03/06</Text></Message><Message Date="06/02/2013" Time="16:26:15" DateTime="2013-02-06T18:26:15.650Z" SessionID="3"><From><User FriendlyName="Clictec - Jarbas"/></From><To><User FriendlyName="Comercial l GRUPO GENESIS"/></To><Text Style="font-family:Segoe UI; color:#000000; ">a é ta bom nunca mais então nos procure pois deixei de marcar com outra empresa para agora vc me disser isso </Text></Message><Message Date="06/02/2013" Time="16:26:34" DateTime="2013-02-06T18:26:34.725Z" SessionID="3"><From><User FriendlyName="Clictec - Jarbas"/></From><To><User FriendlyName="Comercial l GRUPO GENESIS"/></To><Text Style="font-family:Segoe UI; color:#000000; ">dis pro seu diretor que vou difamar vcs para todas escolas aqui da nossa região </Text></Message><Message Date="06/02/2013" Time="16:26:37" DateTime="2013-02-06T18:26:37.514Z" SessionID="3"><From><User FriendlyName="Clictec - Jarbas"/></From><To><User FriendlyName="Comercial l GRUPO GENESIS"/></To><Text Style="font-family:Segoe UI; color:#000000; ">pode deixar</Text></Message><Message Date="06/02/2013" Time="16:26:44" DateTime="2013-02-06T18:26:44.396Z" SessionID="3"><From><User FriendlyName="Clictec - Jarbas"/></From><To><User FriendlyName="Comercial l GRUPO GENESIS"/></To><Text Style="font-family:Segoe UI; color:#000000; ">passar bem </Text></Message><Message Date="06/02/2013" Time="16:27:02" DateTime="2013-02-06T18:27:02.457Z" SessionID="3"><From><User FriendlyName="Clictec - Jarbas"/></From><To><User FriendlyName="Comercial l GRUPO GENESIS"/></To><Text Style="font-family:Segoe UI; color:#000000; ">até junho eu ja fechei a escola por falta de aluno.</Text></Message><Message Date="06/02/2013" Time="16:27:08" DateTime="2013-02-06T18:27:08.998Z" SessionID="3"><From><User FriendlyName="Clictec - Jarbas"/></From><To><User FriendlyName="Comercial l GRUPO GENESIS"/></To><Text Style="font-family:Segoe UI; color:#000000; ">e ele sera o culpado</Text></Message></Log>
