<?xml version="1.0"?>
<?xml-stylesheet type='text/xsl' href='MessageLog.xsl'?>
<Log FirstSessionID="1" LastSessionID="2"><Message Date="14/03/2013" Time="09:42:37" DateTime="2013-03-14T12:42:37.120Z" SessionID="1"><From><User FriendlyName="Comercial l GRUPO GENESIS"/></From><To><User FriendlyName="Helena Itapoa - SC ñ quer"/></To><Text Style="font-family:Segoe UI; color:#000000; ">Oi</Text></Message><Message Date="14/03/2013" Time="09:42:39" DateTime="2013-03-14T12:42:39.054Z" SessionID="1"><From><User FriendlyName="Comercial l GRUPO GENESIS"/></From><To><User FriendlyName="Helena Itapoa - SC ñ quer"/></To><Text Style="font-family:Segoe UI; color:#000000; ">Bom dia</Text></Message><Message Date="27/03/2013" Time="08:57:00" DateTime="2013-03-27T11:57:00.298Z" SessionID="2"><From><User FriendlyName="Comercial l GRUPO GENESIS"/></From><To><User FriendlyName="Helena Itapoa - SC ñ quer"/></To><Text Style="font-family:Segoe UI; color:#000000; ">Oi</Text></Message><Message Date="27/03/2013" Time="08:57:02" DateTime="2013-03-27T11:57:02.388Z" SessionID="2"><From><User FriendlyName="Comercial l GRUPO GENESIS"/></From><To><User FriendlyName="Helena Itapoa - SC ñ quer"/></To><Text Style="font-family:Segoe UI; color:#000000; ">Bom dia</Text></Message></Log>
