<?xml version="1.0"?>
<?xml-stylesheet type='text/xsl' href='MessageLog.xsl'?>
<Log FirstSessionID="1" LastSessionID="1"><Message Date="06/02/2013" Time="16:07:28" DateTime="2013-02-06T18:07:28.578Z" SessionID="1"><From><User FriendlyName="Comercial l GRUPO GENESIS"/></From><To><User FriendlyName="ilse bonan"/></To><Text Style="font-family:Segoe UI; color:#000000; ">ola</Text></Message><Message Date="06/02/2013" Time="16:07:33" DateTime="2013-02-06T18:07:33.024Z" SessionID="1"><From><User FriendlyName="Comercial l GRUPO GENESIS"/></From><To><User FriendlyName="ilse bonan"/></To><Text Style="font-family:Segoe UI; color:#000000; ">boa tarde</Text></Message></Log>
