<?xml version="1.0"?>
<?xml-stylesheet type='text/xsl' href='MessageLog.xsl'?>
<Log FirstSessionID="1" LastSessionID="1"><Message Date="29/01/2013" Time="15:05:28" DateTime="2013-01-29T17:05:28.963Z" SessionID="1"><From><User FriendlyName="infobrasil ."/></From><To><User FriendlyName="Comercial l GRUPO GENESIS"/></To><Text Style="font-family:Segoe UI; color:#008000; ">Boa tarde</Text></Message><Message Date="29/01/2013" Time="15:07:31" DateTime="2013-01-29T17:07:31.873Z" SessionID="1"><From><User FriendlyName="Comercial l GRUPO GENESIS"/></From><To><User FriendlyName="infobrasil ."/></To><Text Style="font-family:Segoe UI; color:#000000; ">Boa Tarde</Text></Message><Message Date="29/01/2013" Time="15:07:36" DateTime="2013-01-29T17:07:36.743Z" SessionID="1"><From><User FriendlyName="Comercial l GRUPO GENESIS"/></From><To><User FriendlyName="infobrasil ."/></To><Text Style="font-family:Segoe UI; color:#000000; ">tudo bem?</Text></Message><Message Date="29/01/2013" Time="15:14:15" DateTime="2013-01-29T17:14:15.802Z" SessionID="1"><From><User FriendlyName="infobrasil ."/></From><To><User FriendlyName="Comercial l GRUPO GENESIS"/></To><Text Style="font-family:Segoe UI; color:#008000; ">tudo e vc?</Text></Message><Message Date="29/01/2013" Time="15:14:22" DateTime="2013-01-29T17:14:22.242Z" SessionID="1"><From><User FriendlyName="infobrasil ."/></From><To><User FriendlyName="Comercial l GRUPO GENESIS"/></To><Text Style="font-family:Segoe UI; color:#008000; ">com quem eu falo?</Text></Message><Message Date="29/01/2013" Time="15:14:35" DateTime="2013-01-29T17:14:35.204Z" SessionID="1"><From><User FriendlyName="Comercial l GRUPO GENESIS"/></From><To><User FriendlyName="infobrasil ."/></To><Text Style="font-family:Segoe UI; color:#000000; ">que bom</Text></Message><Message Date="29/01/2013" Time="15:14:58" DateTime="2013-01-29T17:14:58.816Z" SessionID="1"><From><User FriendlyName="Comercial l GRUPO GENESIS"/></From><To><User FriendlyName="infobrasil ."/></To><Text Style="font-family:Segoe UI; color:#000000; ">tudo bem sim</Text></Message><Message Date="29/01/2013" Time="15:15:04" DateTime="2013-01-29T17:15:04.196Z" SessionID="1"><From><User FriendlyName="Comercial l GRUPO GENESIS"/></From><To><User FriendlyName="infobrasil ."/></To><Text Style="font-family:Segoe UI; color:#000000; ">Me chamo Daiana</Text></Message><Message Date="29/01/2013" Time="15:15:06" DateTime="2013-01-29T17:15:06.116Z" SessionID="1"><From><User FriendlyName="Comercial l GRUPO GENESIS"/></From><To><User FriendlyName="infobrasil ."/></To><Text Style="font-family:Segoe UI; color:#000000; ">e vc?</Text></Message><Message Date="29/01/2013" Time="15:15:10" DateTime="2013-01-29T17:15:10.446Z" SessionID="1"><From><User FriendlyName="infobrasil ."/></From><To><User FriendlyName="Comercial l GRUPO GENESIS"/></To><Text Style="font-family:Segoe UI; color:#008000; ">Patricia</Text></Message><Message Date="29/01/2013" Time="15:15:36" DateTime="2013-01-29T17:15:36.698Z" SessionID="1"><From><User FriendlyName="infobrasil ."/></From><To><User FriendlyName="Comercial l GRUPO GENESIS"/></To><Text Style="font-family:Segoe UI; color:#008000; ">sobre a divulgação que foi visto com voces pro inicio de março, está confirmada?</Text></Message><Message Date="29/01/2013" Time="15:16:14" DateTime="2013-01-29T17:16:14.098Z" SessionID="1"><From><User FriendlyName="infobrasil ."/></From><To><User FriendlyName="Comercial l GRUPO GENESIS"/></To><Text Style="font-family:Segoe UI; color:#008000; ">O Emerson Saraiva conversou com voces por telefone, so ele nao soube me dizer com quem</Text></Message><Message Date="29/01/2013" Time="15:17:56" DateTime="2013-01-29T17:17:56.992Z" SessionID="1"><From><User FriendlyName="Comercial l GRUPO GENESIS"/></From><To><User FriendlyName="infobrasil ."/></To><Text Style="font-family:Segoe UI; color:#000000; ">Sim,me recordo</Text></Message><Message Date="29/01/2013" Time="15:18:02" DateTime="2013-01-29T17:18:02.582Z" SessionID="1"><From><User FriendlyName="Comercial l GRUPO GENESIS"/></From><To><User FriendlyName="infobrasil ."/></To><Text Style="font-family:Segoe UI; color:#000000; ">esta confirmada</Text></Message><Message Date="29/01/2013" Time="15:18:06" DateTime="2013-01-29T17:18:06.532Z" SessionID="1"><From><User FriendlyName="Comercial l GRUPO GENESIS"/></From><To><User FriendlyName="infobrasil ."/></To><Text Style="font-family:Segoe UI; color:#000000; ">25 de março</Text></Message><Message Date="29/01/2013" Time="15:19:06" DateTime="2013-01-29T17:19:06.082Z" SessionID="1"><From><User FriendlyName="infobrasil ."/></From><To><User FriendlyName="Comercial l GRUPO GENESIS"/></To><Text Style="font-family:Segoe UI; color:#008000; ">pra antes voces nao tem?</Text></Message><Message Date="29/01/2013" Time="15:19:27" DateTime="2013-01-29T17:19:27.482Z" SessionID="1"><From><User FriendlyName="Comercial l GRUPO GENESIS"/></From><To><User FriendlyName="infobrasil ."/></To><Text Style="font-family:Segoe UI; color:#000000; ">Não..
so temos datas para começo de junho</Text></Message><Message Date="29/01/2013" Time="15:19:40" DateTime="2013-01-29T17:19:40.032Z" SessionID="1"><From><User FriendlyName="infobrasil ."/></From><To><User FriendlyName="Comercial l GRUPO GENESIS"/></To><Text Style="font-family:Segoe UI; color:#008000; ">ok</Text></Message><Message Date="29/01/2013" Time="15:20:20" DateTime="2013-01-29T17:20:20.422Z" SessionID="1"><From><User FriendlyName="infobrasil ."/></From><To><User FriendlyName="Comercial l GRUPO GENESIS"/></To><Text Style="font-family:Segoe UI; color:#008000; ">gostariamos que nos mandassem outro divulgador</Text></Message><Message Date="29/01/2013" Time="15:20:34" DateTime="2013-01-29T17:20:34.412Z" SessionID="1"><From><User FriendlyName="infobrasil ."/></From><To><User FriendlyName="Comercial l GRUPO GENESIS"/></To><Text Style="font-family:Segoe UI; color:#008000; ">o ultimo foi o Marcel</Text></Message><Message Date="29/01/2013" Time="15:20:47" DateTime="2013-01-29T17:20:47.010Z" SessionID="1"><From><User FriendlyName="infobrasil ."/></From><To><User FriendlyName="Comercial l GRUPO GENESIS"/></To><Text Style="font-family:Segoe UI; color:#008000; ">dai tem que ser outro</Text></Message><Message Date="29/01/2013" Time="15:21:00" DateTime="2013-01-29T17:21:00.450Z" SessionID="1"><From><User FriendlyName="Comercial l GRUPO GENESIS"/></From><To><User FriendlyName="infobrasil ."/></To><Text Style="font-family:Segoe UI; color:#000000; ">Ele nao faz mais parte da equipe</Text></Message><Message Date="29/01/2013" Time="15:21:07" DateTime="2013-01-29T17:21:07.130Z" SessionID="1"><From><User FriendlyName="infobrasil ."/></From><To><User FriendlyName="Comercial l GRUPO GENESIS"/></To><Text Style="font-family:Segoe UI; color:#008000; ">a é?</Text></Message><Message Date="29/01/2013" Time="15:21:19" DateTime="2013-01-29T17:21:19.042Z" SessionID="1"><From><User FriendlyName="Comercial l GRUPO GENESIS"/></From><To><User FriendlyName="infobrasil ."/></To><Text Style="font-family:Segoe UI; color:#000000; ">sim,</Text></Message><Message Date="29/01/2013" Time="15:21:33" DateTime="2013-01-29T17:21:33.122Z" SessionID="1"><From><User FriendlyName="Comercial l GRUPO GENESIS"/></From><To><User FriendlyName="infobrasil ."/></To><Text Style="font-family:Segoe UI; color:#000000; ">e da mesma forma nunca vai o mesmo,sempre muda</Text></Message><Message Date="29/01/2013" Time="15:21:39" DateTime="2013-01-29T17:21:39.012Z" SessionID="1"><From><User FriendlyName="infobrasil ."/></From><To><User FriendlyName="Comercial l GRUPO GENESIS"/></To><Text Style="font-family:Segoe UI; color:#008000; ">blz</Text></Message><Message Date="29/01/2013" Time="15:21:47" DateTime="2013-01-29T17:21:47.002Z" SessionID="1"><From><User FriendlyName="infobrasil ."/></From><To><User FriendlyName="Comercial l GRUPO GENESIS"/></To><Text Style="font-family:Segoe UI; color:#008000; ">o projeto dai temos que fazer outro</Text></Message><Message Date="29/01/2013" Time="15:22:34" DateTime="2013-01-29T17:22:34.403Z" SessionID="1"><From><User FriendlyName="infobrasil ."/></From><To><User FriendlyName="Comercial l GRUPO GENESIS"/></To><Text Style="font-family:Segoe UI; color:#008000; ">tb</Text></Message><Message Date="29/01/2013" Time="15:23:23" DateTime="2013-01-29T17:23:23.029Z" SessionID="1"><From><User FriendlyName="Comercial l GRUPO GENESIS"/></From><To><User FriendlyName="infobrasil ."/></To><Text Style="font-family:Segoe UI; color:#000000; ">sim</Text></Message><Message Date="29/01/2013" Time="15:23:33" DateTime="2013-01-29T17:23:33.159Z" SessionID="1"><From><User FriendlyName="Comercial l GRUPO GENESIS"/></From><To><User FriendlyName="infobrasil ."/></To><Text Style="font-family:Segoe UI; color:#000000; ">qual foi o ultimo que fizeram a?</Text></Message><Message Date="29/01/2013" Time="15:23:35" DateTime="2013-01-29T17:23:35.706Z" SessionID="1"><From><User FriendlyName="Comercial l GRUPO GENESIS"/></From><To><User FriendlyName="infobrasil ."/></To><Text Style="font-family:Segoe UI; color:#000000; ">ai*</Text></Message><Message Date="29/01/2013" Time="15:24:01" DateTime="2013-01-29T17:24:01.187Z" SessionID="1"><From><User FriendlyName="infobrasil ."/></From><To><User FriendlyName="Comercial l GRUPO GENESIS"/></To><Text Style="font-family:Segoe UI; color:#008000; ">que o governo federal mandava os computadores pras escolas cadastradas</Text></Message><Message Date="29/01/2013" Time="15:24:17" DateTime="2013-01-29T17:24:17.437Z" SessionID="1"><From><User FriendlyName="infobrasil ."/></From><To><User FriendlyName="Comercial l GRUPO GENESIS"/></To><Text Style="font-family:Segoe UI; color:#008000; ">q as escolas tinham que se cadastrar</Text></Message><Message Date="29/01/2013" Time="15:24:54" DateTime="2013-01-29T17:24:54.537Z" SessionID="1"><From><User FriendlyName="Comercial l GRUPO GENESIS"/></From><To><User FriendlyName="infobrasil ."/></To><Text Style="font-family:Segoe UI; color:#000000; ">vamos fazer um projeto novo</Text></Message><Message Date="29/01/2013" Time="15:25:18" DateTime="2013-01-29T17:25:18.169Z" SessionID="1"><From><User FriendlyName="infobrasil ."/></From><To><User FriendlyName="Comercial l GRUPO GENESIS"/></To><Text Style="font-family:Segoe UI; color:#008000; ">claro</Text></Message><Message Date="29/01/2013" Time="15:25:52" DateTime="2013-01-29T17:25:52.359Z" SessionID="1"><From><User FriendlyName="infobrasil ."/></From><To><User FriendlyName="Comercial l GRUPO GENESIS"/></To><Text Style="font-family:Segoe UI; color:#008000; ">eu nao sei o que vcs tem ai para nos oferecer?</Text></Message><Message Date="29/01/2013" Time="15:26:12" DateTime="2013-01-29T17:26:12.869Z" SessionID="1"><From><User FriendlyName="Comercial l GRUPO GENESIS"/></From><To><User FriendlyName="infobrasil ."/></To><Text Style="font-family:Segoe UI; color:#000000; ">o novo é educação em foco</Text></Message><Message Date="29/01/2013" Time="15:26:22" DateTime="2013-01-29T17:26:22.219Z" SessionID="1"><From><User FriendlyName="Comercial l GRUPO GENESIS"/></From><To><User FriendlyName="infobrasil ."/></To><Text Style="font-family:Segoe UI; color:#000000; ">é oque vamos mandar ai</Text></Message><Message Date="29/01/2013" Time="15:27:20" DateTime="2013-01-29T17:27:20.789Z" SessionID="1"><From><User FriendlyName="infobrasil ."/></From><To><User FriendlyName="Comercial l GRUPO GENESIS"/></To><Text Style="font-family:Segoe UI; color:#008000; ">mas nao envolve cadastramento das escolas pro governo né</Text></Message><Message Date="29/01/2013" Time="15:27:32" DateTime="2013-01-29T17:27:32.109Z" SessionID="1"><From><User FriendlyName="Comercial l GRUPO GENESIS"/></From><To><User FriendlyName="infobrasil ."/></To><Text Style="font-family:Segoe UI; color:#000000; ">não</Text></Message><Message Date="29/01/2013" Time="15:27:35" DateTime="2013-01-29T17:27:35.639Z" SessionID="1"><From><User FriendlyName="infobrasil ."/></From><To><User FriendlyName="Comercial l GRUPO GENESIS"/></To><Text Style="font-family:Segoe UI; color:#008000; ">ok</Text></Message><Message Date="29/01/2013" Time="15:27:37" DateTime="2013-01-29T17:27:37.139Z" SessionID="1"><From><User FriendlyName="infobrasil ."/></From><To><User FriendlyName="Comercial l GRUPO GENESIS"/></To><Text Style="font-family:Segoe UI; color:#008000; ">blz</Text></Message><Message Date="29/01/2013" Time="15:27:50" DateTime="2013-01-29T17:27:50.077Z" SessionID="1"><From><User FriendlyName="Comercial l GRUPO GENESIS"/></From><To><User FriendlyName="infobrasil ."/></To><Text Style="font-family:Segoe UI; color:#000000; ">mais alguma duvida</Text></Message><Message Date="29/01/2013" Time="15:27:54" DateTime="2013-01-29T17:27:54.237Z" SessionID="1"><From><User FriendlyName="infobrasil ."/></From><To><User FriendlyName="Comercial l GRUPO GENESIS"/></To><Text Style="font-family:Segoe UI; color:#008000; ">nao nao</Text></Message><Message Date="29/01/2013" Time="15:27:55" DateTime="2013-01-29T17:27:55.707Z" SessionID="1"><From><User FriendlyName="infobrasil ."/></From><To><User FriendlyName="Comercial l GRUPO GENESIS"/></To><Text Style="font-family:Segoe UI; color:#008000; ">era isso</Text></Message><Message Date="29/01/2013" Time="15:27:58" DateTime="2013-01-29T17:27:58.267Z" SessionID="1"><From><User FriendlyName="infobrasil ."/></From><To><User FriendlyName="Comercial l GRUPO GENESIS"/></To><Text Style="font-family:Segoe UI; color:#008000; ">muito obrigada</Text></Message><Message Date="29/01/2013" Time="15:28:12" DateTime="2013-01-29T17:28:12.307Z" SessionID="1"><From><User FriendlyName="Comercial l GRUPO GENESIS"/></From><To><User FriendlyName="infobrasil ."/></To><Text Style="font-family:Segoe UI; color:#000000; ">de nada</Text></Message><Message Date="29/01/2013" Time="15:28:22" DateTime="2013-01-29T17:28:22.897Z" SessionID="1"><From><User FriendlyName="Comercial l GRUPO GENESIS"/></From><To><User FriendlyName="infobrasil ."/></To><Text Style="font-family:Segoe UI; color:#000000; ">estou a disposição pra qualquer duvida</Text></Message><Message Date="29/01/2013" Time="15:28:27" DateTime="2013-01-29T17:28:27.227Z" SessionID="1"><From><User FriendlyName="Comercial l GRUPO GENESIS"/></From><To><User FriendlyName="infobrasil ."/></To><Text Style="font-family:Segoe UI; color:#000000; ">uma boa semana </Text></Message><Message Date="29/01/2013" Time="15:28:29" DateTime="2013-01-29T17:28:29.507Z" SessionID="1"><From><User FriendlyName="Comercial l GRUPO GENESIS"/></From><To><User FriendlyName="infobrasil ."/></To><Text Style="font-family:Segoe UI; color:#000000; ">até mais</Text></Message><Message Date="29/01/2013" Time="15:29:01" DateTime="2013-01-29T17:29:01.543Z" SessionID="1"><From><User FriendlyName="infobrasil ."/></From><To><User FriendlyName="Comercial l GRUPO GENESIS"/></To><Text Style="font-family:Segoe UI; color:#008000; ">pra voces tb</Text></Message><Message Date="29/01/2013" Time="15:29:02" DateTime="2013-01-29T17:29:02.995Z" SessionID="1"><From><User FriendlyName="infobrasil ."/></From><To><User FriendlyName="Comercial l GRUPO GENESIS"/></To><Text Style="font-family:Segoe UI; color:#008000; ">ate</Text></Message></Log>
