<?xml version="1.0"?>
<?xml-stylesheet type='text/xsl' href='MessageLog.xsl'?>
<Log FirstSessionID="1" LastSessionID="1"><Message Date="10/04/2013" Time="08:59:08" DateTime="2013-04-10T11:59:08.754Z" SessionID="1"><From><User FriendlyName="Comercial l GRUPO GENESIS"/></From><To><User FriendlyName="Itamir Bertoglio"/></To><Text Style="font-family:Segoe UI; color:#000000; ">oi</Text></Message><Message Date="10/04/2013" Time="08:59:11" DateTime="2013-04-10T11:59:11.016Z" SessionID="1"><From><User FriendlyName="Comercial l GRUPO GENESIS"/></From><To><User FriendlyName="Itamir Bertoglio"/></To><Text Style="font-family:Segoe UI; color:#000000; ">bom dia</Text></Message></Log>
