<?xml version="1.0"?>
<?xml-stylesheet type='text/xsl' href='MessageLog.xsl'?>
<Log FirstSessionID="1" LastSessionID="3"><Message Date="15/01/2013" Time="11:05:18" DateTime="2013-01-15T13:05:18.600Z" SessionID="1"><From><User FriendlyName="Jairo New Life - Carazinho e Passo fundo"/></From><To><User FriendlyName="Comercial l GRUPO GENESIS"/></To><Text Style="font-family:Segoe UI; font-weight:bold; color:#0000ff; ">bom dia</Text></Message><Message Date="15/01/2013" Time="11:05:45" DateTime="2013-01-15T13:05:45.357Z" SessionID="1"><From><User FriendlyName="Jairo New Life - Carazinho e Passo fundo"/></From><To><User FriendlyName="Comercial l GRUPO GENESIS"/></To><Text Style="font-family:Segoe UI; font-weight:bold; color:#0000ff; ">ontem o andre me ligou avisando que nao poderia manter a data que tinha sido programada para campanha</Text></Message><Message Date="15/01/2013" Time="11:06:02" DateTime="2013-01-15T13:06:02.120Z" SessionID="1"><From><User FriendlyName="Jairo New Life - Carazinho e Passo fundo"/></From><To><User FriendlyName="Comercial l GRUPO GENESIS"/></To><Text Style="font-family:Segoe UI; font-weight:bold; color:#0000ff; ">preciso que me informe qual vai ser a nova data para a cidade de carazinho e passo fundo rs</Text></Message><Message Date="15/01/2013" Time="15:13:39" DateTime="2013-01-15T17:13:39.936Z" SessionID="2"><From><User FriendlyName="Jairo New Life - Carazinho e Passo fundo"/></From><To><User FriendlyName="Comercial l GRUPO GENESIS"/></To><Text Style="font-family:Segoe UI; font-weight:bold; color:#0000ff; ">rs</Text></Message><Message Date="15/01/2013" Time="15:13:56" DateTime="2013-01-15T17:13:56.440Z" SessionID="2"><From><User FriendlyName="Jairo New Life - Carazinho e Passo fundo"/></From><To><User FriendlyName="Comercial l GRUPO GENESIS"/></To><Text Style="font-family:Segoe UI; font-weight:bold; color:#0000ff; ">essa é uma pegadinha, me mostra aonde esta a camera escondida</Text></Message><Message Date="15/01/2013" Time="15:14:12" DateTime="2013-01-15T17:14:12.798Z" SessionID="2"><From><User FriendlyName="Jairo New Life - Carazinho e Passo fundo"/></From><To><User FriendlyName="Comercial l GRUPO GENESIS"/></To><Text Style="font-family:Segoe UI; font-weight:bold; color:#0000ff; ">eu tinha uma data marcada pra fevereiro 2ª semana</Text></Message><Message Date="15/01/2013" Time="15:14:17" DateTime="2013-01-15T17:14:17.438Z" SessionID="2"><From><User FriendlyName="Jairo New Life - Carazinho e Passo fundo"/></From><To><User FriendlyName="Comercial l GRUPO GENESIS"/></To><Text Style="font-family:Segoe UI; font-weight:bold; color:#0000ff; ">como assim so tem em maio</Text></Message><Message Date="15/01/2013" Time="15:14:33" DateTime="2013-01-15T17:14:33.306Z" SessionID="2"><From><User FriendlyName="Jairo New Life - Carazinho e Passo fundo"/></From><To><User FriendlyName="Comercial l GRUPO GENESIS"/></To><Text Style="font-family:Segoe UI; font-weight:bold; color:#0000ff; ">entao faz o seguinte desmarca e tira o meu nome ai da lista de escola que vcs divulgam</Text></Message><Message Date="15/01/2013" Time="15:15:11" DateTime="2013-01-15T17:15:11.400Z" SessionID="2"><From><User FriendlyName="Jairo New Life - Carazinho e Passo fundo"/></From><To><User FriendlyName="Comercial l GRUPO GENESIS"/></To><Text Style="font-family:Segoe UI; font-weight:bold; color:#0000ff; ">ontem falei com o andre ele so me disse que nao daria essa 2ª semana de fevereiro porque alguns colegios nao teriam retornado mas que marcaria o mais breve o possivel</Text></Message><Message Date="15/01/2013" Time="15:15:19" DateTime="2013-01-15T17:15:19.500Z" SessionID="2"><From><User FriendlyName="Jairo New Life - Carazinho e Passo fundo"/></From><To><User FriendlyName="Comercial l GRUPO GENESIS"/></To><Text Style="font-family:Segoe UI; font-weight:bold; color:#0000ff; ">mas nao me comento nada nesse sentido de ser maio</Text></Message><Message Date="15/01/2013" Time="15:23:36" DateTime="2013-01-15T17:23:36.880Z" SessionID="2"><From><User FriendlyName="Comercial l GRUPO GENESIS"/></From><To><User FriendlyName="Jairo New Life - Carazinho e Passo fundo"/></To><Text Style="font-family:Segoe UI; color:#000000; ">abriu uma data na semana do dia 22 a 27 de abril</Text></Message><Message Date="15/01/2013" Time="15:23:49" DateTime="2013-01-15T17:23:49.720Z" SessionID="2"><From><User FriendlyName="Comercial l GRUPO GENESIS"/></From><To><User FriendlyName="Jairo New Life - Carazinho e Passo fundo"/></To><Text Style="font-family:Segoe UI; color:#000000; ">mas somente pra uma das cidades</Text></Message><Message Date="15/01/2013" Time="15:31:48" DateTime="2013-01-15T17:31:48.953Z" SessionID="2"><From><User FriendlyName="Jairo New Life - Carazinho e Passo fundo"/></From><To><User FriendlyName="Comercial l GRUPO GENESIS"/></To><Text Style="font-family:Segoe UI; font-weight:bold; color:#0000ff; ">realmente vc esta falando serio, vc conferiu ai a data anterior que tinham marcado pra mim?</Text></Message><Message Date="15/01/2013" Time="15:32:02" DateTime="2013-01-15T17:32:02.501Z" SessionID="2"><From><User FriendlyName="Jairo New Life - Carazinho e Passo fundo"/></From><To><User FriendlyName="Comercial l GRUPO GENESIS"/></To><Text Style="font-family:Segoe UI; font-weight:bold; color:#0000ff; ">se isso estiver correto</Text></Message><Message Date="15/01/2013" Time="15:32:12" DateTime="2013-01-15T17:32:12.441Z" SessionID="2"><From><User FriendlyName="Jairo New Life - Carazinho e Passo fundo"/></From><To><User FriendlyName="Comercial l GRUPO GENESIS"/></To><Text Style="font-family:Segoe UI; font-weight:bold; color:#0000ff; ">pode desmarcar, vou contratar um outra empresa que possa antes</Text></Message><Message Date="15/01/2013" Time="15:32:30" DateTime="2013-01-15T17:32:30.029Z" SessionID="2"><From><User FriendlyName="Jairo New Life - Carazinho e Passo fundo"/></From><To><User FriendlyName="Comercial l GRUPO GENESIS"/></To><Text Style="font-family:Segoe UI; font-weight:bold; color:#0000ff; ">mas me avisa ate as 16:00 pra mim poder ja agendar outra ainda hj</Text></Message><Message Date="15/01/2013" Time="15:33:42" DateTime="2013-01-15T17:33:42.386Z" SessionID="2"><From><User FriendlyName="Comercial l GRUPO GENESIS"/></From><To><User FriendlyName="Jairo New Life - Carazinho e Passo fundo"/></To><Text Style="font-family:Segoe UI; color:#000000; ">Sr Jairo,a data mais proxima que eu tenho é em maio..
mais hoje pela manha saiu uma pessoa da agenda de campanhas e se quiser consigo encaixar na agenda</Text></Message><Message Date="15/01/2013" Time="15:34:27" DateTime="2013-01-15T17:34:27.080Z" SessionID="2"><From><User FriendlyName="Jairo New Life - Carazinho e Passo fundo"/></From><To><User FriendlyName="Comercial l GRUPO GENESIS"/></To><Text Style="font-family:Segoe UI; font-weight:bold; color:#0000ff; ">vc nao esta entendendo, eu ja tinha horario marcado</Text></Message><Message Date="15/01/2013" Time="15:34:33" DateTime="2013-01-15T17:34:33.055Z" SessionID="2"><From><User FriendlyName="Jairo New Life - Carazinho e Passo fundo"/></From><To><User FriendlyName="Comercial l GRUPO GENESIS"/></To><Text Style="font-family:Segoe UI; font-weight:bold; color:#0000ff; ">nao estou esperando uma data</Text></Message><Message Date="15/01/2013" Time="15:34:36" DateTime="2013-01-15T17:34:36.574Z" SessionID="2"><From><User FriendlyName="Jairo New Life - Carazinho e Passo fundo"/></From><To><User FriendlyName="Comercial l GRUPO GENESIS"/></To><Text Style="font-family:Segoe UI; font-weight:bold; color:#0000ff; ">eu ja tinha uma data</Text></Message><Message Date="15/01/2013" Time="15:34:53" DateTime="2013-01-15T17:34:53.584Z" SessionID="2"><From><User FriendlyName="Jairo New Life - Carazinho e Passo fundo"/></From><To><User FriendlyName="Comercial l GRUPO GENESIS"/></To><Text Style="font-family:Segoe UI; font-weight:bold; color:#0000ff; ">mas se vcs ja fecharam com uma rede de escolas ou coisa assim é so me falar e desmarcamos</Text></Message><Message Date="15/01/2013" Time="15:35:01" DateTime="2013-01-15T17:35:01.062Z" SessionID="2"><From><User FriendlyName="Jairo New Life - Carazinho e Passo fundo"/></From><To><User FriendlyName="Comercial l GRUPO GENESIS"/></To><Text Style="font-family:Segoe UI; font-weight:bold; color:#0000ff; ">mas pra maio nao me interessa nem abriu</Text></Message><Message Date="15/01/2013" Time="15:35:06" DateTime="2013-01-15T17:35:06.706Z" SessionID="2"><From><User FriendlyName="Jairo New Life - Carazinho e Passo fundo"/></From><To><User FriendlyName="Comercial l GRUPO GENESIS"/></To><Text Style="font-family:Segoe UI; font-weight:bold; color:#0000ff; ">abril</Text></Message><Message Date="15/01/2013" Time="15:35:12" DateTime="2013-01-15T17:35:12.636Z" SessionID="2"><From><User FriendlyName="Jairo New Life - Carazinho e Passo fundo"/></From><To><User FriendlyName="Comercial l GRUPO GENESIS"/></To><Text Style="font-family:Segoe UI; font-weight:bold; color:#0000ff; ">eu preciso pra fevereiro</Text></Message><Message Date="15/01/2013" Time="15:35:19" DateTime="2013-01-15T17:35:19.668Z" SessionID="2"><From><User FriendlyName="Jairo New Life - Carazinho e Passo fundo"/></From><To><User FriendlyName="Comercial l GRUPO GENESIS"/></To><Text Style="font-family:Segoe UI; font-weight:bold; color:#0000ff; ">bem como eu ja havia combinado</Text></Message><Message Date="15/01/2013" Time="15:36:23" DateTime="2013-01-15T17:36:23.043Z" SessionID="2"><From><User FriendlyName="Comercial l GRUPO GENESIS"/></From><To><User FriendlyName="Jairo New Life - Carazinho e Passo fundo"/></To><Text Style="font-family:Segoe UI; color:#000000; ">sim,eu sei..fui eu mesma quem agendou!
mas naquela data só ia ter dois dias para a divulgação,e assim como o senhor agendou com antecedencia,outros clientes tbm e por isso só tenho essa data disponivel</Text></Message><Message Date="15/01/2013" Time="15:36:51" DateTime="2013-01-15T17:36:51.627Z" SessionID="2"><From><User FriendlyName="Jairo New Life - Carazinho e Passo fundo"/></From><To><User FriendlyName="Comercial l GRUPO GENESIS"/></To><Text Style="font-family:Segoe UI; font-weight:bold; color:#0000ff; ">rs, poem irresponsabilidade de vcs fazer isso</Text></Message><Message Date="15/01/2013" Time="15:37:05" DateTime="2013-01-15T17:37:05.297Z" SessionID="2"><From><User FriendlyName="Jairo New Life - Carazinho e Passo fundo"/></From><To><User FriendlyName="Comercial l GRUPO GENESIS"/></To><Text Style="font-family:Segoe UI; font-weight:bold; color:#0000ff; ">pra que fazer essa agenda pra fevereiro se ela era impossivel de ser cumprida</Text></Message><Message Date="15/01/2013" Time="15:37:31" DateTime="2013-01-15T17:37:31.387Z" SessionID="2"><From><User FriendlyName="Jairo New Life - Carazinho e Passo fundo"/></From><To><User FriendlyName="Comercial l GRUPO GENESIS"/></To><Text Style="font-family:Segoe UI; font-weight:bold; color:#0000ff; ">nao entendi pra que isso</Text></Message><Message Date="15/01/2013" Time="15:37:44" DateTime="2013-01-15T17:37:44.181Z" SessionID="2"><From><User FriendlyName="Jairo New Life - Carazinho e Passo fundo"/></From><To><User FriendlyName="Comercial l GRUPO GENESIS"/></To><Text Style="font-family:Segoe UI; font-weight:bold; color:#0000ff; ">ou vc acha que algum cliente que tenha marcado pra fevereiro vai trocar pra maio</Text></Message><Message Date="15/01/2013" Time="15:41:55" DateTime="2013-01-15T17:41:55.788Z" SessionID="2"><From><User FriendlyName="Jairo New Life - Carazinho e Passo fundo"/></From><To><User FriendlyName="Comercial l GRUPO GENESIS"/></To><Text Style="font-family:Segoe UI; font-weight:bold; color:#0000ff; ">mas ok se é vc mesmo que tem esse poder de negociar as datas e se é vc que responde por marcar e desmarcar empresas</Text></Message><Message Date="15/01/2013" Time="15:42:00" DateTime="2013-01-15T17:42:00.488Z" SessionID="2"><From><User FriendlyName="Jairo New Life - Carazinho e Passo fundo"/></From><To><User FriendlyName="Comercial l GRUPO GENESIS"/></To><Text Style="font-family:Segoe UI; font-weight:bold; color:#0000ff; ">entao desmarca a minha</Text></Message><Message Date="15/01/2013" Time="15:42:35" DateTime="2013-01-15T17:42:35.380Z" SessionID="2"><From><User FriendlyName="Jairo New Life - Carazinho e Passo fundo"/></From><To><User FriendlyName="Comercial l GRUPO GENESIS"/></To><Text Style="font-family:Segoe UI; font-weight:bold; color:#0000ff; ">mesmo que eu nao tenha contrato com vcs eu costumo manter a palavra e se eu tinha marcado uma divulgação com vcs é como se fosse um contrato</Text></Message><Message Date="15/01/2013" Time="15:43:11" DateTime="2013-01-15T17:43:11.216Z" SessionID="2"><From><User FriendlyName="Jairo New Life - Carazinho e Passo fundo"/></From><To><User FriendlyName="Comercial l GRUPO GENESIS"/></To><Text Style="font-family:Segoe UI; font-weight:bold; color:#0000ff; ">entao neste momento estou rescindindo esse contrato informal, ja que vcs nao podem cumprir as datas que eu tinha agendado</Text></Message><Message Date="15/01/2013" Time="15:43:33" DateTime="2013-01-15T17:43:33.846Z" SessionID="2"><From><User FriendlyName="Jairo New Life - Carazinho e Passo fundo"/></From><To><User FriendlyName="Comercial l GRUPO GENESIS"/></To><Text Style="font-family:Segoe UI; font-weight:bold; color:#0000ff; ">so preciso que me de um ok, que com essa conversa deixamos tudo desmarcado</Text></Message><Message Date="15/01/2013" Time="15:47:49" DateTime="2013-01-15T17:47:49.770Z" SessionID="2"><From><User FriendlyName="Comercial l GRUPO GENESIS"/></From><To><User FriendlyName="Jairo New Life - Carazinho e Passo fundo"/></To><Text Style="font-family:Segoe UI; color:#000000; ">SR Jairo,posso mandar um vendedor para essa semana em fevereiro se quizer,mais saiba que não terá resultado.
O senhor pode até contratar outra empresa,mais como voce sabe a nossa tem sede fixa,cnpj,voce mesmo conheceu nosso diretor e sabe quem somos,ele mesmo disse que nao podia deixar fazer nessa data que foi marcado,pois nao teria resultado só gastos....mais o senhor pode fazer oque acha melhor!
ja tivemos varios casos como o do senhor,de nao querer mais o serviço,contratar outra ''empresa'' e queimar a escola,queimar o serviço de captação e fazer as escolas não abrirem mais para divulgação!</Text></Message><Message Date="15/01/2013" Time="15:48:49" DateTime="2013-01-15T17:48:49.390Z" SessionID="2"><From><User FriendlyName="Jairo New Life - Carazinho e Passo fundo"/></From><To><User FriendlyName="Comercial l GRUPO GENESIS"/></To><Text Style="font-family:Segoe UI; font-weight:bold; color:#0000ff; ">ok, nao vou discutir com vcs, mas se ja sabiam que nao ia ter retorno porque marcaram essa data</Text></Message><Message Date="15/01/2013" Time="15:50:21" DateTime="2013-01-15T17:50:21.920Z" SessionID="2"><From><User FriendlyName="Jairo New Life - Carazinho e Passo fundo"/></From><To><User FriendlyName="Comercial l GRUPO GENESIS"/></To><Text Style="font-family:Segoe UI; font-weight:bold; color:#0000ff; ">e vc acha que ter um cnpj e ter sede fixa, é uma grande vantagem? se nao se consegue cumprir oque combina com os clientes, essas tecnicas de ficar segurando em banho maria funciona pra escola pé de chinelo que fica desesperada pra ter alguem que coloque 50 alunos, esse nao e o meu caso, caso nao consiga de um jeito vou atras e acho outro forma de botar alunos</Text></Message><Message Date="15/01/2013" Time="15:51:03" DateTime="2013-01-15T17:51:03.449Z" SessionID="2"><From><User FriendlyName="Jairo New Life - Carazinho e Passo fundo"/></From><To><User FriendlyName="Comercial l GRUPO GENESIS"/></To><Text Style="font-family:Segoe UI; font-weight:bold; color:#0000ff; ">o problema é que confiei outra vez na empresa de vcs, e de novo estou me descepcionando</Text></Message><Message Date="15/01/2013" Time="15:51:35" DateTime="2013-01-15T17:51:35.639Z" SessionID="2"><From><User FriendlyName="Jairo New Life - Carazinho e Passo fundo"/></From><To><User FriendlyName="Comercial l GRUPO GENESIS"/></To><Text Style="font-family:Segoe UI; font-weight:bold; color:#0000ff; ">mas ok, deixamos desmarcado e descredencia a minha empresa da de vcs, nao precisa me ligar mais pra oferecer o produto de vcs</Text></Message><Message Date="15/01/2013" Time="15:52:58" DateTime="2013-01-15T17:52:58.871Z" SessionID="2"><From><User FriendlyName="Jairo New Life - Carazinho e Passo fundo"/></From><To><User FriendlyName="Comercial l GRUPO GENESIS"/></To><Text Style="font-family:Segoe UI; font-weight:bold; color:#0000ff; ">vou salvar essa conversa pra que em outro momento nao me esqueça do que aconteceu de novo</Text></Message><Message Date="15/01/2013" Time="15:53:15" DateTime="2013-01-15T17:53:15.533Z" SessionID="2"><From><User FriendlyName="Jairo New Life - Carazinho e Passo fundo"/></From><To><User FriendlyName="Comercial l GRUPO GENESIS"/></To><Text Style="font-family:Segoe UI; font-weight:bold; color:#0000ff; ">porque a gente acostuma a esquecer as coisas, mas blza</Text></Message><Message Date="15/01/2013" Time="15:53:23" DateTime="2013-01-15T17:53:23.843Z" SessionID="2"><From><User FriendlyName="Jairo New Life - Carazinho e Passo fundo"/></From><To><User FriendlyName="Comercial l GRUPO GENESIS"/></To><Text Style="font-family:Segoe UI; font-weight:bold; color:#0000ff; ">ate mais</Text></Message><Message Date="16/01/2013" Time="10:53:32" DateTime="2013-01-16T12:53:32.218Z" SessionID="3"><From><User FriendlyName="Comercial l GRUPO GENESIS"/></From><To><User FriendlyName="Jairo New Life - Carazinho e Passo fundo"/></To><Text Style="font-family:Segoe UI; color:#000000; ">Bom dia Jairo,tudo bem?
como ontem te falei estou com uma vaga aberta em abril,se quiser consigo encaixar uma das escolas..
mais o senhor me disse que iria procurar outra empresa,como já trabalhamos a tempo com o Senhor,queria avisar que está livre pra fazer essa escolha e não vai mais ser cliente fidelidade de sua cidade,apartir que o senhor não queira mais,podemos começar fazer o trabalho para outra escola de informatica das cidades!
</Text></Message><Message Date="16/01/2013" Time="10:54:28" DateTime="2013-01-16T12:54:28.357Z" SessionID="3"><From><User FriendlyName="Jairo New Life - Carazinho e Passo fundo"/></From><To><User FriendlyName="Comercial l GRUPO GENESIS"/></To><Text Style="font-family:Segoe UI; font-weight:bold; color:#0000ff; ">sim sem problemas</Text></Message><Message Date="16/01/2013" Time="10:54:30" DateTime="2013-01-16T12:54:30.327Z" SessionID="3"><From><User FriendlyName="Jairo New Life - Carazinho e Passo fundo"/></From><To><User FriendlyName="Comercial l GRUPO GENESIS"/></To><Text Style="font-family:Segoe UI; font-weight:bold; color:#0000ff; ">pode fazer isso</Text></Message><Message Date="16/01/2013" Time="10:54:42" DateTime="2013-01-16T12:54:42.545Z" SessionID="3"><From><User FriendlyName="Jairo New Life - Carazinho e Passo fundo"/></From><To><User FriendlyName="Comercial l GRUPO GENESIS"/></To><Text Style="font-family:Segoe UI; font-weight:bold; color:#0000ff; ">é normal de praxe de todos os divulgadores fazer isso</Text></Message><Message Date="16/01/2013" Time="10:54:45" DateTime="2013-01-16T12:54:45.569Z" SessionID="3"><From><User FriendlyName="Comercial l GRUPO GENESIS"/></From><To><User FriendlyName="Jairo New Life - Carazinho e Passo fundo"/></To><Text Style="font-family:Segoe UI; color:#000000; ">mais pedimos que tome cuidado com a empresa que contrar,porque a maioria são golpes e assim,queimando sua escola e a captação em geral!</Text></Message><Message Date="16/01/2013" Time="10:54:49" DateTime="2013-01-16T12:54:49.562Z" SessionID="3"><From><User FriendlyName="Jairo New Life - Carazinho e Passo fundo"/></From><To><User FriendlyName="Comercial l GRUPO GENESIS"/></To><Text Style="font-family:Segoe UI; font-weight:bold; color:#0000ff; ">causam o problema pro dono da escola</Text></Message><Message Date="16/01/2013" Time="10:54:55" DateTime="2013-01-16T12:54:55.332Z" SessionID="3"><From><User FriendlyName="Jairo New Life - Carazinho e Passo fundo"/></From><To><User FriendlyName="Comercial l GRUPO GENESIS"/></To><Text Style="font-family:Segoe UI; font-weight:bold; color:#0000ff; ">e depois divulgam pra outro</Text></Message><Message Date="16/01/2013" Time="10:55:04" DateTime="2013-01-16T12:55:04.550Z" SessionID="3"><From><User FriendlyName="Jairo New Life - Carazinho e Passo fundo"/></From><To><User FriendlyName="Comercial l GRUPO GENESIS"/></To><Text Style="font-family:Segoe UI; font-weight:bold; color:#0000ff; ">blza pode fazer o procedimento normal de vcs</Text></Message><Message Date="16/01/2013" Time="10:56:08" DateTime="2013-01-16T12:56:08.923Z" SessionID="3"><From><User FriendlyName="Jairo New Life - Carazinho e Passo fundo"/></From><To><User FriendlyName="Comercial l GRUPO GENESIS"/></To><Text Style="font-family:Segoe UI; font-weight:bold; color:#0000ff; ">na verdade nao entendi porque esta me chamando pra intimidar achando que vou voltar atras por que vao divulgar pra outra escola</Text></Message><Message Date="16/01/2013" Time="10:56:53" DateTime="2013-01-16T12:56:53.557Z" SessionID="3"><From><User FriendlyName="Jairo New Life - Carazinho e Passo fundo"/></From><To><User FriendlyName="Comercial l GRUPO GENESIS"/></To><Text Style="font-family:Segoe UI; font-weight:bold; color:#0000ff; ">na verdade alem das outras escolas nao terem credibilidade nenhuma, nao tem potencial pra gerenciar os alunos da forma que precisa, entao com certeza nao vai divulgar muito tempo com eles tambem</Text></Message></Log>
