<?xml version="1.0"?>
<?xml-stylesheet type='text/xsl' href='MessageLog.xsl'?>
<Log FirstSessionID="1" LastSessionID="1"><Message Date="30/01/2013" Time="09:31:05" DateTime="2013-01-30T11:31:05.695Z" SessionID="1"><From><User FriendlyName="Comercial l GRUPO GENESIS"/></From><To><User FriendlyName="JOEL-RS"/></To><Text Style="font-family:Segoe UI; color:#000000; ">Bom Dia</Text></Message><Message Date="30/01/2013" Time="09:31:30" DateTime="2013-01-30T11:31:30.358Z" SessionID="1"><From><User FriendlyName="JOEL-RS"/></From><To><User FriendlyName="Comercial l GRUPO GENESIS"/></To><Text Style="font-family:Segoe UI; color:#000000; ">bom dia</Text></Message><Message Date="30/01/2013" Time="09:31:50" DateTime="2013-01-30T11:31:50.508Z" SessionID="1"><From><User FriendlyName="Comercial l GRUPO GENESIS"/></From><To><User FriendlyName="JOEL-RS"/></To><Text Style="font-family:Segoe UI; color:#000000; ">tudo bem?</Text></Message><Message Date="30/01/2013" Time="09:32:40" DateTime="2013-01-30T11:32:40.526Z" SessionID="1"><From><User FriendlyName="JOEL-RS"/></From><To><User FriendlyName="Comercial l GRUPO GENESIS"/></To><Text Style="font-family:Segoe UI; color:#000000; ">sempre!</Text></Message><Message Date="30/01/2013" Time="09:32:42" DateTime="2013-01-30T11:32:42.216Z" SessionID="1"><From><User FriendlyName="JOEL-RS"/></From><To><User FriendlyName="Comercial l GRUPO GENESIS"/></To><Text Style="font-family:Segoe UI; color:#000000; ">rsrs</Text></Message><Message Date="30/01/2013" Time="09:33:15" DateTime="2013-01-30T11:33:15.782Z" SessionID="1"><From><User FriendlyName="Comercial l GRUPO GENESIS"/></From><To><User FriendlyName="JOEL-RS"/></To><Text Style="font-family:Segoe UI; color:#000000; ">que bom</Text></Message><Message Date="30/01/2013" Time="09:33:28" DateTime="2013-01-30T11:33:28.102Z" SessionID="1"><From><User FriendlyName="JOEL-RS"/></From><To><User FriendlyName="Comercial l GRUPO GENESIS"/></To><Text Style="font-family:Segoe UI; color:#000000; ">e vc?</Text></Message><Message Date="30/01/2013" Time="09:33:34" DateTime="2013-01-30T11:33:34.180Z" SessionID="1"><From><User FriendlyName="Comercial l GRUPO GENESIS"/></From><To><User FriendlyName="JOEL-RS"/></To><Text Style="font-family:Segoe UI; color:#000000; ">tudo certo</Text></Message><Message Date="30/01/2013" Time="09:33:34" DateTime="2013-01-30T11:33:34.760Z" SessionID="1"><From><User FriendlyName="JOEL-RS"/></From><To><User FriendlyName="Comercial l GRUPO GENESIS"/></To><Text Style="font-family:Segoe UI; color:#000000; ">Como andas/</Text></Message><Message Date="30/01/2013" Time="09:35:28" DateTime="2013-01-30T11:35:28.096Z" SessionID="1"><From><User FriendlyName="Comercial l GRUPO GENESIS"/></From><To><User FriendlyName="JOEL-RS"/></To><Text Style="font-family:Segoe UI; color:#000000; ">muito bem,obrigado</Text></Message><Message Date="30/01/2013" Time="09:36:41" DateTime="2013-01-30T11:36:41.569Z" SessionID="1"><From><User FriendlyName="Comercial l GRUPO GENESIS"/></From><To><User FriendlyName="JOEL-RS"/></To><Text Style="font-family:Segoe UI; color:#000000; ">ja agendou sua campanha para 2013?</Text></Message><Message Date="30/01/2013" Time="09:37:28" DateTime="2013-01-30T11:37:28.308Z" SessionID="1"><From><User FriendlyName="JOEL-RS"/></From><To><User FriendlyName="Comercial l GRUPO GENESIS"/></To><Text Style="font-family:Segoe UI; color:#000000; ">fechei minha escola e abri uma empresa em outro ramo</Text></Message><Message Date="30/01/2013" Time="09:38:05" DateTime="2013-01-30T11:38:05.606Z" SessionID="1"><From><User FriendlyName="Comercial l GRUPO GENESIS"/></From><To><User FriendlyName="JOEL-RS"/></To><Text Style="font-family:Segoe UI; color:#000000; ">hum,entendi</Text></Message></Log>
