<?xml version="1.0"?>
<?xml-stylesheet type='text/xsl' href='MessageLog.xsl'?>
<Log FirstSessionID="1" LastSessionID="1"><Message Date="21/05/2013" Time="15:09:56" DateTime="2013-05-21T18:09:56.512Z" SessionID="1"><From><User FriendlyName="Junior - Injui e Pejuçara ind de Geovane"/></From><To><User FriendlyName="Comercial l GRUPO GENESIS"/></To><Text>Ola boa tarde</Text></Message><Message Date="21/05/2013" Time="15:10:27" DateTime="2013-05-21T18:10:27.556Z" SessionID="1"><From><User FriendlyName="Comercial l GRUPO GENESIS"/></From><To><User FriendlyName="Junior - Injui e Pejuçara ind de Geovane"/></To><Text Style="font-family:Segoe UI; color:#000000; ">ola</Text></Message><Message Date="21/05/2013" Time="15:10:32" DateTime="2013-05-21T18:10:32.080Z" SessionID="1"><From><User FriendlyName="Comercial l GRUPO GENESIS"/></From><To><User FriendlyName="Junior - Injui e Pejuçara ind de Geovane"/></To><Text Style="font-family:Segoe UI; color:#000000; ">Boa tarde</Text></Message><Message Date="21/05/2013" Time="15:10:40" DateTime="2013-05-21T18:10:40.223Z" SessionID="1"><From><User FriendlyName="Junior - Injui e Pejuçara ind de Geovane"/></From><To><User FriendlyName="Comercial l GRUPO GENESIS"/></To><Text>com quem eu falo ?</Text></Message><Message Date="21/05/2013" Time="15:13:58" DateTime="2013-05-21T18:13:58.735Z" SessionID="1"><From><User FriendlyName="Junior - Injui e Pejuçara ind de Geovane"/></From><To><User FriendlyName="Comercial l GRUPO GENESIS"/></To><Text>?</Text></Message><Message Date="21/05/2013" Time="15:14:09" DateTime="2013-05-21T18:14:09.076Z" SessionID="1"><From><User FriendlyName="Comercial l GRUPO GENESIS"/></From><To><User FriendlyName="Junior - Injui e Pejuçara ind de Geovane"/></To><Text Style="font-family:Segoe UI; color:#000000; ">Daiana</Text></Message><Message Date="21/05/2013" Time="15:14:57" DateTime="2013-05-21T18:14:57.569Z" SessionID="1"><From><User FriendlyName="Junior - Injui e Pejuçara ind de Geovane"/></From><To><User FriendlyName="Comercial l GRUPO GENESIS"/></To><Text>tem alguma Carina ai ?</Text></Message><Message Date="21/05/2013" Time="15:15:08" DateTime="2013-05-21T18:15:08.323Z" SessionID="1"><From><User FriendlyName="Comercial l GRUPO GENESIS"/></From><To><User FriendlyName="Junior - Injui e Pejuçara ind de Geovane"/></To><Text Style="font-family:Segoe UI; color:#000000; ">não</Text></Message><Message Date="21/05/2013" Time="15:15:14" DateTime="2013-05-21T18:15:14.313Z" SessionID="1"><From><User FriendlyName="Comercial l GRUPO GENESIS"/></From><To><User FriendlyName="Junior - Injui e Pejuçara ind de Geovane"/></To><Text Style="font-family:Segoe UI; color:#000000; ">posso ajudar?</Text></Message><Message Date="21/05/2013" Time="15:15:45" DateTime="2013-05-21T18:15:45.825Z" SessionID="1"><From><User FriendlyName="Junior - Injui e Pejuçara ind de Geovane"/></From><To><User FriendlyName="Comercial l GRUPO GENESIS"/></To><Text>assim, teve alguem que entrou em contato com nossa empresa</Text></Message><Message Date="21/05/2013" Time="15:15:52" DateTime="2013-05-21T18:15:52.239Z" SessionID="1"><From><User FriendlyName="Junior - Injui e Pejuçara ind de Geovane"/></From><To><User FriendlyName="Comercial l GRUPO GENESIS"/></To><Text>mas achei q o nome era Carina</Text></Message><Message Date="21/05/2013" Time="15:15:55" DateTime="2013-05-21T18:15:55.032Z" SessionID="1"><From><User FriendlyName="Junior - Injui e Pejuçara ind de Geovane"/></From><To><User FriendlyName="Comercial l GRUPO GENESIS"/></To><Text>ou Camila</Text></Message><Message Date="21/05/2013" Time="15:16:06" DateTime="2013-05-21T18:16:06.373Z" SessionID="1"><From><User FriendlyName="Junior - Injui e Pejuçara ind de Geovane"/></From><To><User FriendlyName="Comercial l GRUPO GENESIS"/></To><Text>não tem ninguem com algo parecido de nome ai ?</Text></Message><Message Date="21/05/2013" Time="15:16:07" DateTime="2013-05-21T18:16:07.200Z" SessionID="1"><From><User FriendlyName="Junior - Injui e Pejuçara ind de Geovane"/></From><To><User FriendlyName="Comercial l GRUPO GENESIS"/></To><Text>hehe</Text></Message><Message Date="21/05/2013" Time="15:16:17" DateTime="2013-05-21T18:16:17.137Z" SessionID="1"><From><User FriendlyName="Comercial l GRUPO GENESIS"/></From><To><User FriendlyName="Junior - Injui e Pejuçara ind de Geovane"/></To><Text Style="font-family:Segoe UI; color:#000000; ">Cristina</Text></Message><Message Date="21/05/2013" Time="15:16:23" DateTime="2013-05-21T18:16:23.377Z" SessionID="1"><From><User FriendlyName="Junior - Injui e Pejuçara ind de Geovane"/></From><To><User FriendlyName="Comercial l GRUPO GENESIS"/></To><Text>hum, pode ser</Text></Message><Message Date="21/05/2013" Time="15:16:35" DateTime="2013-05-21T18:16:35.826Z" SessionID="1"><From><User FriendlyName="Junior - Injui e Pejuçara ind de Geovane"/></From><To><User FriendlyName="Comercial l GRUPO GENESIS"/></To><Text>teria como vc ver com ela se foi ela quem ligou pra Renata ?</Text></Message><Message Date="21/05/2013" Time="15:17:16" DateTime="2013-05-21T18:17:16.635Z" SessionID="1"><From><User FriendlyName="Comercial l GRUPO GENESIS"/></From><To><User FriendlyName="Junior - Injui e Pejuçara ind de Geovane"/></To><Text Style="font-family:Segoe UI; color:#000000; ">qual o nome da escola?</Text></Message><Message Date="21/05/2013" Time="15:17:23" DateTime="2013-05-21T18:17:23.764Z" SessionID="1"><From><User FriendlyName="Junior - Injui e Pejuçara ind de Geovane"/></From><To><User FriendlyName="Comercial l GRUPO GENESIS"/></To><Text>GRUPO-JR</Text></Message><Message Date="21/05/2013" Time="15:18:24" DateTime="2013-05-21T18:18:24.308Z" SessionID="1"><From><User FriendlyName="Comercial l GRUPO GENESIS"/></From><To><User FriendlyName="Junior - Injui e Pejuçara ind de Geovane"/></To><Text Style="font-family:Segoe UI; color:#000000; ">cidade ?</Text></Message><Message Date="21/05/2013" Time="15:19:31" DateTime="2013-05-21T18:19:31.279Z" SessionID="1"><From><User FriendlyName="Junior - Injui e Pejuçara ind de Geovane"/></From><To><User FriendlyName="Comercial l GRUPO GENESIS"/></To><Text>Ijui, e Pejuçara</Text></Message><Message Date="21/05/2013" Time="15:22:07" DateTime="2013-05-21T18:22:07.623Z" SessionID="1"><From><User FriendlyName="Junior - Injui e Pejuçara ind de Geovane"/></From><To><User FriendlyName="Comercial l GRUPO GENESIS"/></To><Text>conseguiu verificar ?</Text></Message><Message Date="21/05/2013" Time="15:23:17" DateTime="2013-05-21T18:23:17.667Z" SessionID="1"><From><User FriendlyName="Comercial l GRUPO GENESIS"/></From><To><User FriendlyName="Junior - Injui e Pejuçara ind de Geovane"/></To><Text Style="font-family:Segoe UI; color:#000000; ">sobre oque seria,tbm posso te ajudar?</Text></Message><Message Date="21/05/2013" Time="15:23:59" DateTime="2013-05-21T18:23:59.568Z" SessionID="1"><From><User FriendlyName="Junior - Injui e Pejuçara ind de Geovane"/></From><To><User FriendlyName="Comercial l GRUPO GENESIS"/></To><Text>seria sobre divulgação, acredito que ela estava ligando para oferecer</Text></Message><Message Date="21/05/2013" Time="15:24:06" DateTime="2013-05-21T18:24:06.042Z" SessionID="1"><From><User FriendlyName="Junior - Injui e Pejuçara ind de Geovane"/></From><To><User FriendlyName="Comercial l GRUPO GENESIS"/></To><Text>por isso pedi por ela</Text></Message><Message Date="21/05/2013" Time="15:24:24" DateTime="2013-05-21T18:24:24.809Z" SessionID="1"><From><User FriendlyName="Comercial l GRUPO GENESIS"/></From><To><User FriendlyName="Junior - Injui e Pejuçara ind de Geovane"/></To><Text Style="font-family:Segoe UI; color:#000000; ">mais para qual cidade?</Text></Message><Message Date="21/05/2013" Time="15:24:32" DateTime="2013-05-21T18:24:32.250Z" SessionID="1"><From><User FriendlyName="Junior - Injui e Pejuçara ind de Geovane"/></From><To><User FriendlyName="Comercial l GRUPO GENESIS"/></To><Text>Ijui</Text></Message><Message Date="21/05/2013" Time="15:24:32" DateTime="2013-05-21T18:24:32.344Z" SessionID="1"><From><User FriendlyName="Comercial l GRUPO GENESIS"/></From><To><User FriendlyName="Junior - Injui e Pejuçara ind de Geovane"/></To><Text Style="font-family:Segoe UI; color:#000000; ">ijuí ja temos cliente</Text></Message><Message Date="21/05/2013" Time="15:25:56" DateTime="2013-05-21T18:25:56.444Z" SessionID="1"><From><User FriendlyName="Junior - Injui e Pejuçara ind de Geovane"/></From><To><User FriendlyName="Comercial l GRUPO GENESIS"/></To><Text>hum, mas pq ela estava ligando entao</Text></Message></Log>
