<?xml version="1.0"?>
<?xml-stylesheet type='text/xsl' href='MessageLog.xsl'?>
<Log FirstSessionID="1" LastSessionID="2"><Message Date="24/01/2013" Time="13:31:12" DateTime="2013-01-24T15:31:12.423Z" SessionID="1"><From><User FriendlyName="Comercial l GRUPO GENESIS"/></From><To><User FriendlyName="Infomais Informatica - Junior MG"/></To><Text Style="font-family:Segoe UI; color:#000000; ">Olá</Text></Message><Message Date="24/01/2013" Time="13:31:17" DateTime="2013-01-24T15:31:17.998Z" SessionID="1"><From><User FriendlyName="Comercial l GRUPO GENESIS"/></From><To><User FriendlyName="Infomais Informatica - Junior MG"/></To><Text Style="font-family:Segoe UI; color:#000000; ">Boa tarde</Text></Message><Message Date="14/02/2013" Time="16:38:16" DateTime="2013-02-14T19:38:16.846Z" SessionID="2"><From><User FriendlyName="Comercial l GRUPO GENESIS"/></From><To><User FriendlyName="Infomais Informatica - Junior MG"/></To><Text Style="font-family:Segoe UI; color:#000000; ">ola</Text></Message><Message Date="14/02/2013" Time="16:38:21" DateTime="2013-02-14T19:38:21.433Z" SessionID="2"><From><User FriendlyName="Comercial l GRUPO GENESIS"/></From><To><User FriendlyName="Infomais Informatica - Junior MG"/></To><Text Style="font-family:Segoe UI; color:#000000; ">boa tarde</Text></Message></Log>
