<?xml version="1.0"?>
<?xml-stylesheet type='text/xsl' href='MessageLog.xsl'?>
<Log FirstSessionID="1" LastSessionID="1"><Message Date="18/03/2013" Time="14:47:05" DateTime="2013-03-18T17:47:05.813Z" SessionID="1"><From><User FriendlyName="Comercial l GRUPO GENESIS"/></From><To><User FriendlyName="junior azevedo"/></To><Text Style="font-family:Segoe UI; color:#000000; ">ola</Text></Message><Message Date="18/03/2013" Time="14:47:11" DateTime="2013-03-18T17:47:11.681Z" SessionID="1"><From><User FriendlyName="Comercial l GRUPO GENESIS"/></From><To><User FriendlyName="junior azevedo"/></To><Text Style="font-family:Segoe UI; color:#000000; ">boa tarde</Text></Message><Message Date="18/03/2013" Time="14:47:36" DateTime="2013-03-18T17:47:36.119Z" SessionID="1"><From><User FriendlyName="junior azevedo"/></From><To><User FriendlyName="Comercial l GRUPO GENESIS"/></To><Text Style="font-family:Segoe UI; color:#000000; ">olá boa tarde</Text></Message><Message Date="18/03/2013" Time="14:47:45" DateTime="2013-03-18T17:47:45.160Z" SessionID="1"><From><User FriendlyName="Comercial l GRUPO GENESIS"/></From><To><User FriendlyName="junior azevedo"/></To><Text Style="font-family:Segoe UI; color:#000000; ">tudo bem?</Text></Message><Message Date="18/03/2013" Time="14:47:52" DateTime="2013-03-18T17:47:52.624Z" SessionID="1"><From><User FriendlyName="junior azevedo"/></From><To><User FriendlyName="Comercial l GRUPO GENESIS"/></To><Text Style="font-family:Segoe UI; color:#000000; ">tudo sim</Text></Message><Message Date="18/03/2013" Time="14:47:56" DateTime="2013-03-18T17:47:56.316Z" SessionID="1"><From><User FriendlyName="junior azevedo"/></From><To><User FriendlyName="Comercial l GRUPO GENESIS"/></To><Text Style="font-family:Segoe UI; color:#000000; ">e com vc?</Text></Message><Message Date="18/03/2013" Time="14:48:07" DateTime="2013-03-18T17:48:07.727Z" SessionID="1"><From><User FriendlyName="Comercial l GRUPO GENESIS"/></From><To><User FriendlyName="junior azevedo"/></To><Text Style="font-family:Segoe UI; color:#000000; ">que bom</Text></Message><Message Date="18/03/2013" Time="14:48:10" DateTime="2013-03-18T17:48:10.782Z" SessionID="1"><From><User FriendlyName="Comercial l GRUPO GENESIS"/></From><To><User FriendlyName="junior azevedo"/></To><Text Style="font-family:Segoe UI; color:#000000; ">cmg</Text></Message><Message Date="18/03/2013" Time="14:48:13" DateTime="2013-03-18T17:48:13.964Z" SessionID="1"><From><User FriendlyName="Comercial l GRUPO GENESIS"/></From><To><User FriendlyName="junior azevedo"/></To><Text Style="font-family:Segoe UI; color:#000000; ">tudo ótimo</Text></Message><Message Date="18/03/2013" Time="14:48:50" DateTime="2013-03-18T17:48:50.528Z" SessionID="1"><From><User FriendlyName="junior azevedo"/></From><To><User FriendlyName="Comercial l GRUPO GENESIS"/></To><Text Style="font-family:Segoe UI; color:#000000; ">vcs são de onde ?</Text></Message><Message Date="18/03/2013" Time="14:49:11" DateTime="2013-03-18T17:49:11.092Z" SessionID="1"><From><User FriendlyName="Comercial l GRUPO GENESIS"/></From><To><User FriendlyName="junior azevedo"/></To><Text Style="font-family:Segoe UI; color:#000000; ">Florianopolis</Text></Message><Message Date="18/03/2013" Time="14:49:43" DateTime="2013-03-18T17:49:43.727Z" SessionID="1"><From><User FriendlyName="Comercial l GRUPO GENESIS"/></From><To><User FriendlyName="junior azevedo"/></To><Text Style="font-family:Segoe UI; color:#000000; ">Já tem uma campanha agendada?</Text></Message><Message Date="18/03/2013" Time="14:50:02" DateTime="2013-03-18T17:50:02.072Z" SessionID="1"><From><User FriendlyName="junior azevedo"/></From><To><User FriendlyName="Comercial l GRUPO GENESIS"/></To><Text Style="font-family:Segoe UI; color:#000000; ">ainda não to escolhendo os captadores </Text></Message><Message Date="18/03/2013" Time="14:50:05" DateTime="2013-03-18T17:50:05.705Z" SessionID="1"><From><User FriendlyName="junior azevedo"/></From><To><User FriendlyName="Comercial l GRUPO GENESIS"/></To><Text Style="font-family:Segoe UI; color:#000000; ">ainda </Text></Message><Message Date="18/03/2013" Time="14:50:34" DateTime="2013-03-18T17:50:34.042Z" SessionID="1"><From><User FriendlyName="junior azevedo"/></From><To><User FriendlyName="Comercial l GRUPO GENESIS"/></To><Text Style="font-family:Segoe UI; color:#000000; ">tem como vcas me passarem o metodo de trabalho de vcs incluido já a remuneração ?</Text></Message><Message Date="18/03/2013" Time="15:03:00" DateTime="2013-03-18T18:03:00.146Z" SessionID="1"><From><User FriendlyName="junior azevedo"/></From><To><User FriendlyName="Comercial l GRUPO GENESIS"/></To><Text Style="font-family:Segoe UI; color:#000000; ">...</Text></Message><Message Date="18/03/2013" Time="15:15:02" DateTime="2013-03-18T18:15:02.050Z" SessionID="1"><From><User FriendlyName="Comercial l GRUPO GENESIS"/></From><To><User FriendlyName="junior azevedo"/></To><Text Style="font-family:Segoe UI; color:#000000; ">sim</Text></Message><Message Date="18/03/2013" Time="15:15:05" DateTime="2013-03-18T18:15:05.733Z" SessionID="1"><From><User FriendlyName="Comercial l GRUPO GENESIS"/></From><To><User FriendlyName="junior azevedo"/></To><Text Style="font-family:Segoe UI; color:#000000; ">claro</Text></Message><Message Date="18/03/2013" Time="15:32:25" DateTime="2013-03-18T18:32:25.702Z" SessionID="1"><From><User FriendlyName="Comercial l GRUPO GENESIS"/></From><To><User FriendlyName="junior azevedo"/></To><Text Style="font-family:Segoe UI; color:#000000; ">quais suas duvidas ?</Text></Message><Message Date="18/03/2013" Time="15:33:42" DateTime="2013-03-18T18:33:42.654Z" SessionID="1"><From><User FriendlyName="junior azevedo"/></From><To><User FriendlyName="Comercial l GRUPO GENESIS"/></To><Text Style="font-family:Segoe UI; color:#000000; ">quero saber o metodo que vcs trabalham como fazem a captação e quanto cobram</Text></Message><Message Date="18/03/2013" Time="15:34:46" DateTime="2013-03-18T18:34:46.365Z" SessionID="1"><From><User FriendlyName="Comercial l GRUPO GENESIS"/></From><To><User FriendlyName="junior azevedo"/></To><Text Style="font-family:Segoe UI; color:#000000; ">Para o senhor entender melhor , nós temos uma campanha chamada Clube Estudantil e através desse clube os alunos terão mais vantagens de estudar em sua escola, além de aprender os cursos que você oferece, os alunos recebem um reforço escolar através de um portal exclusivo de nossa empresa, onde eles terão professores online em matemática e português, ou seja,adquirindo nossa campanha o senhor recebe um portal totalmente gratuito livre de taxas e manutenções.</Text></Message><Message Date="18/03/2013" Time="15:41:53" DateTime="2013-03-18T18:41:53.163Z" SessionID="1"><From><User FriendlyName="junior azevedo"/></From><To><User FriendlyName="Comercial l GRUPO GENESIS"/></To><Text Style="font-family:Segoe UI; color:#000000; ">legal este portal os professores dão a resposta instantaneamente ou é por email?</Text></Message><Message Date="18/03/2013" Time="15:46:20" DateTime="2013-03-18T18:46:20.853Z" SessionID="1"><From><User FriendlyName="Comercial l GRUPO GENESIS"/></From><To><User FriendlyName="junior azevedo"/></To><Text Style="font-family:Segoe UI; color:#000000; ">Dão a resposta no mesmo dia,cada aluno tem seu cadastro,lá fica as duvidas eas respostas</Text></Message><Message Date="18/03/2013" Time="15:46:36" DateTime="2013-03-18T18:46:36.190Z" SessionID="1"><From><User FriendlyName="Comercial l GRUPO GENESIS"/></From><To><User FriendlyName="junior azevedo"/></To><Text Style="font-family:Segoe UI; color:#000000; ">tudo ddentro do portal</Text></Message><Message Date="18/03/2013" Time="15:46:58" DateTime="2013-03-18T18:46:58.757Z" SessionID="1"><From><User FriendlyName="junior azevedo"/></From><To><User FriendlyName="Comercial l GRUPO GENESIS"/></To><Text Style="font-family:Segoe UI; color:#000000; ">isto é interessante e conbina com a minha escola</Text></Message><Message Date="18/03/2013" Time="15:47:08" DateTime="2013-03-18T18:47:08.820Z" SessionID="1"><From><User FriendlyName="junior azevedo"/></From><To><User FriendlyName="Comercial l GRUPO GENESIS"/></To><Text Style="font-family:Segoe UI; color:#000000; ">posso ver este portal?</Text></Message><Message Date="18/03/2013" Time="15:47:12" DateTime="2013-03-18T18:47:12.450Z" SessionID="1"><From><User FriendlyName="Comercial l GRUPO GENESIS"/></From><To><User FriendlyName="junior azevedo"/></To><Text Style="font-family:Segoe UI; color:#000000; ">claro</Text></Message><Message Date="18/03/2013" Time="15:47:15" DateTime="2013-03-18T18:47:15.914Z" SessionID="1"><From><User FriendlyName="Comercial l GRUPO GENESIS"/></From><To><User FriendlyName="junior azevedo"/></To><Text Style="font-family:Segoe UI; color:#000000; ">o site é</Text></Message><Message Date="18/03/2013" Time="15:47:25" DateTime="2013-03-18T18:47:25.082Z" SessionID="1"><From><User FriendlyName="Comercial l GRUPO GENESIS"/></From><To><User FriendlyName="junior azevedo"/></To><Text Style="font-family:Segoe UI; color:#000000; ">eliteestudantil.com.br</Text></Message><Message Date="18/03/2013" Time="15:49:27" DateTime="2013-03-18T18:49:27.275Z" SessionID="1"><From><User FriendlyName="junior azevedo"/></From><To><User FriendlyName="Comercial l GRUPO GENESIS"/></To><Text Style="font-family:Segoe UI; color:#000000; ">certo conte me mais sobre o clube estudantil como é divulgado e qual é a remuneração de vcs?</Text></Message><Message Date="18/03/2013" Time="15:52:03" DateTime="2013-03-18T18:52:03.880Z" SessionID="1"><From><User FriendlyName="Comercial l GRUPO GENESIS"/></From><To><User FriendlyName="junior azevedo"/></To><Text Style="font-family:Segoe UI; color:#000000; ">Nosso gerente chega na terça feira em sua escola, e tem uma reunião completa para conher todos os benefícios da sua escola, em seguida ele vai agregar esses benefícios ao nosso projeto, durante a semana ele visita as escolas abertas pelo senhor, faz a divulgação com os alunos, importante lembrar que não entramos em sala de aula, não pegamos nome e nem telefone dos alunos, apenas reunimos alguns aleatoriamente em uma sala separada, explicamos os benefícios do Portal e da sua escola, entregamos um convite para identificar os beneficiados e convidamos todos a comparecerem no sábado com seus responsáveis para finalizar o credenciamento ao Projeto.</Text></Message><Message Date="18/03/2013" Time="15:54:40" DateTime="2013-03-18T18:54:40.276Z" SessionID="1"><From><User FriendlyName="junior azevedo"/></From><To><User FriendlyName="Comercial l GRUPO GENESIS"/></To><Text Style="font-family:Segoe UI; color:#000000; ">entendo, olha só eu tenho entrado em contato com varios divulgadores e um dos nossos maiores problemas é conseguir o acesso as escolas </Text></Message><Message Date="18/03/2013" Time="15:55:02" DateTime="2013-03-18T18:55:02.771Z" SessionID="1"><From><User FriendlyName="junior azevedo"/></From><To><User FriendlyName="Comercial l GRUPO GENESIS"/></To><Text Style="font-family:Segoe UI; color:#000000; ">os diretores da minha cidade na maioria das vezes não permitem a entrada</Text></Message><Message Date="18/03/2013" Time="16:01:10" DateTime="2013-03-18T19:01:10.130Z" SessionID="1"><From><User FriendlyName="Comercial l GRUPO GENESIS"/></From><To><User FriendlyName="junior azevedo"/></To><Text Style="font-family:Segoe UI; color:#000000; ">mais precisa de carta de autorização</Text></Message><Message Date="18/03/2013" Time="16:01:11" DateTime="2013-03-18T19:01:11.753Z" SessionID="1"><From><User FriendlyName="Comercial l GRUPO GENESIS"/></From><To><User FriendlyName="junior azevedo"/></To><Text Style="font-family:Segoe UI; color:#000000; ">?</Text></Message><Message Date="18/03/2013" Time="16:02:18" DateTime="2013-03-18T19:02:18.283Z" SessionID="1"><From><User FriendlyName="junior azevedo"/></From><To><User FriendlyName="Comercial l GRUPO GENESIS"/></To><Text Style="font-family:Segoe UI; color:#000000; ">olha não geralmente os diretores pedem propina para liberar o acesso, como nós não compactuamos com isto, ja tem 2 anos que não entramos nas escolas</Text></Message><Message Date="18/03/2013" Time="17:01:58" DateTime="2013-03-18T20:01:58.956Z" SessionID="1"><From><User FriendlyName="Comercial l GRUPO GENESIS"/></From><To><User FriendlyName="junior azevedo"/></To><Text Style="font-family:Segoe UI; color:#000000; ">ai já é difici</Text></Message></Log>
