<?xml version="1.0"?>
<?xml-stylesheet type='text/xsl' href='MessageLog.xsl'?>
<Log FirstSessionID="1" LastSessionID="1"><Message Date="30/01/2013" Time="09:30:05" DateTime="2013-01-30T11:30:05.971Z" SessionID="1"><From><User FriendlyName="Comercial l GRUPO GENESIS"/></From><To><User FriendlyName="Edson otacilio costa"/></To><Text Style="font-family:Segoe UI; color:#000000; ">ola</Text></Message><Message Date="30/01/2013" Time="09:30:12" DateTime="2013-01-30T11:30:12.242Z" SessionID="1"><From><User FriendlyName="Comercial l GRUPO GENESIS"/></From><To><User FriendlyName="Edson otacilio costa"/></To><Text Style="font-family:Segoe UI; color:#000000; ">Bom diaa</Text></Message></Log>
