<?xml version="1.0"?>
<?xml-stylesheet type='text/xsl' href='MessageLog.xsl'?>
<Log FirstSessionID="1" LastSessionID="1"><Message Date="16/01/2013" Time="14:41:30" DateTime="2013-01-16T16:41:30.432Z" SessionID="1"><From><User FriendlyName="Comercial l GRUPO GENESIS"/></From><To><User FriendlyName="katya marciano"/></To><Text Style="font-family:Segoe UI; color:#000000; ">ola</Text></Message><Message Date="16/01/2013" Time="14:41:36" DateTime="2013-01-16T16:41:36.127Z" SessionID="1"><From><User FriendlyName="Comercial l GRUPO GENESIS"/></From><To><User FriendlyName="katya marciano"/></To><Text Style="font-family:Segoe UI; color:#000000; ">tudo bem?</Text></Message><Message Date="16/01/2013" Time="14:43:34" DateTime="2013-01-16T16:43:34.528Z" SessionID="1"><From><User FriendlyName="katya marciano"/></From><To><User FriendlyName="Comercial l GRUPO GENESIS"/></To><Text Style="font-family:Segoe UI; color:#000000; ">ola</Text></Message><Message Date="16/01/2013" Time="14:43:38" DateTime="2013-01-16T16:43:38.073Z" SessionID="1"><From><User FriendlyName="katya marciano"/></From><To><User FriendlyName="Comercial l GRUPO GENESIS"/></To><Text Style="font-family:Segoe UI; color:#000000; ">tudo e com vc</Text></Message><Message Date="16/01/2013" Time="14:43:58" DateTime="2013-01-16T16:43:58.841Z" SessionID="1"><From><User FriendlyName="Comercial l GRUPO GENESIS"/></From><To><User FriendlyName="katya marciano"/></To><Text Style="font-family:Segoe UI; color:#000000; ">que bom  </Text></Message><Message Date="16/01/2013" Time="14:44:05" DateTime="2013-01-16T16:44:05.033Z" SessionID="1"><From><User FriendlyName="Comercial l GRUPO GENESIS"/></From><To><User FriendlyName="katya marciano"/></To><Text Style="font-family:Segoe UI; color:#000000; ">comigo tudo bem</Text></Message><Message Date="16/01/2013" Time="14:44:10" DateTime="2013-01-16T16:44:10.034Z" SessionID="1"><From><User FriendlyName="katya marciano"/></From><To><User FriendlyName="Comercial l GRUPO GENESIS"/></To><Text Style="font-family:Segoe UI; color:#000000; ">que bom</Text></Message><Message Date="16/01/2013" Time="14:44:24" DateTime="2013-01-16T16:44:24.131Z" SessionID="1"><From><User FriendlyName="Comercial l GRUPO GENESIS"/></From><To><User FriendlyName="katya marciano"/></To><Text Style="font-family:Segoe UI; color:#000000; ">voce ja agendou sua campanha 2013?</Text></Message><Message Date="16/01/2013" Time="14:45:28" DateTime="2013-01-16T16:45:28.279Z" SessionID="1"><From><User FriendlyName="katya marciano"/></From><To><User FriendlyName="Comercial l GRUPO GENESIS"/></To><Text Style="font-family:Segoe UI; color:#000000; ">desculpa não estou no serviço deste setor</Text></Message><Message Date="16/01/2013" Time="14:45:44" DateTime="2013-01-16T16:45:44.864Z" SessionID="1"><From><User FriendlyName="katya marciano"/></From><To><User FriendlyName="Comercial l GRUPO GENESIS"/></To><Text Style="font-family:Segoe UI; color:#000000; ">só que ainda tenho vcs no msn caso um dia precisar</Text></Message><Message Date="16/01/2013" Time="14:46:08" DateTime="2013-01-16T16:46:08.347Z" SessionID="1"><From><User FriendlyName="Comercial l GRUPO GENESIS"/></From><To><User FriendlyName="katya marciano"/></To><Text Style="font-family:Segoe UI; color:#000000; ">que escola voce trabalha?</Text></Message><Message Date="16/01/2013" Time="14:47:13" DateTime="2013-01-16T16:47:13.150Z" SessionID="1"><From><User FriendlyName="katya marciano"/></From><To><User FriendlyName="Comercial l GRUPO GENESIS"/></To><Text Style="font-family:Segoe UI; color:#000000; ">não trabalho mais em escolas trabalho em uma farmacia</Text></Message><Message Date="16/01/2013" Time="14:47:54" DateTime="2013-01-16T16:47:54.312Z" SessionID="1"><From><User FriendlyName="Comercial l GRUPO GENESIS"/></From><To><User FriendlyName="katya marciano"/></To><Text Style="font-family:Segoe UI; color:#000000; ">assim..desculpa encomodar</Text></Message><Message Date="16/01/2013" Time="14:51:41" DateTime="2013-01-16T16:51:41.225Z" SessionID="1"><From><User FriendlyName="katya marciano"/></From><To><User FriendlyName="Comercial l GRUPO GENESIS"/></To><Text Style="font-family:Segoe UI; color:#000000; ">capaz não foi encomodo nenhum</Text></Message><Message Date="16/01/2013" Time="14:51:53" DateTime="2013-01-16T16:51:53.415Z" SessionID="1"><From><User FriendlyName="Comercial l GRUPO GENESIS"/></From><To><User FriendlyName="katya marciano"/></To><Text Style="font-family:Segoe UI; color:#000000; ">obrigado pela atenção</Text></Message><Message Date="16/01/2013" Time="14:52:02" DateTime="2013-01-16T16:52:02.002Z" SessionID="1"><From><User FriendlyName="Comercial l GRUPO GENESIS"/></From><To><User FriendlyName="katya marciano"/></To><Text Style="font-family:Segoe UI; color:#000000; ">uma ótima tarde pra voce</Text></Message><Message Date="16/01/2013" Time="14:52:27" DateTime="2013-01-16T16:52:27.580Z" SessionID="1"><From><User FriendlyName="katya marciano"/></From><To><User FriendlyName="Comercial l GRUPO GENESIS"/></To><Text Style="font-family:Segoe UI; color:#000000; ">capaz...pra vcs tbm !:)</Text></Message></Log>
