<?xml version="1.0"?>
<?xml-stylesheet type='text/xsl' href='MessageLog.xsl'?>
<Log FirstSessionID="1" LastSessionID="3"><Message Date="26/03/2013" Time="11:17:31" DateTime="2013-03-26T14:17:31.849Z" SessionID="1"><From><User FriendlyName="Comercial l GRUPO GENESIS"/></From><To><User FriendlyName="Keiti escolas Imbituba e Garopaba SC ñ"/></To><Text Style="font-family:Segoe UI; color:#000000; ">Oi keiti</Text></Message><Message Date="26/03/2013" Time="11:17:35" DateTime="2013-03-26T14:17:35.573Z" SessionID="1"><From><User FriendlyName="Comercial l GRUPO GENESIS"/></From><To><User FriendlyName="Keiti escolas Imbituba e Garopaba SC ñ"/></To><Text Style="font-family:Segoe UI; color:#000000; ">tudo bem?</Text></Message><Message Date="26/03/2013" Time="11:17:38" DateTime="2013-03-26T14:17:38.438Z" SessionID="1"><From><User FriendlyName="Keiti escolas Imbituba e Garopaba SC ñ"/></From><To><User FriendlyName="Comercial l GRUPO GENESIS"/></To><Text>oi bom dia</Text></Message><Message Date="26/03/2013" Time="11:17:43" DateTime="2013-03-26T14:17:43.164Z" SessionID="1"><From><User FriendlyName="Keiti escolas Imbituba e Garopaba SC ñ"/></From><To><User FriendlyName="Comercial l GRUPO GENESIS"/></To><Text>td e com vc?</Text></Message><Message Date="26/03/2013" Time="11:18:01" DateTime="2013-03-26T14:18:01.654Z" SessionID="1"><From><User FriendlyName="Comercial l GRUPO GENESIS"/></From><To><User FriendlyName="Keiti escolas Imbituba e Garopaba SC ñ"/></To><Text Style="font-family:Segoe UI; color:#000000; ">que bom</Text></Message><Message Date="26/03/2013" Time="11:18:04" DateTime="2013-03-26T14:18:04.944Z" SessionID="1"><From><User FriendlyName="Comercial l GRUPO GENESIS"/></From><To><User FriendlyName="Keiti escolas Imbituba e Garopaba SC ñ"/></To><Text Style="font-family:Segoe UI; color:#000000; ">tudo ótimo</Text></Message><Message Date="26/03/2013" Time="11:23:14" DateTime="2013-03-26T14:23:14.808Z" SessionID="1"><From><User FriendlyName="Comercial l GRUPO GENESIS"/></From><To><User FriendlyName="Keiti escolas Imbituba e Garopaba SC ñ"/></To><Text Style="font-family:Segoe UI; color:#000000; ">Keiti,voce me disse que ia fazer uma campanha com outra empresa e no segundo semestre faria com agente</Text></Message><Message Date="26/03/2013" Time="11:23:21" DateTime="2013-03-26T14:23:21.485Z" SessionID="1"><From><User FriendlyName="Comercial l GRUPO GENESIS"/></From><To><User FriendlyName="Keiti escolas Imbituba e Garopaba SC ñ"/></To><Text Style="font-family:Segoe UI; color:#000000; ">podemos agendar?</Text></Message><Message Date="27/03/2013" Time="09:14:09" DateTime="2013-03-27T12:14:09.658Z" SessionID="2"><From><User FriendlyName="Comercial l GRUPO GENESIS"/></From><To><User FriendlyName="Keiti escolas Imbituba e Garopaba SC ñ"/></To><Text Style="font-family:Segoe UI; color:#000000; ">Oi keiti
 bom dia
</Text></Message><Message Date="27/03/2013" Time="09:15:20" DateTime="2013-03-27T12:15:20.030Z" SessionID="2"><From><User FriendlyName="Keiti escolas Imbituba e Garopaba SC ñ"/></From><To><User FriendlyName="Comercial l GRUPO GENESIS"/></To><Text>bom dia, sobre o agendamento vou querer agendar depois que fizer esta campanha</Text></Message><Message Date="27/03/2013" Time="09:15:22" DateTime="2013-03-27T12:15:22.710Z" SessionID="2"><From><User FriendlyName="Keiti escolas Imbituba e Garopaba SC ñ"/></From><To><User FriendlyName="Comercial l GRUPO GENESIS"/></To><Text>:)</Text></Message><Message Date="27/03/2013" Time="09:15:50" DateTime="2013-03-27T12:15:50.066Z" SessionID="2"><From><User FriendlyName="Comercial l GRUPO GENESIS"/></From><To><User FriendlyName="Keiti escolas Imbituba e Garopaba SC ñ"/></To><Text Style="font-family:Segoe UI; color:#000000; ">ainda não realizou?</Text></Message><Message Date="27/03/2013" Time="09:16:50" DateTime="2013-03-27T12:16:50.791Z" SessionID="2"><From><User FriendlyName="Keiti escolas Imbituba e Garopaba SC ñ"/></From><To><User FriendlyName="Comercial l GRUPO GENESIS"/></To><Text>não</Text></Message><Message Date="27/03/2013" Time="09:17:29" DateTime="2013-03-27T12:17:29.892Z" SessionID="2"><From><User FriendlyName="Comercial l GRUPO GENESIS"/></From><To><User FriendlyName="Keiti escolas Imbituba e Garopaba SC ñ"/></To><Text Style="font-family:Segoe UI; color:#000000; ">porque estamos com umas datas bem legais para o segundo semestre</Text></Message><Message Date="27/03/2013" Time="09:17:41" DateTime="2013-03-27T12:17:41.031Z" SessionID="2"><From><User FriendlyName="Comercial l GRUPO GENESIS"/></From><To><User FriendlyName="Keiti escolas Imbituba e Garopaba SC ñ"/></To><Text Style="font-family:Segoe UI; color:#000000; ">começo de mes,e estao saindo todas</Text></Message><Message Date="27/03/2013" Time="09:18:14" DateTime="2013-03-27T12:18:14.524Z" SessionID="2"><From><User FriendlyName="Comercial l GRUPO GENESIS"/></From><To><User FriendlyName="Keiti escolas Imbituba e Garopaba SC ñ"/></To><Text Style="font-family:Segoe UI; color:#000000; ">ai a direção da empresa pediu pra conversar com vc a respeito,pq sua cidade é ótima para campanha</Text></Message><Message Date="27/03/2013" Time="09:18:26" DateTime="2013-03-27T12:18:26.411Z" SessionID="2"><From><User FriendlyName="Comercial l GRUPO GENESIS"/></From><To><User FriendlyName="Keiti escolas Imbituba e Garopaba SC ñ"/></To><Text Style="font-family:Segoe UI; color:#000000; ">e renderia muitas matriculas nessas datas</Text></Message><Message Date="27/03/2013" Time="09:18:46" DateTime="2013-03-27T12:18:46.100Z" SessionID="2"><From><User FriendlyName="Comercial l GRUPO GENESIS"/></From><To><User FriendlyName="Keiti escolas Imbituba e Garopaba SC ñ"/></To><Text Style="font-family:Segoe UI; color:#000000; ">e se alguem pegar nao tenho como te encaixar depois</Text></Message><Message Date="27/03/2013" Time="09:19:46" DateTime="2013-03-27T12:19:46.987Z" SessionID="2"><From><User FriendlyName="Keiti escolas Imbituba e Garopaba SC ñ"/></From><To><User FriendlyName="Comercial l GRUPO GENESIS"/></To><Text>entendo</Text></Message><Message Date="27/03/2013" Time="09:19:55" DateTime="2013-03-27T12:19:55.199Z" SessionID="2"><From><User FriendlyName="Keiti escolas Imbituba e Garopaba SC ñ"/></From><To><User FriendlyName="Comercial l GRUPO GENESIS"/></To><Text>mas se eu quiser será ara final do ano</Text></Message><Message Date="27/03/2013" Time="09:20:02" DateTime="2013-03-27T12:20:02.213Z" SessionID="2"><From><User FriendlyName="Keiti escolas Imbituba e Garopaba SC ñ"/></From><To><User FriendlyName="Comercial l GRUPO GENESIS"/></To><Text>não faço campanha uma emcima da outra</Text></Message><Message Date="27/03/2013" Time="09:20:11" DateTime="2013-03-27T12:20:11.002Z" SessionID="2"><From><User FriendlyName="Keiti escolas Imbituba e Garopaba SC ñ"/></From><To><User FriendlyName="Comercial l GRUPO GENESIS"/></To><Text>não da resultados adequados aos investimentos</Text></Message><Message Date="27/03/2013" Time="09:22:02" DateTime="2013-03-27T12:22:02.453Z" SessionID="2"><From><User FriendlyName="Comercial l GRUPO GENESIS"/></From><To><User FriendlyName="Keiti escolas Imbituba e Garopaba SC ñ"/></To><Text Style="font-family:Segoe UI; color:#000000; ">eu estava pensando em te colocar no começo de Agosto
05 a 10 melhor data</Text></Message><Message Date="27/03/2013" Time="09:22:25" DateTime="2013-03-27T12:22:25.198Z" SessionID="2"><From><User FriendlyName="Keiti escolas Imbituba e Garopaba SC ñ"/></From><To><User FriendlyName="Comercial l GRUPO GENESIS"/></To><Text>não muito próximo a outra campanha que farei</Text></Message><Message Date="27/03/2013" Time="09:22:31" DateTime="2013-03-27T12:22:31.918Z" SessionID="2"><From><User FriendlyName="Keiti escolas Imbituba e Garopaba SC ñ"/></From><To><User FriendlyName="Comercial l GRUPO GENESIS"/></To><Text>caso eu faça somente em novembro</Text></Message><Message Date="27/03/2013" Time="09:24:07" DateTime="2013-03-27T12:24:07.999Z" SessionID="2"><From><User FriendlyName="Comercial l GRUPO GENESIS"/></From><To><User FriendlyName="Keiti escolas Imbituba e Garopaba SC ñ"/></To><Text Style="font-family:Segoe UI; color:#000000; ">entendi..
começo de setembro tenho essas datas aqui 2 a 7 de Set
e outubro 7 á 12</Text></Message><Message Date="27/03/2013" Time="09:24:25" DateTime="2013-03-27T12:24:25.628Z" SessionID="2"><From><User FriendlyName="Keiti escolas Imbituba e Garopaba SC ñ"/></From><To><User FriendlyName="Comercial l GRUPO GENESIS"/></To><Text>novembro</Text></Message><Message Date="27/03/2013" Time="09:24:44" DateTime="2013-03-27T12:24:44.316Z" SessionID="2"><From><User FriendlyName="Comercial l GRUPO GENESIS"/></From><To><User FriendlyName="Keiti escolas Imbituba e Garopaba SC ñ"/></To><Text Style="font-family:Segoe UI; color:#000000; ">novembro 04 á 09</Text></Message><Message Date="27/03/2013" Time="09:24:48" DateTime="2013-03-27T12:24:48.653Z" SessionID="2"><From><User FriendlyName="Keiti escolas Imbituba e Garopaba SC ñ"/></From><To><User FriendlyName="Comercial l GRUPO GENESIS"/></To><Text>com que campanhas vc esta?</Text></Message><Message Date="27/03/2013" Time="09:24:52" DateTime="2013-03-27T12:24:52.803Z" SessionID="2"><From><User FriendlyName="Keiti escolas Imbituba e Garopaba SC ñ"/></From><To><User FriendlyName="Comercial l GRUPO GENESIS"/></To><Text>ainda dando tablet?</Text></Message><Message Date="27/03/2013" Time="09:25:10" DateTime="2013-03-27T12:25:10.072Z" SessionID="2"><From><User FriendlyName="Comercial l GRUPO GENESIS"/></From><To><User FriendlyName="Keiti escolas Imbituba e Garopaba SC ñ"/></To><Text Style="font-family:Segoe UI; color:#000000; ">voce lembra qual a ultima campanha que fez?</Text></Message><Message Date="27/03/2013" Time="09:25:23" DateTime="2013-03-27T12:25:23.051Z" SessionID="2"><From><User FriendlyName="Keiti escolas Imbituba e Garopaba SC ñ"/></From><To><User FriendlyName="Comercial l GRUPO GENESIS"/></To><Text>essa do tablet</Text></Message><Message Date="27/03/2013" Time="09:25:44" DateTime="2013-03-27T12:25:44.314Z" SessionID="2"><From><User FriendlyName="Comercial l GRUPO GENESIS"/></From><To><User FriendlyName="Keiti escolas Imbituba e Garopaba SC ñ"/></To><Text Style="font-family:Segoe UI; color:#000000; ">so isso que os alunos ganhavam?</Text></Message><Message Date="27/03/2013" Time="09:26:04" DateTime="2013-03-27T12:26:04.048Z" SessionID="2"><From><User FriendlyName="Comercial l GRUPO GENESIS"/></From><To><User FriendlyName="Keiti escolas Imbituba e Garopaba SC ñ"/></To><Text Style="font-family:Segoe UI; color:#000000; ">nao tinha nada envolvendo o portal?</Text></Message><Message Date="27/03/2013" Time="09:26:11" DateTime="2013-03-27T12:26:11.224Z" SessionID="2"><From><User FriendlyName="Keiti escolas Imbituba e Garopaba SC ñ"/></From><To><User FriendlyName="Comercial l GRUPO GENESIS"/></To><Text>sim tinah</Text></Message><Message Date="27/03/2013" Time="09:28:51" DateTime="2013-03-27T12:28:51.340Z" SessionID="2"><From><User FriendlyName="Comercial l GRUPO GENESIS"/></From><To><User FriendlyName="Keiti escolas Imbituba e Garopaba SC ñ"/></To><Text Style="font-family:Segoe UI; color:#000000; ">então..
estamos com o Elite estudantil,que dá um portal com professores online e nao divulgamos premios
e tem o educação em foco,que aparentemente dá um grande desconto para o aluno e ganha algum premio
mais isso é o cliente que escolhe.</Text></Message><Message Date="27/03/2013" Time="09:49:04" DateTime="2013-03-27T12:49:04.430Z" SessionID="2"><From><User FriendlyName="Keiti escolas Imbituba e Garopaba SC ñ"/></From><To><User FriendlyName="Comercial l GRUPO GENESIS"/></To><Text>qual campanha vcs fizeram em Capivari de Baixo?</Text></Message><Message Date="27/03/2013" Time="10:08:42" DateTime="2013-03-27T13:08:42.116Z" SessionID="2"><From><User FriendlyName="Keiti escolas Imbituba e Garopaba SC ñ"/></From><To><User FriendlyName="Comercial l GRUPO GENESIS"/></To><Text>[09:49:04] Keiti Francieli de Boer: qual campanha vcs fizeram em Capivari de Baixo?</Text></Message><Message Date="27/03/2013" Time="10:10:35" DateTime="2013-03-27T13:10:35.522Z" SessionID="2"><From><User FriendlyName="Comercial l GRUPO GENESIS"/></From><To><User FriendlyName="Keiti escolas Imbituba e Garopaba SC ñ"/></To><Text Style="font-family:Segoe UI; color:#000000; ">Elite estudantil</Text></Message><Message Date="27/03/2013" Time="10:10:38" DateTime="2013-03-27T13:10:38.549Z" SessionID="2"><From><User FriendlyName="Comercial l GRUPO GENESIS"/></From><To><User FriendlyName="Keiti escolas Imbituba e Garopaba SC ñ"/></To><Text Style="font-family:Segoe UI; color:#000000; ">o portal</Text></Message><Message Date="27/03/2013" Time="10:10:48" DateTime="2013-03-27T13:10:48.143Z" SessionID="2"><From><User FriendlyName="Comercial l GRUPO GENESIS"/></From><To><User FriendlyName="Keiti escolas Imbituba e Garopaba SC ñ"/></To><Text Style="font-family:Segoe UI; color:#000000; ">com professores online</Text></Message><Message Date="27/03/2013" Time="10:11:51" DateTime="2013-03-27T13:11:51.101Z" SessionID="2"><From><User FriendlyName="Keiti escolas Imbituba e Garopaba SC ñ"/></From><To><User FriendlyName="Comercial l GRUPO GENESIS"/></To><Text>e qual foi o retorno?</Text></Message><Message Date="27/03/2013" Time="10:13:34" DateTime="2013-03-27T13:13:34.771Z" SessionID="2"><From><User FriendlyName="Comercial l GRUPO GENESIS"/></From><To><User FriendlyName="Keiti escolas Imbituba e Garopaba SC ñ"/></To><Text Style="font-family:Segoe UI; color:#000000; ">então..na semana da campanha dela,choveu muito,a semana inteira
e no dia das matriculas foram apenas 30 pais</Text></Message><Message Date="27/03/2013" Time="10:13:43" DateTime="2013-03-27T13:13:43.257Z" SessionID="2"><From><User FriendlyName="Comercial l GRUPO GENESIS"/></From><To><User FriendlyName="Keiti escolas Imbituba e Garopaba SC ñ"/></To><Text Style="font-family:Segoe UI; color:#000000; ">23 fizeram as matriculas</Text></Message><Message Date="27/03/2013" Time="10:13:52" DateTime="2013-03-27T13:13:52.820Z" SessionID="2"><From><User FriendlyName="Keiti escolas Imbituba e Garopaba SC ñ"/></From><To><User FriendlyName="Comercial l GRUPO GENESIS"/></To><Text>humm</Text></Message><Message Date="27/03/2013" Time="10:20:34" DateTime="2013-03-27T13:20:34.794Z" SessionID="2"><From><User FriendlyName="Comercial l GRUPO GENESIS"/></From><To><User FriendlyName="Keiti escolas Imbituba e Garopaba SC ñ"/></To><Text Style="font-family:Segoe UI; color:#000000; ">quer agendar  04 á 09 novembro
</Text></Message><Message Date="27/03/2013" Time="10:20:39" DateTime="2013-03-27T13:20:39.022Z" SessionID="2"><From><User FriendlyName="Comercial l GRUPO GENESIS"/></From><To><User FriendlyName="Keiti escolas Imbituba e Garopaba SC ñ"/></To><Text Style="font-family:Segoe UI; color:#000000; ">com essa campanha</Text></Message><Message Date="27/03/2013" Time="10:20:44" DateTime="2013-03-27T13:20:44.435Z" SessionID="2"><From><User FriendlyName="Comercial l GRUPO GENESIS"/></From><To><User FriendlyName="Keiti escolas Imbituba e Garopaba SC ñ"/></To><Text Style="font-family:Segoe UI; color:#000000; ">?</Text></Message><Message Date="27/03/2013" Time="10:25:10" DateTime="2013-03-27T13:25:10.621Z" SessionID="2"><From><User FriendlyName="Keiti escolas Imbituba e Garopaba SC ñ"/></From><To><User FriendlyName="Comercial l GRUPO GENESIS"/></To><Text>não so vou fazer o agendamento depois de realizar a campanha aqui</Text></Message><Message Date="27/03/2013" Time="10:27:47" DateTime="2013-03-27T13:27:47.052Z" SessionID="2"><From><User FriendlyName="Comercial l GRUPO GENESIS"/></From><To><User FriendlyName="Keiti escolas Imbituba e Garopaba SC ñ"/></To><Text Style="font-family:Segoe UI; color:#000000; ">certo.</Text></Message><Message Date="27/03/2013" Time="10:27:54" DateTime="2013-03-27T13:27:54.088Z" SessionID="2"><From><User FriendlyName="Comercial l GRUPO GENESIS"/></From><To><User FriendlyName="Keiti escolas Imbituba e Garopaba SC ñ"/></To><Text Style="font-family:Segoe UI; color:#000000; ">aguardo seu retorno</Text></Message><Message Date="27/03/2013" Time="10:37:06" DateTime="2013-03-27T13:37:06.305Z" SessionID="2"><From><User FriendlyName="Keiti escolas Imbituba e Garopaba SC ñ"/></From><To><User FriendlyName="Comercial l GRUPO GENESIS"/></To><Text>;)</Text></Message><Message Date="27/03/2013" Time="10:37:08" DateTime="2013-03-27T13:37:08.145Z" SessionID="2"><From><User FriendlyName="Keiti escolas Imbituba e Garopaba SC ñ"/></From><To><User FriendlyName="Comercial l GRUPO GENESIS"/></To><Text>pode deixar</Text></Message><Message Date="27/03/2013" Time="10:37:09" DateTime="2013-03-27T13:37:09.446Z" SessionID="2"><From><User FriendlyName="Keiti escolas Imbituba e Garopaba SC ñ"/></From><To><User FriendlyName="Comercial l GRUPO GENESIS"/></To><Text>obrigada</Text></Message><Message Date="27/03/2013" Time="10:37:20" DateTime="2013-03-27T13:37:20.774Z" SessionID="2"><From><User FriendlyName="Comercial l GRUPO GENESIS"/></From><To><User FriendlyName="Keiti escolas Imbituba e Garopaba SC ñ"/></To><Text Style="font-family:Segoe UI; color:#000000; ">um bom dia pra voce</Text></Message><Message Date="27/03/2013" Time="10:37:30" DateTime="2013-03-27T13:37:30.842Z" SessionID="2"><From><User FriendlyName="Keiti escolas Imbituba e Garopaba SC ñ"/></From><To><User FriendlyName="Comercial l GRUPO GENESIS"/></To><Text>pra vc tb!</Text></Message><Message Date="27/03/2013" Time="10:37:33" DateTime="2013-03-27T13:37:33.291Z" SessionID="2"><From><User FriendlyName="Comercial l GRUPO GENESIS"/></From><To><User FriendlyName="Keiti escolas Imbituba e Garopaba SC ñ"/></To><Text Style="font-family:Segoe UI; color:#000000; ">feliz pascoa</Text></Message><Message Date="27/03/2013" Time="10:37:36" DateTime="2013-03-27T13:37:36.130Z" SessionID="2"><From><User FriendlyName="Keiti escolas Imbituba e Garopaba SC ñ"/></From><To><User FriendlyName="Comercial l GRUPO GENESIS"/></To><Text>que Deus ilumine ;)</Text></Message><Message Date="05/04/2013" Time="13:34:31" DateTime="2013-04-05T16:34:31.594Z" SessionID="3"><From><User FriendlyName="Keiti escolas Imbituba e Garopaba SC ñ"/></From><To><User FriendlyName="Comercial l GRUPO GENESIS"/></To><Text>bom dia/1</Text></Message><Message Date="05/04/2013" Time="13:34:52" DateTime="2013-04-05T16:34:52.067Z" SessionID="3"><From><User FriendlyName="Keiti escolas Imbituba e Garopaba SC ñ"/></From><To><User FriendlyName="Comercial l GRUPO GENESIS"/></To><Text>boa tarde*</Text></Message><Message Date="05/04/2013" Time="13:34:53" DateTime="2013-04-05T16:34:53.269Z" SessionID="3"><From><User FriendlyName="Keiti escolas Imbituba e Garopaba SC ñ"/></From><To><User FriendlyName="Comercial l GRUPO GENESIS"/></To><Text>hahah</Text></Message><Message Date="05/04/2013" Time="13:37:12" DateTime="2013-04-05T16:37:12.531Z" SessionID="3"><From><User FriendlyName="Comercial l GRUPO GENESIS"/></From><To><User FriendlyName="Keiti escolas Imbituba e Garopaba SC ñ"/></To><Text Style="font-family:Segoe UI; color:#000000; ">Ola</Text></Message><Message Date="05/04/2013" Time="13:37:17" DateTime="2013-04-05T16:37:17.664Z" SessionID="3"><From><User FriendlyName="Comercial l GRUPO GENESIS"/></From><To><User FriendlyName="Keiti escolas Imbituba e Garopaba SC ñ"/></To><Text Style="font-family:Segoe UI; color:#000000; ">boa tarde</Text></Message><Message Date="05/04/2013" Time="13:54:50" DateTime="2013-04-05T16:54:50.320Z" SessionID="3"><From><User FriendlyName="Keiti escolas Imbituba e Garopaba SC ñ"/></From><To><User FriendlyName="Comercial l GRUPO GENESIS"/></To><Text>queria falar com alguém do financeiro?</Text></Message><Message Date="05/04/2013" Time="13:56:13" DateTime="2013-04-05T16:56:13.600Z" SessionID="3"><From><User FriendlyName="Keiti escolas Imbituba e Garopaba SC ñ"/></From><To><User FriendlyName="Comercial l GRUPO GENESIS"/></To><Text>eles tem e-mail ou skype?</Text></Message></Log>
