<?xml version="1.0"?>
<?xml-stylesheet type='text/xsl' href='MessageLog.xsl'?>
<Log FirstSessionID="1" LastSessionID="2"><Message Date="13/02/2013" Time="14:05:51" DateTime="2013-02-13T17:05:51.288Z" SessionID="1"><From><User FriendlyName="Comercial l GRUPO GENESIS"/></From><To><User FriendlyName="LOAME - escolas na Bahia"/></To><Text Style="font-family:Segoe UI; color:#000000; ">ola</Text></Message><Message Date="13/02/2013" Time="14:05:55" DateTime="2013-02-13T17:05:55.668Z" SessionID="1"><From><User FriendlyName="Comercial l GRUPO GENESIS"/></From><To><User FriendlyName="LOAME - escolas na Bahia"/></To><Text Style="font-family:Segoe UI; color:#000000; ">boa tarde</Text></Message><Message Date="27/03/2013" Time="16:00:01" DateTime="2013-03-27T19:00:01.650Z" SessionID="2"><From><User FriendlyName="Comercial l GRUPO GENESIS"/></From><To><User FriendlyName="LOAME - escolas na Bahia"/></To><Text Style="font-family:Segoe UI; color:#000000; ">Oiii</Text></Message><Message Date="27/03/2013" Time="16:00:04" DateTime="2013-03-27T19:00:04.022Z" SessionID="2"><From><User FriendlyName="Comercial l GRUPO GENESIS"/></From><To><User FriendlyName="LOAME - escolas na Bahia"/></To><Text Style="font-family:Segoe UI; color:#000000; ">boa tarde</Text></Message><Message Date="27/03/2013" Time="16:14:32" DateTime="2013-03-27T19:14:32.766Z" SessionID="2"><From><User FriendlyName="LOAME - escolas na Bahia"/></From><To><User FriendlyName="Comercial l GRUPO GENESIS"/></To><Text>Boa Tarde</Text></Message><Message Date="27/03/2013" Time="16:14:49" DateTime="2013-03-27T19:14:49.128Z" SessionID="2"><From><User FriendlyName="Comercial l GRUPO GENESIS"/></From><To><User FriendlyName="LOAME - escolas na Bahia"/></To><Text Style="font-family:Segoe UI; color:#000000; ">tudo bem?</Text></Message><Message Date="27/03/2013" Time="16:15:56" DateTime="2013-03-27T19:15:56.507Z" SessionID="2"><From><User FriendlyName="LOAME - escolas na Bahia"/></From><To><User FriendlyName="Comercial l GRUPO GENESIS"/></To><Text>tudo..</Text></Message><Message Date="27/03/2013" Time="16:16:09" DateTime="2013-03-27T19:16:09.818Z" SessionID="2"><From><User FriendlyName="Comercial l GRUPO GENESIS"/></From><To><User FriendlyName="LOAME - escolas na Bahia"/></To><Text Style="font-family:Segoe UI; color:#000000; ">que bom</Text></Message><Message Date="27/03/2013" Time="16:16:45" DateTime="2013-03-27T19:16:45.492Z" SessionID="2"><From><User FriendlyName="Comercial l GRUPO GENESIS"/></From><To><User FriendlyName="LOAME - escolas na Bahia"/></To><Text Style="font-family:Segoe UI; color:#000000; ">já agendou uma campanha esse ano?</Text></Message></Log>
