<?xml version="1.0"?>
<?xml-stylesheet type='text/xsl' href='MessageLog.xsl'?>
<Log FirstSessionID="1" LastSessionID="3"><Message Date="27/03/2013" Time="11:47:38" DateTime="2013-03-27T14:47:38.804Z" SessionID="1"><From><User FriendlyName="Lucas Taquari RS"/></From><To><User FriendlyName="Comercial l GRUPO GENESIS"/></To><Text Style="font-family:Segoe UI; color:#000000; ">Bom Dia</Text></Message><Message Date="27/03/2013" Time="13:16:16" DateTime="2013-03-27T16:16:16.332Z" SessionID="1"><From><User FriendlyName="Comercial l GRUPO GENESIS"/></From><To><User FriendlyName="Lucas Taquari RS"/></To><Text Style="font-family:Segoe UI; color:#000000; ">Oi</Text></Message><Message Date="27/03/2013" Time="13:16:18" DateTime="2013-03-27T16:16:18.516Z" SessionID="1"><From><User FriendlyName="Comercial l GRUPO GENESIS"/></From><To><User FriendlyName="Lucas Taquari RS"/></To><Text Style="font-family:Segoe UI; color:#000000; ">boa tarde</Text></Message><Message Date="27/03/2013" Time="14:48:18" DateTime="2013-03-27T17:48:18.845Z" SessionID="1"><From><User FriendlyName="Comercial l GRUPO GENESIS"/></From><To><User FriendlyName="Lucas Taquari RS"/></To><Text Style="font-family:Segoe UI; color:#000000; ">OOii</Text></Message><Message Date="27/03/2013" Time="14:48:25" DateTime="2013-03-27T17:48:25.085Z" SessionID="1"><From><User FriendlyName="Comercial l GRUPO GENESIS"/></From><To><User FriendlyName="Lucas Taquari RS"/></To><Text Style="font-family:Segoe UI; color:#000000; ">boa tarde</Text></Message><Message Date="27/03/2013" Time="14:49:37" DateTime="2013-03-27T17:49:37.984Z" SessionID="1"><From><User FriendlyName="Lucas Taquari RS"/></From><To><User FriendlyName="Comercial l GRUPO GENESIS"/></To><Text Style="font-family:Segoe UI; color:#000000; ">como esta os trablhos de vcs?</Text></Message><Message Date="27/03/2013" Time="14:50:39" DateTime="2013-03-27T17:50:39.462Z" SessionID="1"><From><User FriendlyName="Comercial l GRUPO GENESIS"/></From><To><User FriendlyName="Lucas Taquari RS"/></To><Text Style="font-family:Segoe UI; color:#000000; ">a agenda?</Text></Message><Message Date="27/03/2013" Time="14:51:39" DateTime="2013-03-27T17:51:39.843Z" SessionID="1"><From><User FriendlyName="Lucas Taquari RS"/></From><To><User FriendlyName="Comercial l GRUPO GENESIS"/></To><Text Style="font-family:Segoe UI; color:#000000; ">sim</Text></Message><Message Date="27/03/2013" Time="14:51:46" DateTime="2013-03-27T17:51:46.473Z" SessionID="1"><From><User FriendlyName="Lucas Taquari RS"/></From><To><User FriendlyName="Comercial l GRUPO GENESIS"/></To><Text Style="font-family:Segoe UI; color:#000000; ">e q trabbalho vcs fazem</Text></Message><Message Date="27/03/2013" Time="14:52:05" DateTime="2013-03-27T17:52:05.879Z" SessionID="1"><From><User FriendlyName="Comercial l GRUPO GENESIS"/></From><To><User FriendlyName="Lucas Taquari RS"/></To><Text Style="font-family:Segoe UI; color:#000000; ">a principio nossa agenda esta bem cheia</Text></Message><Message Date="27/03/2013" Time="14:52:18" DateTime="2013-03-27T17:52:18.890Z" SessionID="1"><From><User FriendlyName="Comercial l GRUPO GENESIS"/></From><To><User FriendlyName="Lucas Taquari RS"/></To><Text Style="font-family:Segoe UI; color:#000000; ">creio que semana que vem abra novas datas</Text></Message><Message Date="27/03/2013" Time="14:52:23" DateTime="2013-03-27T17:52:23.850Z" SessionID="1"><From><User FriendlyName="Comercial l GRUPO GENESIS"/></From><To><User FriendlyName="Lucas Taquari RS"/></To><Text Style="font-family:Segoe UI; color:#000000; ">em abril</Text></Message><Message Date="27/03/2013" Time="14:52:31" DateTime="2013-03-27T17:52:31.541Z" SessionID="1"><From><User FriendlyName="Comercial l GRUPO GENESIS"/></From><To><User FriendlyName="Lucas Taquari RS"/></To><Text Style="font-family:Segoe UI; color:#000000; ">eo trabalho</Text></Message><Message Date="27/03/2013" Time="14:53:00" DateTime="2013-03-27T17:53:00.822Z" SessionID="1"><From><User FriendlyName="Comercial l GRUPO GENESIS"/></From><To><User FriendlyName="Lucas Taquari RS"/></To><Text Style="font-family:Segoe UI; color:#000000; ">Para o senhor entender melhor , nós temos uma campanha chamada Clube Estudantil e através desse clube os alunos terão mais vantagens de estudar em sua escola, além de aprender os cursos que você oferece, os alunos recebem um reforço escolar através de um portal exclusivo de nossa empresa, onde eles terão professores online em matemática e português, ou seja,adquirindo nossa campanha o senhor recebe um portal totalmente gratuito livre de taxas e manutenções.</Text></Message><Message Date="27/03/2013" Time="15:00:40" DateTime="2013-03-27T18:00:40.668Z" SessionID="1"><From><User FriendlyName="Lucas Taquari RS"/></From><To><User FriendlyName="Comercial l GRUPO GENESIS"/></To><Text Style="font-family:Segoe UI; color:#000000; ">quem eh o responsavel pelas divulgações? nunca fizeram aqui em taquari?</Text></Message><Message Date="27/03/2013" Time="15:01:39" DateTime="2013-03-27T18:01:39.826Z" SessionID="1"><From><User FriendlyName="Comercial l GRUPO GENESIS"/></From><To><User FriendlyName="Lucas Taquari RS"/></To><Text Style="font-family:Segoe UI; color:#000000; ">FICA NO RIO GRANDE DO SUL?</Text></Message><Message Date="27/03/2013" Time="15:02:17" DateTime="2013-03-27T18:02:17.344Z" SessionID="1"><From><User FriendlyName="Lucas Taquari RS"/></From><To><User FriendlyName="Comercial l GRUPO GENESIS"/></To><Text Style="font-family:Segoe UI; color:#000000; ">sim</Text></Message><Message Date="27/03/2013" Time="15:03:18" DateTime="2013-03-27T18:03:18.262Z" SessionID="1"><From><User FriendlyName="Comercial l GRUPO GENESIS"/></From><To><User FriendlyName="Lucas Taquari RS"/></To><Text Style="font-family:Segoe UI; color:#000000; ">Ai na sua cidade ainda não,mais 70% dos nosso clientes sao do RS</Text></Message><Message Date="27/03/2013" Time="15:46:35" DateTime="2013-03-27T18:46:35.868Z" SessionID="1"><From><User FriendlyName="Lucas Taquari RS"/></From><To><User FriendlyName="Comercial l GRUPO GENESIS"/></To><Text Style="font-family:Segoe UI; color:#000000; ">qual o valor do meu investimento para fazera campanha?</Text></Message><Message Date="27/03/2013" Time="15:51:47" DateTime="2013-03-27T18:51:47.363Z" SessionID="1"><From><User FriendlyName="Comercial l GRUPO GENESIS"/></From><To><User FriendlyName="Lucas Taquari RS"/></To><Text Style="font-family:Segoe UI; color:#000000; ">Recebemos de cada aluno beneficiado o valor da 1ª parcela + R$ 25,00 de taxa administrativaque é cobrado do aluno , só entraram no projetos os alunos que pagarem todo esse valor , ou der  um sinal ou seja uma parte , não vamos ter matriculas NÃO PAGAS no dia  , e se o aluno der parte do valor o senhor tem 3 opções para cobrir esse valor a nossa empresa, tem a opção de cobrir em cheque até 3x sem juros, a opção á vista com um grande desconto , e a opção em cartão de crédito até 12 x sem juros.
Alguma duvida até o momento?
Para finalizar , precisamos de um apoio da sua escola para chegada do nosso gerente:
- Hospedagem 
- viagem ida e volta 
e material para campanha, o convite é impresso em sua escola (preto e branco)+ adesivo que já levamos pronto valor de R$0,25 centavos cada
</Text></Message><Message Date="27/03/2013" Time="16:11:26" DateTime="2013-03-27T19:11:26.617Z" SessionID="1"><From><User FriendlyName="Comercial l GRUPO GENESIS"/></From><To><User FriendlyName="Lucas Taquari RS"/></To><Text Style="font-family:Segoe UI; color:#000000; ">entendeu?</Text></Message><Message Date="09/04/2013" Time="09:24:54" DateTime="2013-04-09T12:24:54.552Z" SessionID="2"><From><User FriendlyName="Comercial l GRUPO GENESIS"/></From><To><User FriendlyName="Lucas Taquari RS"/></To><Text Style="font-family:Segoe UI; color:#000000; ">Oi bom dia</Text></Message><Message Date="09/04/2013" Time="09:30:23" DateTime="2013-04-09T12:30:23.607Z" SessionID="2"><From><User FriendlyName="Lucas Taquari RS"/></From><To><User FriendlyName="Comercial l GRUPO GENESIS"/></To><Text Style="font-family:Segoe UI; color:#000000; ">bomdia</Text></Message><Message Date="09/04/2013" Time="09:30:31" DateTime="2013-04-09T12:30:31.544Z" SessionID="2"><From><User FriendlyName="Comercial l GRUPO GENESIS"/></From><To><User FriendlyName="Lucas Taquari RS"/></To><Text Style="font-family:Segoe UI; color:#000000; ">tudo bem?</Text></Message><Message Date="09/04/2013" Time="09:35:56" DateTime="2013-04-09T12:35:56.570Z" SessionID="2"><From><User FriendlyName="Lucas Taquari RS"/></From><To><User FriendlyName="Comercial l GRUPO GENESIS"/></To><Text Style="font-family:Segoe UI; color:#000000; ">tu otimo</Text></Message><Message Date="09/04/2013" Time="09:38:32" DateTime="2013-04-09T12:38:32.871Z" SessionID="2"><From><User FriendlyName="Comercial l GRUPO GENESIS"/></From><To><User FriendlyName="Lucas Taquari RS"/></To><Text Style="font-family:Segoe UI; color:#000000; ">que bom..
Expliquei o projeto ao senhor e nao tive resposta
</Text></Message><Message Date="09/04/2013" Time="09:39:24" DateTime="2013-04-09T12:39:24.571Z" SessionID="2"><From><User FriendlyName="Comercial l GRUPO GENESIS"/></From><To><User FriendlyName="Lucas Taquari RS"/></To><Text Style="font-family:Segoe UI; color:#000000; ">Gostaria muito de atender sua escola,até abriu uma data semana que vem e gostaria de mandar nosso gerente,caso fechassemos nossa parceria</Text></Message><Message Date="09/04/2013" Time="09:41:49" DateTime="2013-04-09T12:41:49.729Z" SessionID="2"><From><User FriendlyName="Lucas Taquari RS"/></From><To><User FriendlyName="Comercial l GRUPO GENESIS"/></To><Text Style="font-family:Segoe UI; color:#000000; ">pois eh mais achei os valores de vcs muito altos</Text></Message><Message Date="09/04/2013" Time="09:42:27" DateTime="2013-04-09T12:42:27.132Z" SessionID="2"><From><User FriendlyName="Comercial l GRUPO GENESIS"/></From><To><User FriendlyName="Lucas Taquari RS"/></To><Text Style="font-family:Segoe UI; color:#000000; ">oque por exemplo?</Text></Message><Message Date="09/04/2013" Time="09:54:27" DateTime="2013-04-09T12:54:27.409Z" SessionID="2"><From><User FriendlyName="Lucas Taquari RS"/></From><To><User FriendlyName="Comercial l GRUPO GENESIS"/></To><Text Style="font-family:Segoe UI; color:#000000; ">1 parcela + 25,00
deslocamento de ida e volta
hospedagem
alimentação
mais material da campanha
adesivo</Text></Message><Message Date="09/04/2013" Time="09:54:39" DateTime="2013-04-09T12:54:39.293Z" SessionID="2"><From><User FriendlyName="Lucas Taquari RS"/></From><To><User FriendlyName="Comercial l GRUPO GENESIS"/></To><Text Style="font-family:Segoe UI; color:#000000; ">normalmente eu pago</Text></Message><Message Date="09/04/2013" Time="09:55:00" DateTime="2013-04-09T12:55:00.493Z" SessionID="2"><From><User FriendlyName="Lucas Taquari RS"/></From><To><User FriendlyName="Comercial l GRUPO GENESIS"/></To><Text Style="font-family:Segoe UI; color:#000000; ">1 parcela
hospedagem
material (folha e impressão)</Text></Message><Message Date="09/04/2013" Time="10:02:13" DateTime="2013-04-09T13:02:13.382Z" SessionID="2"><From><User FriendlyName="Comercial l GRUPO GENESIS"/></From><To><User FriendlyName="Lucas Taquari RS"/></To><Text Style="font-family:Segoe UI; color:#000000; ">vamos fazer uma breve comparação
Nenhuma empresa oferece um portal pra sua escola,com professores online,
pra seus novos alunos e oque já estudam na sua escola.
Geralmente essas empresas dão descontos altos,pelo fato que a maioria dos alunos matriculados não voltam e quem sai no prejuizo éo cliente.
Nosso Grupo nao faz matriculas não pagas,os alunos que entram no projetam dao todo o valor ou uma parte pra firmar um compromisso na hora.
E se caso ele desistir do curso,ele é bloqueado do portal.</Text></Message><Message Date="09/04/2013" Time="10:32:07" DateTime="2013-04-09T13:32:07.391Z" SessionID="2"><From><User FriendlyName="Comercial l GRUPO GENESIS"/></From><To><User FriendlyName="Lucas Taquari RS"/></To><Text Style="font-family:Segoe UI; color:#000000; ">Entendeu??</Text></Message><Message Date="09/04/2013" Time="13:14:07" DateTime="2013-04-09T16:14:07.955Z" SessionID="2"><From><User FriendlyName="Comercial l GRUPO GENESIS"/></From><To><User FriendlyName="Lucas Taquari RS"/></To><Text Style="font-family:Segoe UI; color:#000000; ">Oi
boa tarde</Text></Message><Message Date="09/04/2013" Time="15:33:01" DateTime="2013-04-09T18:33:01.503Z" SessionID="2"><From><User FriendlyName="Comercial l GRUPO GENESIS"/></From><To><User FriendlyName="Lucas Taquari RS"/></To><Text Style="font-family:Segoe UI; color:#000000; ">Oi lucas</Text></Message><Message Date="10/04/2013" Time="16:20:04" DateTime="2013-04-10T19:20:04.740Z" SessionID="3"><From><User FriendlyName="Comercial l GRUPO GENESIS"/></From><To><User FriendlyName="Lucas Taquari RS"/></To><Text Style="font-family:Segoe UI; color:#000000; ">Oi</Text></Message><Message Date="10/04/2013" Time="16:20:07" DateTime="2013-04-10T19:20:07.438Z" SessionID="3"><From><User FriendlyName="Comercial l GRUPO GENESIS"/></From><To><User FriendlyName="Lucas Taquari RS"/></To><Text Style="font-family:Segoe UI; color:#000000; ">boa tarde</Text></Message><Message Date="10/04/2013" Time="16:29:07" DateTime="2013-04-10T19:29:07.280Z" SessionID="3"><From><User FriendlyName="Lucas Taquari RS"/></From><To><User FriendlyName="Comercial l GRUPO GENESIS"/></To><Text Style="font-family:Segoe UI; color:#000000; ">boa tarde</Text></Message><Message Date="10/04/2013" Time="16:29:23" DateTime="2013-04-10T19:29:23.980Z" SessionID="3"><From><User FriendlyName="Comercial l GRUPO GENESIS"/></From><To><User FriendlyName="Lucas Taquari RS"/></To><Text Style="font-family:Segoe UI; color:#000000; ">podemos agendar?</Text></Message><Message Date="10/04/2013" Time="16:30:26" DateTime="2013-04-10T19:30:26.562Z" SessionID="3"><From><User FriendlyName="Lucas Taquari RS"/></From><To><User FriendlyName="Comercial l GRUPO GENESIS"/></To><Text Style="font-family:Segoe UI; color:#000000; ">eu cubro

1 parcela + 25,00
hospedagem
material de divulgação</Text></Message><Message Date="10/04/2013" Time="16:30:35" DateTime="2013-04-10T19:30:35.250Z" SessionID="3"><From><User FriendlyName="Lucas Taquari RS"/></From><To><User FriendlyName="Comercial l GRUPO GENESIS"/></To><Text Style="font-family:Segoe UI; color:#000000; ">vcs cobrem deslocamento e alimentação</Text></Message><Message Date="10/04/2013" Time="16:30:38" DateTime="2013-04-10T19:30:38.616Z" SessionID="3"><From><User FriendlyName="Lucas Taquari RS"/></From><To><User FriendlyName="Comercial l GRUPO GENESIS"/></To><Text Style="font-family:Segoe UI; color:#000000; ">podemos fechar</Text></Message><Message Date="10/04/2013" Time="16:31:25" DateTime="2013-04-10T19:31:25.447Z" SessionID="3"><From><User FriendlyName="Comercial l GRUPO GENESIS"/></From><To><User FriendlyName="Lucas Taquari RS"/></To><Text Style="font-family:Segoe UI; color:#000000; ">agente nao pega nada do valor que voce ganha do curso</Text></Message><Message Date="10/04/2013" Time="16:31:58" DateTime="2013-04-10T19:31:58.845Z" SessionID="3"><From><User FriendlyName="Comercial l GRUPO GENESIS"/></From><To><User FriendlyName="Lucas Taquari RS"/></To><Text Style="font-family:Segoe UI; color:#000000; ">se vc dá dez meses de curso,nos falamos pro aluno que é 11 parcelas</Text></Message><Message Date="10/04/2013" Time="16:32:10" DateTime="2013-04-10T19:32:10.374Z" SessionID="3"><From><User FriendlyName="Comercial l GRUPO GENESIS"/></From><To><User FriendlyName="Lucas Taquari RS"/></To><Text Style="font-family:Segoe UI; color:#000000; ">agente nao fica com o valor do seu curso</Text></Message><Message Date="10/04/2013" Time="16:32:23" DateTime="2013-04-10T19:32:23.104Z" SessionID="3"><From><User FriendlyName="Comercial l GRUPO GENESIS"/></From><To><User FriendlyName="Lucas Taquari RS"/></To><Text Style="font-family:Segoe UI; color:#000000; ">estariamos ai fazendo o trabalho de graça</Text></Message><Message Date="10/04/2013" Time="16:33:11" DateTime="2013-04-10T19:33:11.564Z" SessionID="3"><From><User FriendlyName="Lucas Taquari RS"/></From><To><User FriendlyName="Comercial l GRUPO GENESIS"/></To><Text Style="font-family:Segoe UI; color:#000000; ">vamos deixar assim entaum</Text></Message><Message Date="10/04/2013" Time="16:35:27" DateTime="2013-04-10T19:35:27.989Z" SessionID="3"><From><User FriendlyName="Comercial l GRUPO GENESIS"/></From><To><User FriendlyName="Lucas Taquari RS"/></To><Text Style="font-family:Segoe UI; color:#000000; ">O nosso projeto traria muitos alunos a sua escola e lucros pra vc[</Text></Message></Log>
