<?xml version="1.0"?>
<?xml-stylesheet type='text/xsl' href='MessageLog.xsl'?>
<Log FirstSessionID="1" LastSessionID="1"><Message Date="16/01/2013" Time="14:39:05" DateTime="2013-01-16T16:39:05.271Z" SessionID="1"><From><User FriendlyName="Comercial l GRUPO GENESIS"/></From><To><User FriendlyName="MARCELO ALEXANDRE ñ quer  119,90"/></To><Text Style="font-family:Segoe UI; color:#000000; ">ola</Text></Message><Message Date="16/01/2013" Time="14:39:07" DateTime="2013-01-16T16:39:07.939Z" SessionID="1"><From><User FriendlyName="Comercial l GRUPO GENESIS"/></From><To><User FriendlyName="MARCELO ALEXANDRE ñ quer  119,90"/></To><Text Style="font-family:Segoe UI; color:#000000; ">tudo bem?</Text></Message></Log>
