<?xml version="1.0"?>
<?xml-stylesheet type='text/xsl' href='MessageLog.xsl'?>
<Log FirstSessionID="1" LastSessionID="2"><Message Date="14/03/2013" Time="09:43:12" DateTime="2013-03-14T12:43:12.797Z" SessionID="1"><From><User FriendlyName="Comercial l GRUPO GENESIS"/></From><To><User FriendlyName="Marcelo Microibi biporã e sertanópoli PR"/></To><Text Style="font-family:Segoe UI; color:#000000; ">Oi</Text></Message><Message Date="14/03/2013" Time="09:43:15" DateTime="2013-03-14T12:43:15.075Z" SessionID="1"><From><User FriendlyName="Comercial l GRUPO GENESIS"/></From><To><User FriendlyName="Marcelo Microibi biporã e sertanópoli PR"/></To><Text Style="font-family:Segoe UI; color:#000000; ">Bom Dia</Text></Message><Message Date="20/03/2013" Time="17:47:51" DateTime="2013-03-20T20:47:51.896Z" SessionID="2"><From><User FriendlyName="Comercial l GRUPO GENESIS"/></From><To><User FriendlyName="Marcelo Microibi biporã e sertanópoli PR"/></To><Text Style="font-family:Segoe UI; color:#000000; ">Olaa</Text></Message></Log>
