<?xml version="1.0"?>
<?xml-stylesheet type='text/xsl' href='MessageLog.xsl'?>
<Log FirstSessionID="1" LastSessionID="3"><Message Date="06/03/2013" Time="15:24:23" DateTime="2013-03-06T18:24:23.050Z" SessionID="1"><From><User FriendlyName="Marisa Pires"/></From><To><User FriendlyName="Comercial l GRUPO GENESIS"/></To><Text Style="font-family:Segoe UI; color:#000000; ">sejam bem vindos</Text></Message><Message Date="06/03/2013" Time="15:25:20" DateTime="2013-03-06T18:25:20.064Z" SessionID="1"><From><User FriendlyName="Comercial l GRUPO GENESIS"/></From><To><User FriendlyName="Marisa Pires"/></To><Text Style="font-family:Segoe UI; color:#000000; ">Muito obrigado</Text></Message><Message Date="06/03/2013" Time="15:25:47" DateTime="2013-03-06T18:25:47.239Z" SessionID="1"><From><User FriendlyName="Marisa Pires"/></From><To><User FriendlyName="Comercial l GRUPO GENESIS"/></To><Text Style="font-family:Segoe UI; color:#000000; ">bom </Text></Message><Message Date="06/03/2013" Time="15:25:52" DateTime="2013-03-06T18:25:52.547Z" SessionID="1"><From><User FriendlyName="Marisa Pires"/></From><To><User FriendlyName="Comercial l GRUPO GENESIS"/></To><Text Style="font-family:Segoe UI; color:#000000; ">como e o trabalho de vcs</Text></Message><Message Date="06/03/2013" Time="15:42:05" DateTime="2013-03-06T18:42:05.970Z" SessionID="1"><From><User FriendlyName="Comercial l GRUPO GENESIS"/></From><To><User FriendlyName="Marisa Pires"/></To><Text Style="font-family:Segoe UI; color:#000000; ">Para o vc entender melhor , nós temos uma campanha chamada Clube Estudantil e através desse clube os alunos terão mais vantagens de estudar em sua escola, além de aprender os cursos que você oferece, os alunos recebem um reforço escolar através de um portal exclusivo de nossa empresa, onde eles terão professores online em matemática e português, ou seja,adquirindo nossa campanha o vc recebe um portal totalmente gratuito livre de taxas e manutenções.</Text></Message><Message Date="06/03/2013" Time="15:47:41" DateTime="2013-03-06T18:47:41.072Z" SessionID="1"><From><User FriendlyName="Marisa Pires"/></From><To><User FriendlyName="Comercial l GRUPO GENESIS"/></To><Text Style="font-family:Segoe UI; color:#000000; ">hunmn</Text></Message><Message Date="06/03/2013" Time="15:47:51" DateTime="2013-03-06T18:47:51.940Z" SessionID="1"><From><User FriendlyName="Marisa Pires"/></From><To><User FriendlyName="Comercial l GRUPO GENESIS"/></To><Text Style="font-family:Segoe UI; color:#000000; ">e vcs passam nas escolas</Text></Message><Message Date="06/03/2013" Time="15:47:53" DateTime="2013-03-06T18:47:53.968Z" SessionID="1"><From><User FriendlyName="Marisa Pires"/></From><To><User FriendlyName="Comercial l GRUPO GENESIS"/></To><Text Style="font-family:Segoe UI; color:#000000; ">e tal</Text></Message><Message Date="06/03/2013" Time="15:48:10" DateTime="2013-03-06T18:48:10.722Z" SessionID="1"><From><User FriendlyName="Comercial l GRUPO GENESIS"/></From><To><User FriendlyName="Marisa Pires"/></To><Text Style="font-family:Segoe UI; color:#000000; ">Sim</Text></Message><Message Date="06/03/2013" Time="15:48:29" DateTime="2013-03-06T18:48:29.395Z" SessionID="1"><From><User FriendlyName="Comercial l GRUPO GENESIS"/></From><To><User FriendlyName="Marisa Pires"/></To><Text Style="font-family:Segoe UI; color:#000000; ">faz a divulgação com os alunos, importante lembrar que não entramos em sala de aula, não pegamos nome e nem telefone dos alunos, apenas reunimos alguns aleatoriamente em uma sala separada, explicamos os benefícios do Portal e da sua escola, entregamos um convite para identificar os beneficiados e convidamos todos a comparecerem no sábado com seus responsáveis para finalizar o credenciamento ao Projeto.</Text></Message><Message Date="06/03/2013" Time="15:48:36" DateTime="2013-03-06T18:48:36.462Z" SessionID="1"><From><User FriendlyName="Marisa Pires"/></From><To><User FriendlyName="Comercial l GRUPO GENESIS"/></To><Text Style="font-family:Segoe UI; color:#000000; ">e vcs viriamate minha cidade</Text></Message><Message Date="06/03/2013" Time="15:48:37" DateTime="2013-03-06T18:48:37.773Z" SessionID="1"><From><User FriendlyName="Marisa Pires"/></From><To><User FriendlyName="Comercial l GRUPO GENESIS"/></To><Text Style="font-family:Segoe UI; color:#000000; ">?</Text></Message><Message Date="06/03/2013" Time="15:48:45" DateTime="2013-03-06T18:48:45.604Z" SessionID="1"><From><User FriendlyName="Marisa Pires"/></From><To><User FriendlyName="Comercial l GRUPO GENESIS"/></To><Text Style="font-family:Segoe UI; color:#000000; ">paraí-rs</Text></Message><Message Date="06/03/2013" Time="15:50:10" DateTime="2013-03-06T18:50:10.885Z" SessionID="1"><From><User FriendlyName="Comercial l GRUPO GENESIS"/></From><To><User FriendlyName="Marisa Pires"/></To><Text Style="font-family:Segoe UI; color:#000000; ">Sim</Text></Message><Message Date="06/03/2013" Time="15:50:25" DateTime="2013-03-06T18:50:25.722Z" SessionID="1"><From><User FriendlyName="Marisa Pires"/></From><To><User FriendlyName="Comercial l GRUPO GENESIS"/></To><Text Style="font-family:Segoe UI; color:#000000; ">quais os custos que eu teria com isso</Text></Message><Message Date="06/03/2013" Time="15:50:27" DateTime="2013-03-06T18:50:27.831Z" SessionID="1"><From><User FriendlyName="Marisa Pires"/></From><To><User FriendlyName="Comercial l GRUPO GENESIS"/></To><Text Style="font-family:Segoe UI; color:#000000; ">?</Text></Message><Message Date="06/03/2013" Time="15:50:31" DateTime="2013-03-06T18:50:31.548Z" SessionID="1"><From><User FriendlyName="Marisa Pires"/></From><To><User FriendlyName="Comercial l GRUPO GENESIS"/></To><Text Style="font-family:Segoe UI; color:#000000; ">esta capatação</Text></Message><Message Date="06/03/2013" Time="15:52:29" DateTime="2013-03-06T18:52:29.903Z" SessionID="1"><From><User FriendlyName="Comercial l GRUPO GENESIS"/></From><To><User FriendlyName="Marisa Pires"/></To><Text Style="font-family:Segoe UI; color:#000000; ">Recebemos de cada aluno beneficiado o valor da 1ª parcela + R$ 25,00 de taxa administrativaque é cobrado do aluno , só entraram no projetos os alunos que pagarem todo esse valor , ou der  um sinal ou seja uma parte , não vamos ter matriculas NÃO PAGAS no dia  , e se o aluno der parte do valor o senhor tem 3 opções para cobrir esse valor a nossa empresa, tem a opção de cobrir em cheque até 3x sem juros, a opção á vista com um grande desconto , e a opção em cartão de crédito até 12 x sem juros.
Alguma duvida até o momento?
Para finalizar , precisamos de um apoio da sua escola para chegada do nosso gerente:
- Hospedagem 
- viagem ida e volta 
e material para campanha, o convite é impresso em sua escola (preto e branco)+ adesivo que já levamos pronto valor de R$0,25 centavos cada
</Text></Message><Message Date="06/03/2013" Time="15:53:36" DateTime="2013-03-06T18:53:36.703Z" SessionID="1"><From><User FriendlyName="Marisa Pires"/></From><To><User FriendlyName="Comercial l GRUPO GENESIS"/></To><Text Style="font-family:Segoe UI; color:#000000; ">hunmn</Text></Message><Message Date="06/03/2013" Time="15:53:41" DateTime="2013-03-06T18:53:41.255Z" SessionID="1"><From><User FriendlyName="Marisa Pires"/></From><To><User FriendlyName="Comercial l GRUPO GENESIS"/></To><Text Style="font-family:Segoe UI; color:#000000; ">estou entendendo </Text></Message><Message Date="06/03/2013" Time="15:53:51" DateTime="2013-03-06T18:53:51.083Z" SessionID="1"><From><User FriendlyName="Marisa Pires"/></From><To><User FriendlyName="Comercial l GRUPO GENESIS"/></To><Text Style="font-family:Segoe UI; color:#000000; ">ja fiz campanhas com uniao marketing </Text></Message><Message Date="06/03/2013" Time="15:54:14" DateTime="2013-03-06T18:54:14.186Z" SessionID="1"><From><User FriendlyName="Marisa Pires"/></From><To><User FriendlyName="Comercial l GRUPO GENESIS"/></To><Text Style="font-family:Segoe UI; color:#000000; ">vc tem alguma estimativa para kantidade de alunos</Text></Message><Message Date="06/03/2013" Time="15:54:16" DateTime="2013-03-06T18:54:16.515Z" SessionID="1"><From><User FriendlyName="Marisa Pires"/></From><To><User FriendlyName="Comercial l GRUPO GENESIS"/></To><Text Style="font-family:Segoe UI; color:#000000; ">?</Text></Message><Message Date="06/03/2013" Time="15:55:32" DateTime="2013-03-06T18:55:32.402Z" SessionID="1"><From><User FriendlyName="Comercial l GRUPO GENESIS"/></From><To><User FriendlyName="Marisa Pires"/></To><Text Style="font-family:Segoe UI; color:#000000; ">olha a não posso te dar garantias de quantidade,mais nosso trabalho sempre dá grandes resultados</Text></Message><Message Date="06/03/2013" Time="15:55:44" DateTime="2013-03-06T18:55:44.274Z" SessionID="1"><From><User FriendlyName="Comercial l GRUPO GENESIS"/></From><To><User FriendlyName="Marisa Pires"/></To><Text Style="font-family:Segoe UI; color:#000000; ">se quiser posso te passar referencias</Text></Message><Message Date="06/03/2013" Time="15:55:53" DateTime="2013-03-06T18:55:53.946Z" SessionID="1"><From><User FriendlyName="Marisa Pires"/></From><To><User FriendlyName="Comercial l GRUPO GENESIS"/></To><Text Style="font-family:Segoe UI; color:#000000; ">pode passar </Text></Message><Message Date="06/03/2013" Time="15:56:00" DateTime="2013-03-06T18:56:00.393Z" SessionID="1"><From><User FriendlyName="Marisa Pires"/></From><To><User FriendlyName="Comercial l GRUPO GENESIS"/></To><Text Style="font-family:Segoe UI; color:#000000; ">vc conhece minha cidade</Text></Message><Message Date="06/03/2013" Time="15:56:03" DateTime="2013-03-06T18:56:03.549Z" SessionID="1"><From><User FriendlyName="Marisa Pires"/></From><To><User FriendlyName="Comercial l GRUPO GENESIS"/></To><Text Style="font-family:Segoe UI; color:#000000; ">?</Text></Message><Message Date="06/03/2013" Time="15:57:22" DateTime="2013-03-06T18:57:22.047Z" SessionID="1"><From><User FriendlyName="Comercial l GRUPO GENESIS"/></From><To><User FriendlyName="Marisa Pires"/></To><Text Style="font-family:Segoe UI; color:#000000; ">parai</Text></Message><Message Date="06/03/2013" Time="15:57:32" DateTime="2013-03-06T18:57:32.021Z" SessionID="1"><From><User FriendlyName="Comercial l GRUPO GENESIS"/></From><To><User FriendlyName="Marisa Pires"/></To><Text Style="font-family:Segoe UI; color:#000000; ">fica em que estado?</Text></Message><Message Date="06/03/2013" Time="15:57:35" DateTime="2013-03-06T18:57:35.937Z" SessionID="1"><From><User FriendlyName="Marisa Pires"/></From><To><User FriendlyName="Comercial l GRUPO GENESIS"/></To><Text Style="font-family:Segoe UI; color:#000000; ">rs</Text></Message><Message Date="06/03/2013" Time="15:57:49" DateTime="2013-03-06T18:57:49.540Z" SessionID="1"><From><User FriendlyName="Marisa Pires"/></From><To><User FriendlyName="Comercial l GRUPO GENESIS"/></To><Text Style="font-family:Segoe UI; color:#000000; ">RS</Text></Message><Message Date="06/03/2013" Time="15:58:20" DateTime="2013-03-06T18:58:20.392Z" SessionID="1"><From><User FriendlyName="Comercial l GRUPO GENESIS"/></From><To><User FriendlyName="Marisa Pires"/></To><Text Style="font-family:Segoe UI; color:#000000; ">não temos cliente nessa regiao</Text></Message><Message Date="06/03/2013" Time="15:59:27" DateTime="2013-03-06T18:59:27.360Z" SessionID="1"><From><User FriendlyName="Marisa Pires"/></From><To><User FriendlyName="Comercial l GRUPO GENESIS"/></To><Text Style="font-family:Segoe UI; color:#000000; ">hunmn</Text></Message><Message Date="06/03/2013" Time="15:59:30" DateTime="2013-03-06T18:59:30.793Z" SessionID="1"><From><User FriendlyName="Marisa Pires"/></From><To><User FriendlyName="Comercial l GRUPO GENESIS"/></To><Text Style="font-family:Segoe UI; color:#000000; ">de onde vcs sao</Text></Message><Message Date="06/03/2013" Time="15:59:31" DateTime="2013-03-06T18:59:31.614Z" SessionID="1"><From><User FriendlyName="Marisa Pires"/></From><To><User FriendlyName="Comercial l GRUPO GENESIS"/></To><Text Style="font-family:Segoe UI; color:#000000; ">?</Text></Message><Message Date="06/03/2013" Time="15:59:45" DateTime="2013-03-06T18:59:45.025Z" SessionID="1"><From><User FriendlyName="Marisa Pires"/></From><To><User FriendlyName="Comercial l GRUPO GENESIS"/></To><Text Style="font-family:Segoe UI; color:#000000; ">peradao nao lembro se pesi a vcs</Text></Message><Message Date="06/03/2013" Time="15:59:48" DateTime="2013-03-06T18:59:48.711Z" SessionID="1"><From><User FriendlyName="Marisa Pires"/></From><To><User FriendlyName="Comercial l GRUPO GENESIS"/></To><Text Style="font-family:Segoe UI; color:#000000; ">pedi</Text></Message><Message Date="06/03/2013" Time="16:00:59" DateTime="2013-03-06T19:00:59.847Z" SessionID="1"><From><User FriendlyName="Comercial l GRUPO GENESIS"/></From><To><User FriendlyName="Marisa Pires"/></To><Text Style="font-family:Segoe UI; color:#000000; ">Nossa sede fica em Florianopolis</Text></Message><Message Date="06/03/2013" Time="16:01:23" DateTime="2013-03-06T19:01:23.466Z" SessionID="1"><From><User FriendlyName="Marisa Pires"/></From><To><User FriendlyName="Comercial l GRUPO GENESIS"/></To><Text Style="font-family:Segoe UI; color:#000000; ">hunmn</Text></Message><Message Date="06/03/2013" Time="16:01:33" DateTime="2013-03-06T19:01:33.347Z" SessionID="1"><From><User FriendlyName="Marisa Pires"/></From><To><User FriendlyName="Comercial l GRUPO GENESIS"/></To><Text Style="font-family:Segoe UI; color:#000000; ">e pra vc desloca </Text></Message><Message Date="06/03/2013" Time="16:01:36" DateTime="2013-03-06T19:01:36.393Z" SessionID="1"><From><User FriendlyName="Marisa Pires"/></From><To><User FriendlyName="Comercial l GRUPO GENESIS"/></To><Text Style="font-family:Segoe UI; color:#000000; ">alguem pra ca </Text></Message><Message Date="06/03/2013" Time="16:01:43" DateTime="2013-03-06T19:01:43.121Z" SessionID="1"><From><User FriendlyName="Marisa Pires"/></From><To><User FriendlyName="Comercial l GRUPO GENESIS"/></To><Text Style="font-family:Segoe UI; color:#000000; ">vc conseguiria </Text></Message><Message Date="06/03/2013" Time="16:01:44" DateTime="2013-03-06T19:01:44.893Z" SessionID="1"><From><User FriendlyName="Marisa Pires"/></From><To><User FriendlyName="Comercial l GRUPO GENESIS"/></To><Text Style="font-family:Segoe UI; color:#000000; ">pra lgo</Text></Message><Message Date="06/03/2013" Time="16:01:50" DateTime="2013-03-06T19:01:50.969Z" SessionID="1"><From><User FriendlyName="Marisa Pires"/></From><To><User FriendlyName="Comercial l GRUPO GENESIS"/></To><Text Style="font-family:Segoe UI; color:#000000; ">ou nao teria vaga</Text></Message><Message Date="06/03/2013" Time="16:04:33" DateTime="2013-03-06T19:04:33.737Z" SessionID="1"><From><User FriendlyName="Comercial l GRUPO GENESIS"/></From><To><User FriendlyName="Marisa Pires"/></To><Text Style="font-family:Segoe UI; color:#000000; ">sim,tenho</Text></Message><Message Date="06/03/2013" Time="16:11:45" DateTime="2013-03-06T19:11:45.683Z" SessionID="1"><From><User FriendlyName="Marisa Pires"/></From><To><User FriendlyName="Comercial l GRUPO GENESIS"/></To><Text Style="font-family:Segoe UI; color:#000000; ">ok</Text></Message><Message Date="06/03/2013" Time="16:12:11" DateTime="2013-03-06T19:12:11.197Z" SessionID="1"><From><User FriendlyName="Marisa Pires"/></From><To><User FriendlyName="Comercial l GRUPO GENESIS"/></To><Text Style="font-family:Segoe UI; color:#000000; ">e qual o custo de dslocamento </Text></Message><Message Date="06/03/2013" Time="16:12:29" DateTime="2013-03-06T19:12:29.483Z" SessionID="1"><From><User FriendlyName="Marisa Pires"/></From><To><User FriendlyName="Comercial l GRUPO GENESIS"/></To><Text Style="font-family:Segoe UI; color:#000000; ">(gasolin, etc)</Text></Message><Message Date="06/03/2013" Time="16:15:59" DateTime="2013-03-06T19:15:59.458Z" SessionID="1"><From><User FriendlyName="Comercial l GRUPO GENESIS"/></From><To><User FriendlyName="Marisa Pires"/></To><Text Style="font-family:Segoe UI; color:#000000; ">então</Text></Message><Message Date="06/03/2013" Time="16:16:11" DateTime="2013-03-06T19:16:11.628Z" SessionID="1"><From><User FriendlyName="Comercial l GRUPO GENESIS"/></From><To><User FriendlyName="Marisa Pires"/></To><Text Style="font-family:Segoe UI; color:#000000; ">o gerente vai de onibus até a sua cidade</Text></Message><Message Date="06/03/2013" Time="16:36:24" DateTime="2013-03-06T19:36:24.678Z" SessionID="1"><From><User FriendlyName="Marisa Pires"/></From><To><User FriendlyName="Comercial l GRUPO GENESIS"/></To><Text Style="font-family:Segoe UI; color:#000000; ">e vc nao teria ideia de valor </Text></Message><Message Date="06/03/2013" Time="16:36:26" DateTime="2013-03-06T19:36:26.421Z" SessionID="1"><From><User FriendlyName="Marisa Pires"/></From><To><User FriendlyName="Comercial l GRUPO GENESIS"/></To><Text Style="font-family:Segoe UI; color:#000000; ">e tal</Text></Message><Message Date="06/03/2013" Time="16:37:20" DateTime="2013-03-06T19:37:20.888Z" SessionID="1"><From><User FriendlyName="Comercial l GRUPO GENESIS"/></From><To><User FriendlyName="Marisa Pires"/></To><Text Style="font-family:Segoe UI; color:#000000; ">isso eu só compro na semana</Text></Message><Message Date="06/03/2013" Time="16:37:36" DateTime="2013-03-06T19:37:36.972Z" SessionID="1"><From><User FriendlyName="Comercial l GRUPO GENESIS"/></From><To><User FriendlyName="Marisa Pires"/></To><Text Style="font-family:Segoe UI; color:#000000; ">não tenho como ver e falar agora pq os valores podem ser alterados</Text></Message><Message Date="06/03/2013" Time="16:37:44" DateTime="2013-03-06T19:37:44.397Z" SessionID="1"><From><User FriendlyName="Marisa Pires"/></From><To><User FriendlyName="Comercial l GRUPO GENESIS"/></To><Text Style="font-family:Segoe UI; color:#000000; ">ok</Text></Message><Message Date="06/03/2013" Time="16:37:53" DateTime="2013-03-06T19:37:53.539Z" SessionID="1"><From><User FriendlyName="Marisa Pires"/></From><To><User FriendlyName="Comercial l GRUPO GENESIS"/></To><Text Style="font-family:Segoe UI; color:#000000; ">e vem so uma pessoa</Text></Message><Message Date="06/03/2013" Time="16:37:59" DateTime="2013-03-06T19:37:59.014Z" SessionID="1"><From><User FriendlyName="Comercial l GRUPO GENESIS"/></From><To><User FriendlyName="Marisa Pires"/></To><Text Style="font-family:Segoe UI; color:#000000; ">sim</Text></Message><Message Date="06/03/2013" Time="16:38:07" DateTime="2013-03-06T19:38:07.157Z" SessionID="1"><From><User FriendlyName="Marisa Pires"/></From><To><User FriendlyName="Comercial l GRUPO GENESIS"/></To><Text Style="font-family:Segoe UI; color:#000000; ">ok</Text></Message><Message Date="06/03/2013" Time="16:38:18" DateTime="2013-03-06T19:38:18.791Z" SessionID="1"><From><User FriendlyName="Marisa Pires"/></From><To><User FriendlyName="Comercial l GRUPO GENESIS"/></To><Text Style="font-family:Segoe UI; color:#000000; ">e o deslocamento entre as cidades</Text></Message><Message Date="06/03/2013" Time="16:38:31" DateTime="2013-03-06T19:38:31.589Z" SessionID="1"><From><User FriendlyName="Marisa Pires"/></From><To><User FriendlyName="Comercial l GRUPO GENESIS"/></To><Text Style="font-family:Segoe UI; color:#000000; ">aki como sera feito se ele vem de onibus</Text></Message><Message Date="06/03/2013" Time="16:38:51" DateTime="2013-03-06T19:38:51.604Z" SessionID="1"><From><User FriendlyName="Comercial l GRUPO GENESIS"/></From><To><User FriendlyName="Marisa Pires"/></To><Text Style="font-family:Segoe UI; color:#000000; ">ele visita as escolas da sua região,parai</Text></Message><Message Date="06/03/2013" Time="16:39:04" DateTime="2013-03-06T19:39:04.146Z" SessionID="1"><From><User FriendlyName="Marisa Pires"/></From><To><User FriendlyName="Comercial l GRUPO GENESIS"/></To><Text Style="font-family:Segoe UI; color:#000000; ">sim</Text></Message><Message Date="06/03/2013" Time="16:39:15" DateTime="2013-03-06T19:39:15.419Z" SessionID="1"><From><User FriendlyName="Marisa Pires"/></From><To><User FriendlyName="Comercial l GRUPO GENESIS"/></To><Text Style="font-family:Segoe UI; color:#000000; ">mas ai eu coloco o meu carro isso</Text></Message><Message Date="06/03/2013" Time="16:39:16" DateTime="2013-03-06T19:39:16.681Z" SessionID="1"><From><User FriendlyName="Marisa Pires"/></From><To><User FriendlyName="Comercial l GRUPO GENESIS"/></To><Text Style="font-family:Segoe UI; color:#000000; ">?</Text></Message><Message Date="06/03/2013" Time="16:41:22" DateTime="2013-03-06T19:41:22.987Z" SessionID="1"><From><User FriendlyName="Comercial l GRUPO GENESIS"/></From><To><User FriendlyName="Marisa Pires"/></To><Text Style="font-family:Segoe UI; color:#000000; ">ai o gerente precisa de alguem que acompanhe ele,não precisa ser exatamente vc,pode ser um axiliar ou outra pessoa</Text></Message><Message Date="06/03/2013" Time="16:41:53" DateTime="2013-03-06T19:41:53.064Z" SessionID="1"><From><User FriendlyName="Comercial l GRUPO GENESIS"/></From><To><User FriendlyName="Marisa Pires"/></To><Text Style="font-family:Segoe UI; color:#000000; ">até pra vc ver como é feito o trabalho e ver que nao vai ter nenhuma mentira envolvida,nem nada</Text></Message><Message Date="06/03/2013" Time="16:42:16" DateTime="2013-03-06T19:42:16.495Z" SessionID="1"><From><User FriendlyName="Marisa Pires"/></From><To><User FriendlyName="Comercial l GRUPO GENESIS"/></To><Text Style="font-family:Segoe UI; color:#000000; ">certo</Text></Message><Message Date="06/03/2013" Time="16:42:22" DateTime="2013-03-06T19:42:22.798Z" SessionID="1"><From><User FriendlyName="Marisa Pires"/></From><To><User FriendlyName="Comercial l GRUPO GENESIS"/></To><Text Style="font-family:Segoe UI; color:#000000; ">e</Text></Message><Message Date="06/03/2013" Time="16:42:31" DateTime="2013-03-06T19:42:31.424Z" SessionID="1"><From><User FriendlyName="Marisa Pires"/></From><To><User FriendlyName="Comercial l GRUPO GENESIS"/></To><Text Style="font-family:Segoe UI; color:#000000; ">ele precisa de hotel coisa</Text></Message><Message Date="06/03/2013" Time="16:42:39" DateTime="2013-03-06T19:42:39.287Z" SessionID="1"><From><User FriendlyName="Marisa Pires"/></From><To><User FriendlyName="Comercial l GRUPO GENESIS"/></To><Text Style="font-family:Segoe UI; color:#000000; ">assim pra ficar</Text></Message><Message Date="06/03/2013" Time="16:42:46" DateTime="2013-03-06T19:42:46.463Z" SessionID="1"><From><User FriendlyName="Marisa Pires"/></From><To><User FriendlyName="Comercial l GRUPO GENESIS"/></To><Text Style="font-family:Segoe UI; color:#000000; ">ou pode ser casa de familia</Text></Message><Message Date="06/03/2013" Time="16:44:13" DateTime="2013-03-06T19:44:13.511Z" SessionID="1"><From><User FriendlyName="Comercial l GRUPO GENESIS"/></From><To><User FriendlyName="Marisa Pires"/></To><Text Style="font-family:Segoe UI; color:#000000; ">- Hospedagem em um hotel singler</Text></Message><Message Date="06/03/2013" Time="16:49:43" DateTime="2013-03-06T19:49:43.223Z" SessionID="1"><From><User FriendlyName="Marisa Pires"/></From><To><User FriendlyName="Comercial l GRUPO GENESIS"/></To><Text Style="font-family:Segoe UI; color:#000000; ">OK</Text></Message><Message Date="06/03/2013" Time="16:49:54" DateTime="2013-03-06T19:49:54.782Z" SessionID="1"><From><User FriendlyName="Marisa Pires"/></From><To><User FriendlyName="Comercial l GRUPO GENESIS"/></To><Text Style="font-family:Segoe UI; color:#000000; ">E quantos dias de trab seriam</Text></Message><Message Date="06/03/2013" Time="16:50:22" DateTime="2013-03-06T19:50:22.864Z" SessionID="1"><From><User FriendlyName="Comercial l GRUPO GENESIS"/></From><To><User FriendlyName="Marisa Pires"/></To><Text Style="font-family:Segoe UI; color:#000000; ">ele chega ai na terça e finaliza o projeto no sabado</Text></Message><Message Date="06/03/2013" Time="16:51:28" DateTime="2013-03-06T19:51:28.274Z" SessionID="1"><From><User FriendlyName="Marisa Pires"/></From><To><User FriendlyName="Comercial l GRUPO GENESIS"/></To><Text Style="font-family:Segoe UI; color:#000000; ">ok</Text></Message><Message Date="06/03/2013" Time="16:51:35" DateTime="2013-03-06T19:51:35.981Z" SessionID="1"><From><User FriendlyName="Marisa Pires"/></From><To><User FriendlyName="Comercial l GRUPO GENESIS"/></To><Text Style="font-family:Segoe UI; color:#000000; ">e preciso te da um sim ate quando</Text></Message><Message Date="06/03/2013" Time="16:51:37" DateTime="2013-03-06T19:51:37.697Z" SessionID="1"><From><User FriendlyName="Marisa Pires"/></From><To><User FriendlyName="Comercial l GRUPO GENESIS"/></To><Text Style="font-family:Segoe UI; color:#000000; ">?</Text></Message><Message Date="06/03/2013" Time="16:54:15" DateTime="2013-03-06T19:54:15.039Z" SessionID="1"><From><User FriendlyName="Comercial l GRUPO GENESIS"/></From><To><User FriendlyName="Marisa Pires"/></To><Text Style="font-family:Segoe UI; color:#000000; ">sinal doque?</Text></Message><Message Date="06/03/2013" Time="16:54:52" DateTime="2013-03-06T19:54:52.324Z" SessionID="1"><From><User FriendlyName="Marisa Pires"/></From><To><User FriendlyName="Comercial l GRUPO GENESIS"/></To><Text Style="font-family:Segoe UI; color:#000000; ">um</Text></Message><Message Date="06/03/2013" Time="16:54:53" DateTime="2013-03-06T19:54:53.693Z" SessionID="1"><From><User FriendlyName="Marisa Pires"/></From><To><User FriendlyName="Comercial l GRUPO GENESIS"/></To><Text Style="font-family:Segoe UI; color:#000000; ">sim</Text></Message><Message Date="06/03/2013" Time="16:55:02" DateTime="2013-03-06T19:55:02.745Z" SessionID="1"><From><User FriendlyName="Marisa Pires"/></From><To><User FriendlyName="Comercial l GRUPO GENESIS"/></To><Text Style="font-family:Segoe UI; color:#000000; ">ate quando posso te da resposta </Text></Message><Message Date="06/03/2013" Time="16:55:07" DateTime="2013-03-06T19:55:07.457Z" SessionID="1"><From><User FriendlyName="Marisa Pires"/></From><To><User FriendlyName="Comercial l GRUPO GENESIS"/></To><Text Style="font-family:Segoe UI; color:#000000; ">se fechamos ou nao</Text></Message><Message Date="06/03/2013" Time="16:55:08" DateTime="2013-03-06T19:55:08.814Z" SessionID="1"><From><User FriendlyName="Marisa Pires"/></From><To><User FriendlyName="Comercial l GRUPO GENESIS"/></To><Text Style="font-family:Segoe UI; color:#000000; ">?</Text></Message><Message Date="06/03/2013" Time="16:55:18" DateTime="2013-03-06T19:55:18.169Z" SessionID="1"><From><User FriendlyName="Comercial l GRUPO GENESIS"/></From><To><User FriendlyName="Marisa Pires"/></To><Text Style="font-family:Segoe UI; color:#000000; ">olha quanto antes melhor</Text></Message><Message Date="06/03/2013" Time="16:55:34" DateTime="2013-03-06T19:55:34.385Z" SessionID="1"><From><User FriendlyName="Marisa Pires"/></From><To><User FriendlyName="Comercial l GRUPO GENESIS"/></To><Text Style="font-family:Segoe UI; color:#000000; ">ok</Text></Message><Message Date="06/03/2013" Time="16:55:51" DateTime="2013-03-06T19:55:51.202Z" SessionID="1"><From><User FriendlyName="Marisa Pires"/></From><To><User FriendlyName="Comercial l GRUPO GENESIS"/></To><Text Style="font-family:Segoe UI; color:#000000; ">irei reler nossa conversa e amanha conversamos novamente </Text></Message><Message Date="06/03/2013" Time="16:55:53" DateTime="2013-03-06T19:55:53.184Z" SessionID="1"><From><User FriendlyName="Marisa Pires"/></From><To><User FriendlyName="Comercial l GRUPO GENESIS"/></To><Text Style="font-family:Segoe UI; color:#000000; ">pode ser</Text></Message><Message Date="06/03/2013" Time="16:55:59" DateTime="2013-03-06T19:55:59.611Z" SessionID="1"><From><User FriendlyName="Comercial l GRUPO GENESIS"/></From><To><User FriendlyName="Marisa Pires"/></To><Text Style="font-family:Segoe UI; color:#000000; ">sim.</Text></Message><Message Date="06/03/2013" Time="16:56:12" DateTime="2013-03-06T19:56:12.340Z" SessionID="1"><From><User FriendlyName="Marisa Pires"/></From><To><User FriendlyName="Comercial l GRUPO GENESIS"/></To><Text Style="font-family:Segoe UI; color:#000000; ">muito obrigadopela atençãp</Text></Message><Message Date="06/03/2013" Time="16:56:25" DateTime="2013-03-06T19:56:25.992Z" SessionID="1"><From><User FriendlyName="Comercial l GRUPO GENESIS"/></From><To><User FriendlyName="Marisa Pires"/></To><Text Style="font-family:Segoe UI; color:#000000; ">eu que agradeço,um bom fim de tarde pra vc</Text></Message><Message Date="06/03/2013" Time="16:56:28" DateTime="2013-03-06T19:56:28.598Z" SessionID="1"><From><User FriendlyName="Comercial l GRUPO GENESIS"/></From><To><User FriendlyName="Marisa Pires"/></To><Text Style="font-family:Segoe UI; color:#000000; ">até mais</Text></Message><Message Date="06/03/2013" Time="16:56:44" DateTime="2013-03-06T19:56:44.291Z" SessionID="1"><From><User FriendlyName="Marisa Pires"/></From><To><User FriendlyName="Comercial l GRUPO GENESIS"/></To><Text Style="font-family:Segoe UI; color:#000000; ">pra vc tambem </Text></Message><Message Date="06/03/2013" Time="16:56:45" DateTime="2013-03-06T19:56:45.196Z" SessionID="1"><From><User FriendlyName="Marisa Pires"/></From><To><User FriendlyName="Comercial l GRUPO GENESIS"/></To><Text Style="font-family:Segoe UI; color:#000000; ">ate</Text></Message><Message Date="12/03/2013" Time="13:42:16" DateTime="2013-03-12T16:42:16.546Z" SessionID="2"><From><User FriendlyName="Comercial l GRUPO GENESIS"/></From><To><User FriendlyName="Marisa Pires"/></To><Text Style="font-family:Segoe UI; color:#000000; ">Boa Tarde</Text></Message><Message Date="12/03/2013" Time="13:42:20" DateTime="2013-03-12T16:42:20.196Z" SessionID="2"><From><User FriendlyName="Comercial l GRUPO GENESIS"/></From><To><User FriendlyName="Marisa Pires"/></To><Text Style="font-family:Segoe UI; color:#000000; ">tudo bem?</Text></Message><Message Date="12/03/2013" Time="13:42:42" DateTime="2013-03-12T16:42:42.956Z" SessionID="2"><From><User FriendlyName="Marisa Pires"/></From><To><User FriendlyName="Comercial l GRUPO GENESIS"/></To><Text Style="font-family:Segoe UI; color:#000000; ">boa tarde td bem</Text></Message><Message Date="12/03/2013" Time="13:44:28" DateTime="2013-03-12T16:44:28.763Z" SessionID="2"><From><User FriendlyName="Comercial l GRUPO GENESIS"/></From><To><User FriendlyName="Marisa Pires"/></To><Text Style="font-family:Segoe UI; color:#000000; ">que bom</Text></Message><Message Date="12/03/2013" Time="13:48:33" DateTime="2013-03-12T16:48:33.057Z" SessionID="2"><From><User FriendlyName="Comercial l GRUPO GENESIS"/></From><To><User FriendlyName="Marisa Pires"/></To><Text Style="font-family:Segoe UI; color:#000000; ">Marisa voce ficou de me dar uma posição,se ia agendar ou não</Text></Message><Message Date="12/03/2013" Time="13:48:42" DateTime="2013-03-12T16:48:42.697Z" SessionID="2"><From><User FriendlyName="Marisa Pires"/></From><To><User FriendlyName="Comercial l GRUPO GENESIS"/></To><Text Style="font-family:Segoe UI; color:#000000; ">a sim perdao</Text></Message><Message Date="12/03/2013" Time="13:48:50" DateTime="2013-03-12T16:48:50.809Z" SessionID="2"><From><User FriendlyName="Marisa Pires"/></From><To><User FriendlyName="Comercial l GRUPO GENESIS"/></To><Text Style="font-family:Segoe UI; color:#000000; ">sao tantos a fazeres k eskeci</Text></Message><Message Date="12/03/2013" Time="13:49:00" DateTime="2013-03-12T16:49:00.247Z" SessionID="2"><From><User FriendlyName="Marisa Pires"/></From><To><User FriendlyName="Comercial l GRUPO GENESIS"/></To><Text Style="font-family:Segoe UI; color:#000000; ">a principio fica ruim pra nos </Text></Message><Message Date="12/03/2013" Time="13:49:07" DateTime="2013-03-12T16:49:07.080Z" SessionID="2"><From><User FriendlyName="Marisa Pires"/></From><To><User FriendlyName="Comercial l GRUPO GENESIS"/></To><Text Style="font-family:Segoe UI; color:#000000; ">por nao termos hotel na cidade</Text></Message><Message Date="12/03/2013" Time="13:49:24" DateTime="2013-03-12T16:49:24.584Z" SessionID="2"><From><User FriendlyName="Marisa Pires"/></From><To><User FriendlyName="Comercial l GRUPO GENESIS"/></To><Text Style="font-family:Segoe UI; color:#000000; ">estao montando uma pousada k ficara pronta so para perto de final de ano</Text></Message><Message Date="12/03/2013" Time="13:49:30" DateTime="2013-03-12T16:49:30.044Z" SessionID="2"><From><User FriendlyName="Marisa Pires"/></From><To><User FriendlyName="Comercial l GRUPO GENESIS"/></To><Text Style="font-family:Segoe UI; color:#000000; ">e como seu representante</Text></Message><Message Date="12/03/2013" Time="13:49:35" DateTime="2013-03-12T16:49:35.550Z" SessionID="2"><From><User FriendlyName="Marisa Pires"/></From><To><User FriendlyName="Comercial l GRUPO GENESIS"/></To><Text Style="font-family:Segoe UI; color:#000000; ">nao vira de carro</Text></Message><Message Date="12/03/2013" Time="13:49:46" DateTime="2013-03-12T16:49:46.174Z" SessionID="2"><From><User FriendlyName="Marisa Pires"/></From><To><User FriendlyName="Comercial l GRUPO GENESIS"/></To><Text Style="font-family:Segoe UI; color:#000000; ">o hotel seria so na cidade visinha</Text></Message><Message Date="12/03/2013" Time="13:49:55" DateTime="2013-03-12T16:49:55.550Z" SessionID="2"><From><User FriendlyName="Marisa Pires"/></From><To><User FriendlyName="Comercial l GRUPO GENESIS"/></To><Text Style="font-family:Segoe UI; color:#000000; ">entao optamos por deixar para final de ano</Text></Message><Message Date="12/03/2013" Time="13:50:03" DateTime="2013-03-12T16:50:03.927Z" SessionID="2"><From><User FriendlyName="Marisa Pires"/></From><To><User FriendlyName="Comercial l GRUPO GENESIS"/></To><Text Style="font-family:Segoe UI; color:#000000; ">se pra vcs pode ser</Text></Message><Message Date="12/03/2013" Time="13:50:59" DateTime="2013-03-12T16:50:59.728Z" SessionID="2"><From><User FriendlyName="Comercial l GRUPO GENESIS"/></From><To><User FriendlyName="Marisa Pires"/></To><Text Style="font-family:Segoe UI; color:#000000; ">e fica muito longe uma cidade da outra?</Text></Message><Message Date="12/03/2013" Time="13:51:09" DateTime="2013-03-12T16:51:09.010Z" SessionID="2"><From><User FriendlyName="Marisa Pires"/></From><To><User FriendlyName="Comercial l GRUPO GENESIS"/></To><Text Style="font-family:Segoe UI; color:#000000; ">fica mais ou menos</Text></Message><Message Date="12/03/2013" Time="13:51:59" DateTime="2013-03-12T16:51:59.807Z" SessionID="2"><From><User FriendlyName="Comercial l GRUPO GENESIS"/></From><To><User FriendlyName="Marisa Pires"/></To><Text Style="font-family:Segoe UI; color:#000000; ">pq ele poderia pegar onibus</Text></Message><Message Date="12/03/2013" Time="13:52:06" DateTime="2013-03-12T16:52:06.687Z" SessionID="2"><From><User FriendlyName="Comercial l GRUPO GENESIS"/></From><To><User FriendlyName="Marisa Pires"/></To><Text Style="font-family:Segoe UI; color:#000000; ">ou algo assim</Text></Message><Message Date="12/03/2013" Time="13:52:42" DateTime="2013-03-12T16:52:42.505Z" SessionID="2"><From><User FriendlyName="Marisa Pires"/></From><To><User FriendlyName="Comercial l GRUPO GENESIS"/></To><Text Style="font-family:Segoe UI; color:#000000; ">pois porem nos horarios k ele sairia daki ja nao tem onibus</Text></Message><Message Date="12/03/2013" Time="13:52:45" DateTime="2013-03-12T16:52:45.937Z" SessionID="2"><From><User FriendlyName="Marisa Pires"/></From><To><User FriendlyName="Comercial l GRUPO GENESIS"/></To><Text Style="font-family:Segoe UI; color:#000000; ">pra cidade</Text></Message><Message Date="12/03/2013" Time="13:53:00" DateTime="2013-03-12T16:53:00.679Z" SessionID="2"><From><User FriendlyName="Marisa Pires"/></From><To><User FriendlyName="Comercial l GRUPO GENESIS"/></To><Text Style="font-family:Segoe UI; color:#000000; ">e ai eu to sozinha por enkanto aki</Text></Message><Message Date="12/03/2013" Time="13:53:07" DateTime="2013-03-12T16:53:07.605Z" SessionID="2"><From><User FriendlyName="Marisa Pires"/></From><To><User FriendlyName="Comercial l GRUPO GENESIS"/></To><Text Style="font-family:Segoe UI; color:#000000; ">e fica puxado pra mim</Text></Message><Message Date="12/03/2013" Time="13:54:24" DateTime="2013-03-12T16:54:24.600Z" SessionID="2"><From><User FriendlyName="Comercial l GRUPO GENESIS"/></From><To><User FriendlyName="Marisa Pires"/></To><Text Style="font-family:Segoe UI; color:#000000; ">Claro,eu entendo</Text></Message><Message Date="12/03/2013" Time="13:55:41" DateTime="2013-03-12T16:55:41.180Z" SessionID="2"><From><User FriendlyName="Comercial l GRUPO GENESIS"/></From><To><User FriendlyName="Marisa Pires"/></To><Text Style="font-family:Segoe UI; color:#000000; ">mais se voce ja quizer deixar uma data,mesmo fim de ano,para pegar começo de mes ou a data que for mais propicia para pagamento na sua cidade</Text></Message><Message Date="12/03/2013" Time="13:55:46" DateTime="2013-03-12T16:55:46.141Z" SessionID="2"><From><User FriendlyName="Comercial l GRUPO GENESIS"/></From><To><User FriendlyName="Marisa Pires"/></To><Text Style="font-family:Segoe UI; color:#000000; ">o momento é esse</Text></Message><Message Date="12/03/2013" Time="13:57:56" DateTime="2013-03-12T16:57:56.222Z" SessionID="2"><From><User FriendlyName="Marisa Pires"/></From><To><User FriendlyName="Comercial l GRUPO GENESIS"/></To><Text Style="font-family:Segoe UI; color:#000000; ">eu acho k te chamo perto da data e ai me organizo</Text></Message><Message Date="12/03/2013" Time="13:58:10" DateTime="2013-03-12T16:58:10.186Z" SessionID="2"><From><User FriendlyName="Marisa Pires"/></From><To><User FriendlyName="Comercial l GRUPO GENESIS"/></To><Text Style="font-family:Segoe UI; color:#000000; ">pk estou sozinha como disse se deixar muita coisa agendada</Text></Message><Message Date="12/03/2013" Time="13:58:27" DateTime="2013-03-12T16:58:27.639Z" SessionID="2"><From><User FriendlyName="Marisa Pires"/></From><To><User FriendlyName="Comercial l GRUPO GENESIS"/></To><Text Style="font-family:Segoe UI; color:#000000; ">e capaz de eu acaba me e perdendo</Text></Message><Message Date="12/03/2013" Time="13:58:34" DateTime="2013-03-12T16:58:34.268Z" SessionID="2"><From><User FriendlyName="Marisa Pires"/></From><To><User FriendlyName="Comercial l GRUPO GENESIS"/></To><Text Style="font-family:Segoe UI; color:#000000; ">deixamos assim por enkanto</Text></Message><Message Date="12/03/2013" Time="14:05:28" DateTime="2013-03-12T17:05:28.084Z" SessionID="2"><From><User FriendlyName="Comercial l GRUPO GENESIS"/></From><To><User FriendlyName="Marisa Pires"/></To><Text Style="font-family:Segoe UI; color:#000000; ">Sim,como você achar melhor.
é que estou no terceiro mes do ano e ja tenho agendamentos marcados até setembro
tem cliente que gosta de escolher as datas com antecedencia pra pegar as melhores </Text></Message><Message Date="12/03/2013" Time="14:05:57" DateTime="2013-03-12T17:05:57.241Z" SessionID="2"><From><User FriendlyName="Marisa Pires"/></From><To><User FriendlyName="Comercial l GRUPO GENESIS"/></To><Text Style="font-family:Segoe UI; color:#000000; ">sim entendo</Text></Message><Message Date="12/03/2013" Time="14:17:52" DateTime="2013-03-12T17:17:52.886Z" SessionID="2"><From><User FriendlyName="Marisa Pires"/></From><To><User FriendlyName="Comercial l GRUPO GENESIS"/></To><Text Style="font-family:Segoe UI; color:#000000; ">obrigado na mesma</Text></Message><Message Date="12/03/2013" Time="14:18:07" DateTime="2013-03-12T17:18:07.519Z" SessionID="2"><From><User FriendlyName="Comercial l GRUPO GENESIS"/></From><To><User FriendlyName="Marisa Pires"/></To><Text Style="font-family:Segoe UI; color:#000000; ">eu que agradeço</Text></Message><Message Date="12/03/2013" Time="14:18:16" DateTime="2013-03-12T17:18:16.988Z" SessionID="2"><From><User FriendlyName="Comercial l GRUPO GENESIS"/></From><To><User FriendlyName="Marisa Pires"/></To><Text Style="font-family:Segoe UI; color:#000000; ">e se precisar,estamos a disposição</Text></Message><Message Date="12/03/2013" Time="14:21:55" DateTime="2013-03-12T17:21:55.972Z" SessionID="2"><From><User FriendlyName="Marisa Pires"/></From><To><User FriendlyName="Comercial l GRUPO GENESIS"/></To><Text Style="font-family:Segoe UI; color:#000000; ">ok</Text></Message><Message Date="13/03/2013" Time="15:32:12" DateTime="2013-03-13T18:32:12.774Z" SessionID="3"><From><User FriendlyName="Comercial l GRUPO GENESIS"/></From><To><User FriendlyName="Marisa Pires"/></To><Text Style="font-family:Segoe UI; color:#000000; ">ooi</Text></Message><Message Date="13/03/2013" Time="15:32:26" DateTime="2013-03-13T18:32:26.738Z" SessionID="3"><From><User FriendlyName="Comercial l GRUPO GENESIS"/></From><To><User FriendlyName="Marisa Pires"/></To><Text Style="font-family:Segoe UI; color:#000000; ">pode me dar uma informação?</Text></Message><Message Date="13/03/2013" Time="15:46:33" DateTime="2013-03-13T18:46:33.567Z" SessionID="3"><From><User FriendlyName="Marisa Pires"/></From><To><User FriendlyName="Comercial l GRUPO GENESIS"/></To><Text Style="font-family:Segoe UI; color:#000000; ">oii</Text></Message><Message Date="13/03/2013" Time="15:46:43" DateTime="2013-03-13T18:46:43.991Z" SessionID="3"><From><User FriendlyName="Marisa Pires"/></From><To><User FriendlyName="Comercial l GRUPO GENESIS"/></To><Text Style="font-family:Segoe UI; color:#000000; ">sim posso</Text></Message><Message Date="13/03/2013" Time="15:48:11" DateTime="2013-03-13T18:48:11.578Z" SessionID="3"><From><User FriendlyName="Comercial l GRUPO GENESIS"/></From><To><User FriendlyName="Marisa Pires"/></To><Text Style="font-family:Segoe UI; color:#000000; ">qual o numero de telefone da escola?</Text></Message><Message Date="13/03/2013" Time="15:48:49" DateTime="2013-03-13T18:48:49.673Z" SessionID="3"><From><User FriendlyName="Marisa Pires"/></From><To><User FriendlyName="Comercial l GRUPO GENESIS"/></To><Text Style="font-family:Segoe UI; color:#000000; ">da minha escola</Text></Message><Message Date="13/03/2013" Time="15:48:52" DateTime="2013-03-13T18:48:52.731Z" SessionID="3"><From><User FriendlyName="Marisa Pires"/></From><To><User FriendlyName="Comercial l GRUPO GENESIS"/></To><Text Style="font-family:Segoe UI; color:#000000; ">?</Text></Message><Message Date="13/03/2013" Time="15:48:55" DateTime="2013-03-13T18:48:55.398Z" SessionID="3"><From><User FriendlyName="Comercial l GRUPO GENESIS"/></From><To><User FriendlyName="Marisa Pires"/></To><Text Style="font-family:Segoe UI; color:#000000; ">isso</Text></Message><Message Date="13/03/2013" Time="15:49:13" DateTime="2013-03-13T18:49:13.292Z" SessionID="3"><From><User FriendlyName="Marisa Pires"/></From><To><User FriendlyName="Comercial l GRUPO GENESIS"/></To><Text Style="font-family:Segoe UI; color:#000000; ">(54)3477 1707</Text></Message><Message Date="13/03/2013" Time="15:49:16" DateTime="2013-03-13T18:49:16.552Z" SessionID="3"><From><User FriendlyName="Marisa Pires"/></From><To><User FriendlyName="Comercial l GRUPO GENESIS"/></To><Text Style="font-family:Segoe UI; color:#000000; ">porr</Text></Message><Message Date="13/03/2013" Time="15:49:51" DateTime="2013-03-13T18:49:51.824Z" SessionID="3"><From><User FriendlyName="Comercial l GRUPO GENESIS"/></From><To><User FriendlyName="Marisa Pires"/></To><Text Style="font-family:Segoe UI; color:#000000; ">pq tenho uma lista com clientes e prospectos</Text></Message><Message Date="13/03/2013" Time="15:50:03" DateTime="2013-03-13T18:50:03.040Z" SessionID="3"><From><User FriendlyName="Comercial l GRUPO GENESIS"/></From><To><User FriendlyName="Marisa Pires"/></To><Text Style="font-family:Segoe UI; color:#000000; ">ai como ja tivemos contato vc tem que estar</Text></Message><Message Date="13/03/2013" Time="15:51:20" DateTime="2013-03-13T18:51:20.588Z" SessionID="3"><From><User FriendlyName="Marisa Pires"/></From><To><User FriendlyName="Comercial l GRUPO GENESIS"/></To><Text Style="font-family:Segoe UI; color:#000000; ">ok</Text></Message></Log>
