<?xml version="1.0"?>
<?xml-stylesheet type='text/xsl' href='MessageLog.xsl'?>
<Log FirstSessionID="1" LastSessionID="16"><Message Date="29/01/2013" Time="14:23:43" DateTime="2013-01-29T16:23:43.776Z" SessionID="1"><From><User FriendlyName="Comercial l GRUPO GENESIS"/></From><To><User FriendlyName="Tatiane marketingspeak@hotmail.com"/></To><Text Style="font-family:Segoe UI; color:#000000; ">ola</Text></Message><Message Date="29/01/2013" Time="14:23:49" DateTime="2013-01-29T16:23:49.068Z" SessionID="1"><From><User FriendlyName="Comercial l GRUPO GENESIS"/></From><To><User FriendlyName="Tatiane marketingspeak@hotmail.com"/></To><Text Style="font-family:Segoe UI; color:#000000; ">boa tarde</Text></Message><Message Date="30/01/2013" Time="13:58:14" DateTime="2013-01-30T15:58:14.588Z" SessionID="2"><From><User FriendlyName="Tatiane marketingspeak@hotmail.com"/></From><To><User FriendlyName="Comercial l GRUPO GENESIS"/></To><Text>boa tarde</Text></Message><Message Date="30/01/2013" Time="13:58:36" DateTime="2013-01-30T15:58:36.915Z" SessionID="2"><From><User FriendlyName="Tatiane marketingspeak@hotmail.com"/></From><To><User FriendlyName="Comercial l GRUPO GENESIS"/></To><Text>vcs falaram comigo ontem ? ja estou saindop do computador, mas deixe todas as mensagens que leio e respondo quando chegar,</Text></Message><Message Date="30/01/2013" Time="14:07:53" DateTime="2013-01-30T16:07:53.181Z" SessionID="2"><From><User FriendlyName="Comercial l GRUPO GENESIS"/></From><To><User FriendlyName="Tatiane marketingspeak@hotmail.com"/></To><Text Style="font-family:Segoe UI; color:#000000; ">Certo</Text></Message><Message Date="30/01/2013" Time="14:08:19" DateTime="2013-01-30T16:08:19.207Z" SessionID="2"><From><User FriendlyName="Comercial l GRUPO GENESIS"/></From><To><User FriendlyName="Tatiane marketingspeak@hotmail.com"/></To><Text Style="font-family:Segoe UI; color:#000000; ">Gostaria de saber se voce ja fez o agendamento pra uma campanha 2013?</Text></Message><Message Date="30/01/2013" Time="14:08:48" DateTime="2013-01-30T16:08:48.390Z" SessionID="2"><From><User FriendlyName="Tatiane marketingspeak@hotmail.com"/></From><To><User FriendlyName="Comercial l GRUPO GENESIS"/></To><Text>nao</Text></Message><Message Date="30/01/2013" Time="14:09:14" DateTime="2013-01-30T16:09:14.531Z" SessionID="2"><From><User FriendlyName="Tatiane marketingspeak@hotmail.com"/></From><To><User FriendlyName="Comercial l GRUPO GENESIS"/></To><Text>qual sua proposta? pode me enviar? tem um franqueado querendo fazer</Text></Message><Message Date="30/01/2013" Time="14:09:54" DateTime="2013-01-30T16:09:54.808Z" SessionID="2"><From><User FriendlyName="Comercial l GRUPO GENESIS"/></From><To><User FriendlyName="Tatiane marketingspeak@hotmail.com"/></To><Text Style="font-family:Segoe UI; color:#000000; ">sim,por email?</Text></Message><Message Date="30/01/2013" Time="14:10:02" DateTime="2013-01-30T16:10:02.158Z" SessionID="2"><From><User FriendlyName="Tatiane marketingspeak@hotmail.com"/></From><To><User FriendlyName="Comercial l GRUPO GENESIS"/></To><Text>sim</Text></Message><Message Date="30/01/2013" Time="14:10:11" DateTime="2013-01-30T16:10:11.756Z" SessionID="2"><From><User FriendlyName="Comercial l GRUPO GENESIS"/></From><To><User FriendlyName="Tatiane marketingspeak@hotmail.com"/></To><Text Style="font-family:Segoe UI; color:#000000; ">pode me passar?</Text></Message><Message Date="30/01/2013" Time="14:10:32" DateTime="2013-01-30T16:10:32.338Z" SessionID="2"><From><User FriendlyName="Tatiane marketingspeak@hotmail.com"/></From><To><User FriendlyName="Comercial l GRUPO GENESIS"/></To><Text>speak@speakidiomas.com.br</Text></Message><Message Date="30/01/2013" Time="14:10:59" DateTime="2013-01-30T16:10:59.925Z" SessionID="2"><From><User FriendlyName="Comercial l GRUPO GENESIS"/></From><To><User FriendlyName="Tatiane marketingspeak@hotmail.com"/></To><Text Style="font-family:Segoe UI; color:#000000; ">ja vou enviar 1 min</Text></Message><Message Date="30/01/2013" Time="14:25:28" DateTime="2013-01-30T16:25:28.995Z" SessionID="2"><From><User FriendlyName="Comercial l GRUPO GENESIS"/></From><To><User FriendlyName="Tatiane marketingspeak@hotmail.com"/></To><Text Style="font-family:Segoe UI; color:#000000; ">pronto tatiane,ja enviei</Text></Message><Message Date="30/01/2013" Time="16:30:33" DateTime="2013-01-30T18:30:33.879Z" SessionID="3"><From><User FriendlyName="Tatiane marketingspeak@hotmail.com"/></From><To><User FriendlyName="Comercial l GRUPO GENESIS"/></To><Text>thanks</Text></Message><Message Date="30/01/2013" Time="16:43:19" DateTime="2013-01-30T18:43:19.778Z" SessionID="3"><From><User FriendlyName="Comercial l GRUPO GENESIS"/></From><To><User FriendlyName="Tatiane marketingspeak@hotmail.com"/></To><Text Style="font-family:Segoe UI; color:#000000; ">ja leu?</Text></Message><Message Date="30/01/2013" Time="16:45:25" DateTime="2013-01-30T18:45:25.635Z" SessionID="3"><From><User FriendlyName="Tatiane marketingspeak@hotmail.com"/></From><To><User FriendlyName="Comercial l GRUPO GENESIS"/></To><Text>nao, só poderei analizar na sexta, dpode ser?</Text></Message><Message Date="30/01/2013" Time="16:46:44" DateTime="2013-01-30T18:46:44.888Z" SessionID="3"><From><User FriendlyName="Comercial l GRUPO GENESIS"/></From><To><User FriendlyName="Tatiane marketingspeak@hotmail.com"/></To><Text Style="font-family:Segoe UI; color:#000000; ">Sim,claro</Text></Message><Message Date="30/01/2013" Time="16:46:55" DateTime="2013-01-30T18:46:55.937Z" SessionID="3"><From><User FriendlyName="Comercial l GRUPO GENESIS"/></From><To><User FriendlyName="Tatiane marketingspeak@hotmail.com"/></To><Text Style="font-family:Segoe UI; color:#000000; ">como ficar melhor pra voce</Text></Message><Message Date="30/01/2013" Time="16:47:02" DateTime="2013-01-30T18:47:02.737Z" SessionID="3"><From><User FriendlyName="Tatiane marketingspeak@hotmail.com"/></From><To><User FriendlyName="Comercial l GRUPO GENESIS"/></To><Text>ok thxz</Text></Message><Message Date="31/01/2013" Time="14:55:05" DateTime="2013-01-31T16:55:05.740Z" SessionID="4"><From><User FriendlyName="Comercial l GRUPO GENESIS"/></From><To><User FriendlyName="Tatiane marketingspeak@hotmail.com"/></To><Text Style="font-family:Segoe UI; color:#000000; ">ola Tati</Text></Message><Message Date="31/01/2013" Time="14:55:09" DateTime="2013-01-31T16:55:09.070Z" SessionID="4"><From><User FriendlyName="Comercial l GRUPO GENESIS"/></From><To><User FriendlyName="Tatiane marketingspeak@hotmail.com"/></To><Text Style="font-family:Segoe UI; color:#000000; ">tudo bem?</Text></Message><Message Date="31/01/2013" Time="14:55:20" DateTime="2013-01-31T16:55:20.411Z" SessionID="4"><From><User FriendlyName="Comercial l GRUPO GENESIS"/></From><To><User FriendlyName="Tatiane marketingspeak@hotmail.com"/></To><Text Style="font-family:Segoe UI; color:#000000; ">ja leu o email que te mandei?</Text></Message><Message Date="31/01/2013" Time="14:56:13" DateTime="2013-01-31T16:56:13.424Z" SessionID="4"><From><User FriendlyName="Tatiane marketingspeak@hotmail.com"/></From><To><User FriendlyName="Comercial l GRUPO GENESIS"/></To><Text>ola, eu tinha comentado de ler na sexta lembra-se?</Text></Message><Message Date="31/01/2013" Time="14:59:20" DateTime="2013-01-31T16:59:20.401Z" SessionID="4"><From><User FriendlyName="Comercial l GRUPO GENESIS"/></From><To><User FriendlyName="Tatiane marketingspeak@hotmail.com"/></To><Text Style="font-family:Segoe UI; color:#000000; ">desculpa querida</Text></Message><Message Date="31/01/2013" Time="14:59:26" DateTime="2013-01-31T16:59:26.121Z" SessionID="4"><From><User FriendlyName="Comercial l GRUPO GENESIS"/></From><To><User FriendlyName="Tatiane marketingspeak@hotmail.com"/></To><Text Style="font-family:Segoe UI; color:#000000; ">tinha me esquecido</Text></Message><Message Date="31/01/2013" Time="14:59:28" DateTime="2013-01-31T16:59:28.881Z" SessionID="4"><From><User FriendlyName="Comercial l GRUPO GENESIS"/></From><To><User FriendlyName="Tatiane marketingspeak@hotmail.com"/></To><Text Style="font-family:Segoe UI; color:#000000; ">perdão</Text></Message><Message Date="08/02/2013" Time="11:42:18" DateTime="2013-02-08T13:42:18.368Z" SessionID="5"><From><User FriendlyName="Comercial l GRUPO GENESIS"/></From><To><User FriendlyName="Tatiane marketingspeak@hotmail.com"/></To><Text Style="font-family:Segoe UI; color:#000000; ">ola</Text></Message><Message Date="08/02/2013" Time="11:42:20" DateTime="2013-02-08T13:42:20.536Z" SessionID="5"><From><User FriendlyName="Comercial l GRUPO GENESIS"/></From><To><User FriendlyName="Tatiane marketingspeak@hotmail.com"/></To><Text Style="font-family:Segoe UI; color:#000000; ">bom dia</Text></Message><Message Date="13/02/2013" Time="10:45:00" DateTime="2013-02-13T13:45:00.515Z" SessionID="6"><From><User FriendlyName="Comercial l GRUPO GENESIS"/></From><To><User FriendlyName="Tatiane marketingspeak@hotmail.com"/></To><Text Style="font-family:Segoe UI; color:#000000; ">ola</Text></Message><Message Date="13/02/2013" Time="10:45:03" DateTime="2013-02-13T13:45:03.947Z" SessionID="6"><From><User FriendlyName="Comercial l GRUPO GENESIS"/></From><To><User FriendlyName="Tatiane marketingspeak@hotmail.com"/></To><Text Style="font-family:Segoe UI; color:#000000; ">bom dia</Text></Message><Message Date="21/02/2013" Time="09:05:35" DateTime="2013-02-21T12:05:35.727Z" SessionID="7"><From><User FriendlyName="Comercial l GRUPO GENESIS"/></From><To><User FriendlyName="Tatiane marketingspeak@hotmail.com"/></To><Text Style="font-family:Segoe UI; color:#000000; ">Ola </Text></Message><Message Date="21/02/2013" Time="09:05:38" DateTime="2013-02-21T12:05:38.379Z" SessionID="7"><From><User FriendlyName="Comercial l GRUPO GENESIS"/></From><To><User FriendlyName="Tatiane marketingspeak@hotmail.com"/></To><Text Style="font-family:Segoe UI; color:#000000; ">Bom dia</Text></Message><Message Date="14/03/2013" Time="09:43:42" DateTime="2013-03-14T12:43:42.796Z" SessionID="8"><From><User FriendlyName="Comercial l GRUPO GENESIS"/></From><To><User FriendlyName="Tatiane marketingspeak@hotmail.com"/></To><Text Style="font-family:Segoe UI; color:#000000; ">Oi</Text></Message><Message Date="14/03/2013" Time="09:43:50" DateTime="2013-03-14T12:43:50.533Z" SessionID="8"><From><User FriendlyName="Comercial l GRUPO GENESIS"/></From><To><User FriendlyName="Tatiane marketingspeak@hotmail.com"/></To><Text Style="font-family:Segoe UI; color:#000000; ">Bom dia</Text></Message><Message Date="15/03/2013" Time="10:35:30" DateTime="2013-03-15T13:35:30.992Z" SessionID="9"><From><User FriendlyName="Comercial l GRUPO GENESIS"/></From><To><User FriendlyName="Tatiane marketingspeak@hotmail.com"/></To><Text Style="font-family:Segoe UI; color:#000000; ">olaa</Text></Message><Message Date="15/03/2013" Time="10:36:14" DateTime="2013-03-15T13:36:14.888Z" SessionID="9"><From><User FriendlyName="Tatiane marketingspeak@hotmail.com"/></From><To><User FriendlyName="Comercial l GRUPO GENESIS"/></To><Text>olpá</Text></Message><Message Date="15/03/2013" Time="10:38:40" DateTime="2013-03-15T13:38:40.365Z" SessionID="9"><From><User FriendlyName="Comercial l GRUPO GENESIS"/></From><To><User FriendlyName="Tatiane marketingspeak@hotmail.com"/></To><Text Style="font-family:Segoe UI; color:#000000; ">tudo bem?</Text></Message><Message Date="15/03/2013" Time="10:40:05" DateTime="2013-03-15T13:40:05.298Z" SessionID="9"><From><User FriendlyName="Comercial l GRUPO GENESIS"/></From><To><User FriendlyName="Tatiane marketingspeak@hotmail.com"/></To><Text Style="font-family:Segoe UI; color:#000000; ">te passei um email a um tempo atras,sobre nosso projeto.
voce ficou de me dar uma posição e não deu</Text></Message><Message Date="15/03/2013" Time="10:49:55" DateTime="2013-03-15T13:49:55.229Z" SessionID="9"><From><User FriendlyName="Tatiane marketingspeak@hotmail.com"/></From><To><User FriendlyName="Comercial l GRUPO GENESIS"/></To><Text>VCS QUEREM QUE NÓS ABRIMOS AS ESCOLAS CERTO?</Text></Message><Message Date="15/03/2013" Time="10:51:07" DateTime="2013-03-15T13:51:07.485Z" SessionID="9"><From><User FriendlyName="Comercial l GRUPO GENESIS"/></From><To><User FriendlyName="Tatiane marketingspeak@hotmail.com"/></To><Text Style="font-family:Segoe UI; color:#000000; ">Nós só precisamos da garantia que não tem empedimento da secretaria da educação em entrar nas escola,pra chegar ai e fazer o trabalho..agente visita as escolas conversa</Text></Message><Message Date="15/03/2013" Time="10:51:22" DateTime="2013-03-15T13:51:22.073Z" SessionID="9"><From><User FriendlyName="Comercial l GRUPO GENESIS"/></From><To><User FriendlyName="Tatiane marketingspeak@hotmail.com"/></To><Text Style="font-family:Segoe UI; color:#000000; ">marca data pra fazer a divulgação</Text></Message><Message Date="15/03/2013" Time="10:53:10" DateTime="2013-03-15T13:53:10.920Z" SessionID="9"><From><User FriendlyName="Tatiane marketingspeak@hotmail.com"/></From><To><User FriendlyName="Comercial l GRUPO GENESIS"/></To><Text>IMPEDIMENTO EU NA OTENHOM, MAS DIZEM QUE NAO DA PRA FICAR ENTRANDO, POR ISSO TENOH DUVIDAS</Text></Message><Message Date="15/03/2013" Time="10:53:16" DateTime="2013-03-15T13:53:16.520Z" SessionID="9"><From><User FriendlyName="Tatiane marketingspeak@hotmail.com"/></From><To><User FriendlyName="Comercial l GRUPO GENESIS"/></To><Text>GOSTARIA SIM DE CHAMÁ-LOS</Text></Message><Message Date="15/03/2013" Time="10:53:27" DateTime="2013-03-15T13:53:27.912Z" SessionID="9"><From><User FriendlyName="Tatiane marketingspeak@hotmail.com"/></From><To><User FriendlyName="Comercial l GRUPO GENESIS"/></To><Text>MAS EU NAO QUERO FLAR COM OS DIRETORES PQ NAO SEI CMO</Text></Message><Message Date="15/03/2013" Time="10:56:28" DateTime="2013-03-15T13:56:28.670Z" SessionID="9"><From><User FriendlyName="Comercial l GRUPO GENESIS"/></From><To><User FriendlyName="Tatiane marketingspeak@hotmail.com"/></To><Text Style="font-family:Segoe UI; color:#000000; ">pq tem escolas que não podem ser abertas por causa da secretaria da educação</Text></Message><Message Date="15/03/2013" Time="10:56:38" DateTime="2013-03-15T13:56:38.742Z" SessionID="9"><From><User FriendlyName="Comercial l GRUPO GENESIS"/></From><To><User FriendlyName="Tatiane marketingspeak@hotmail.com"/></To><Text Style="font-family:Segoe UI; color:#000000; ">voce nunca fez trabalho em escolas?</Text></Message><Message Date="15/03/2013" Time="10:57:15" DateTime="2013-03-15T13:57:15.204Z" SessionID="9"><From><User FriendlyName="Tatiane marketingspeak@hotmail.com"/></From><To><User FriendlyName="Comercial l GRUPO GENESIS"/></To><Text>JA FIZ</Text></Message><Message Date="15/03/2013" Time="10:57:18" DateTime="2013-03-15T13:57:18.502Z" SessionID="9"><From><User FriendlyName="Tatiane marketingspeak@hotmail.com"/></From><To><User FriendlyName="Comercial l GRUPO GENESIS"/></To><Text>E CONSEGUIRM ABRIR</Text></Message><Message Date="15/03/2013" Time="10:57:23" DateTime="2013-03-15T13:57:23.052Z" SessionID="9"><From><User FriendlyName="Tatiane marketingspeak@hotmail.com"/></From><To><User FriendlyName="Comercial l GRUPO GENESIS"/></To><Text>OS DIVULGADORES FIZERAM ISSO</Text></Message><Message Date="15/03/2013" Time="10:58:08" DateTime="2013-03-15T13:58:08.371Z" SessionID="9"><From><User FriendlyName="Comercial l GRUPO GENESIS"/></From><To><User FriendlyName="Tatiane marketingspeak@hotmail.com"/></To><Text Style="font-family:Segoe UI; color:#000000; ">mais precisaram de carta de permisão?</Text></Message><Message Date="15/03/2013" Time="10:58:12" DateTime="2013-03-15T13:58:12.577Z" SessionID="9"><From><User FriendlyName="Comercial l GRUPO GENESIS"/></From><To><User FriendlyName="Tatiane marketingspeak@hotmail.com"/></To><Text Style="font-family:Segoe UI; color:#000000; ">algo assim?</Text></Message><Message Date="15/03/2013" Time="11:51:15" DateTime="2013-03-15T14:51:15.724Z" SessionID="9"><From><User FriendlyName="Comercial l GRUPO GENESIS"/></From><To><User FriendlyName="Tatiane marketingspeak@hotmail.com"/></To><Text Style="font-family:Segoe UI; color:#000000; ">???</Text></Message><Message Date="15/03/2013" Time="15:42:12" DateTime="2013-03-15T18:42:12.726Z" SessionID="9"><From><User FriendlyName="Tatiane marketingspeak@hotmail.com"/></From><To><User FriendlyName="Comercial l GRUPO GENESIS"/></To><Text>NAO PRECISARAM, SÓ FALARAM DIRETAMENTE COM O DIRETOR</Text></Message><Message Date="15/03/2013" Time="15:42:15" DateTime="2013-03-15T18:42:15.751Z" SessionID="9"><From><User FriendlyName="Tatiane marketingspeak@hotmail.com"/></From><To><User FriendlyName="Comercial l GRUPO GENESIS"/></To><Text>ALGUNS DEIXARAM OUTROS NAO</Text></Message><Message Date="15/03/2013" Time="15:42:36" DateTime="2013-03-15T18:42:36.276Z" SessionID="9"><From><User FriendlyName="Comercial l GRUPO GENESIS"/></From><To><User FriendlyName="Tatiane marketingspeak@hotmail.com"/></To><Text Style="font-family:Segoe UI; color:#000000; ">ENTÃO NÃO TEREMOS PROBLEMAS</Text></Message><Message Date="15/03/2013" Time="15:42:53" DateTime="2013-03-15T18:42:53.393Z" SessionID="9"><From><User FriendlyName="Tatiane marketingspeak@hotmail.com"/></From><To><User FriendlyName="Comercial l GRUPO GENESIS"/></To><Text>ENTAO VAMOS COMBINAR, PQ ESTOU PRECISANDO DE ALUNOS DE INFORMATICA</Text></Message><Message Date="15/03/2013" Time="15:43:03" DateTime="2013-03-15T18:43:03.080Z" SessionID="9"><From><User FriendlyName="Tatiane marketingspeak@hotmail.com"/></From><To><User FriendlyName="Comercial l GRUPO GENESIS"/></To><Text>TEM CMO PRATICAR QUAIS VALORES?</Text></Message><Message Date="15/03/2013" Time="15:43:06" DateTime="2013-03-15T18:43:06.341Z" SessionID="9"><From><User FriendlyName="Tatiane marketingspeak@hotmail.com"/></From><To><User FriendlyName="Comercial l GRUPO GENESIS"/></To><Text>NESSE PROJETO</Text></Message><Message Date="15/03/2013" Time="15:44:11" DateTime="2013-03-15T18:44:11.646Z" SessionID="9"><From><User FriendlyName="Comercial l GRUPO GENESIS"/></From><To><User FriendlyName="Tatiane marketingspeak@hotmail.com"/></To><Text Style="font-family:Segoe UI; color:#000000; ">esses valores variam dos pacotes oferecidos
se for basico éo minimo 49,90
mais pode ser um pouco mais alto
e os profissionalizantes tem o valor de 89,90 tbm variam</Text></Message><Message Date="15/03/2013" Time="15:45:29" DateTime="2013-03-15T18:45:29.025Z" SessionID="9"><From><User FriendlyName="Tatiane marketingspeak@hotmail.com"/></From><To><User FriendlyName="Comercial l GRUPO GENESIS"/></To><Text>AHH SIM, e deixa eu te fazer umas perguntas, eu pago 100% dos que se matricularem? tem alguma porcentagem de desconto para possiveis desistencias,? vcs permitem se matricularem sem o valor?</Text></Message><Message Date="15/03/2013" Time="15:47:56" DateTime="2013-03-15T18:47:56.112Z" SessionID="9"><From><User FriendlyName="Comercial l GRUPO GENESIS"/></From><To><User FriendlyName="Tatiane marketingspeak@hotmail.com"/></To><Text Style="font-family:Segoe UI; color:#000000; ">só entram no projeto os alunos que derem todo o valor ou der um sinal
não vamos ter matriculas não pagas no dia,pq sao as famosas maticulas ruins que não voltam
e se o aluno der parte do valor vc tem tres opçoes pra cobrir esse valor a nossa empresa
cheque em 3 vezes sem juros
a vista com um bom desconto
em cartão de credito em até 12 vezes sem juros</Text></Message><Message Date="15/03/2013" Time="15:52:02" DateTime="2013-03-15T18:52:02.584Z" SessionID="9"><From><User FriendlyName="Tatiane marketingspeak@hotmail.com"/></From><To><User FriendlyName="Comercial l GRUPO GENESIS"/></To><Text>ummm legal, la na proposta vc tem todas as expliccoes sobre hospedagem e valorres diversos q eu tenho que pagaR?</Text></Message><Message Date="15/03/2013" Time="15:52:09" DateTime="2013-03-15T18:52:09.801Z" SessionID="9"><From><User FriendlyName="Tatiane marketingspeak@hotmail.com"/></From><To><User FriendlyName="Comercial l GRUPO GENESIS"/></To><Text>pq tenho duas empresas pra fazer,</Text></Message><Message Date="15/03/2013" Time="15:52:15" DateTime="2013-03-15T18:52:15.000Z" SessionID="9"><From><User FriendlyName="Tatiane marketingspeak@hotmail.com"/></From><To><User FriendlyName="Comercial l GRUPO GENESIS"/></To><Text>em duas cidades</Text></Message><Message Date="15/03/2013" Time="15:53:03" DateTime="2013-03-15T18:53:03.209Z" SessionID="9"><From><User FriendlyName="Comercial l GRUPO GENESIS"/></From><To><User FriendlyName="Tatiane marketingspeak@hotmail.com"/></To><Text Style="font-family:Segoe UI; color:#000000; ">sim,esta tudo lá</Text></Message><Message Date="15/03/2013" Time="16:23:31" DateTime="2013-03-15T19:23:31.354Z" SessionID="9"><From><User FriendlyName="Comercial l GRUPO GENESIS"/></From><To><User FriendlyName="Tatiane marketingspeak@hotmail.com"/></To><Text Style="font-family:Segoe UI; color:#000000; ">Então..vc quer deixar uma data agendada?</Text></Message><Message Date="15/03/2013" Time="17:08:45" DateTime="2013-03-15T20:08:45.570Z" SessionID="9"><From><User FriendlyName="Tatiane marketingspeak@hotmail.com"/></From><To><User FriendlyName="Comercial l GRUPO GENESIS"/></To><Text>OK, VOU OLHAR COM BASTANTE CUIDADO E ENVIAR MSN PARA QUALQEUR DUVIDFA</Text></Message><Message Date="15/03/2013" Time="17:08:53" DateTime="2013-03-15T20:08:53.004Z" SessionID="9"><From><User FriendlyName="Tatiane marketingspeak@hotmail.com"/></From><To><User FriendlyName="Comercial l GRUPO GENESIS"/></To><Text>VAMOS AGENDAR SEMANA QUE VEM UMA DATA PODE SER?</Text></Message><Message Date="20/03/2013" Time="13:30:54" DateTime="2013-03-20T16:30:54.884Z" SessionID="10"><From><User FriendlyName="Comercial l GRUPO GENESIS"/></From><To><User FriendlyName="Tatiane marketingspeak@hotmail.com"/></To><Text Style="font-family:Segoe UI; color:#000000; ">Oi tati</Text></Message><Message Date="20/03/2013" Time="13:30:57" DateTime="2013-03-20T16:30:57.904Z" SessionID="10"><From><User FriendlyName="Comercial l GRUPO GENESIS"/></From><To><User FriendlyName="Tatiane marketingspeak@hotmail.com"/></To><Text Style="font-family:Segoe UI; color:#000000; ">tudo bem?</Text></Message><Message Date="20/03/2013" Time="14:27:45" DateTime="2013-03-20T17:27:45.406Z" SessionID="10"><From><User FriendlyName="Comercial l GRUPO GENESIS"/></From><To><User FriendlyName="Tatiane marketingspeak@hotmail.com"/></To><Text Style="font-family:Segoe UI; color:#000000; ">Oii</Text></Message><Message Date="20/03/2013" Time="16:24:18" DateTime="2013-03-20T19:24:18.070Z" SessionID="10"><From><User FriendlyName="Comercial l GRUPO GENESIS"/></From><To><User FriendlyName="Tatiane marketingspeak@hotmail.com"/></To><Text Style="font-family:Segoe UI; color:#000000; ">Oiii</Text></Message><Message Date="21/03/2013" Time="09:22:55" DateTime="2013-03-21T12:22:55.059Z" SessionID="11"><From><User FriendlyName="Comercial l GRUPO GENESIS"/></From><To><User FriendlyName="Tatiane marketingspeak@hotmail.com"/></To><Text Style="font-family:Segoe UI; color:#000000; ">Oi bom dia</Text></Message><Message Date="21/03/2013" Time="09:22:58" DateTime="2013-03-21T12:22:58.928Z" SessionID="11"><From><User FriendlyName="Comercial l GRUPO GENESIS"/></From><To><User FriendlyName="Tatiane marketingspeak@hotmail.com"/></To><Text Style="font-family:Segoe UI; color:#000000; ">tudo bem?</Text></Message><Message Date="21/03/2013" Time="10:10:08" DateTime="2013-03-21T13:10:08.444Z" SessionID="11"><From><User FriendlyName="Comercial l GRUPO GENESIS"/></From><To><User FriendlyName="Tatiane marketingspeak@hotmail.com"/></To><Text Style="font-family:Segoe UI; color:#000000; ">olaaa</Text></Message><Message Date="21/03/2013" Time="10:10:18" DateTime="2013-03-21T13:10:18.318Z" SessionID="11"><From><User FriendlyName="Comercial l GRUPO GENESIS"/></From><To><User FriendlyName="Tatiane marketingspeak@hotmail.com"/></To><Text Style="font-family:Segoe UI; color:#000000; ">podemos conversar?</Text></Message><Message Date="21/03/2013" Time="14:21:14" DateTime="2013-03-21T17:21:14.817Z" SessionID="11"><From><User FriendlyName="Comercial l GRUPO GENESIS"/></From><To><User FriendlyName="Tatiane marketingspeak@hotmail.com"/></To><Text Style="font-family:Segoe UI; color:#000000; ">Ola</Text></Message><Message Date="21/03/2013" Time="14:21:17" DateTime="2013-03-21T17:21:17.173Z" SessionID="11"><From><User FriendlyName="Comercial l GRUPO GENESIS"/></From><To><User FriendlyName="Tatiane marketingspeak@hotmail.com"/></To><Text Style="font-family:Segoe UI; color:#000000; ">boa tarde</Text></Message><Message Date="09/04/2013" Time="09:23:17" DateTime="2013-04-09T12:23:17.019Z" SessionID="12"><From><User FriendlyName="Comercial l GRUPO GENESIS"/></From><To><User FriendlyName="Tatiane marketingspeak@hotmail.com"/></To><Text Style="font-family:Segoe UI; color:#000000; ">Oi bom dia</Text></Message><Message Date="30/04/2013" Time="13:50:47" DateTime="2013-04-30T16:50:47.791Z" SessionID="13"><From><User FriendlyName="Comercial l GRUPO GENESIS"/></From><To><User FriendlyName="Tatiane marketingspeak@hotmail.com"/></To><Text Style="font-family:Segoe UI; color:#000000; ">Oi tatiane,boa tarde</Text></Message><Message Date="30/04/2013" Time="15:42:57" DateTime="2013-04-30T18:42:57.488Z" SessionID="14"><From><User FriendlyName="Tatiane marketingspeak@hotmail.com"/></From><To><User FriendlyName="Comercial l GRUPO GENESIS"/></To><Text>oi boa tarde,</Text></Message><Message Date="30/04/2013" Time="15:43:10" DateTime="2013-04-30T18:43:10.676Z" SessionID="14"><From><User FriendlyName="Comercial l GRUPO GENESIS"/></From><To><User FriendlyName="Tatiane marketingspeak@hotmail.com"/></To><Text Style="font-family:Segoe UI; color:#000000; ">tudo bem?</Text></Message><Message Date="30/04/2013" Time="15:43:15" DateTime="2013-04-30T18:43:15.933Z" SessionID="14"><From><User FriendlyName="Tatiane marketingspeak@hotmail.com"/></From><To><User FriendlyName="Comercial l GRUPO GENESIS"/></To><Text>td evcss</Text></Message><Message Date="30/04/2013" Time="15:43:54" DateTime="2013-04-30T18:43:54.115Z" SessionID="14"><From><User FriendlyName="Comercial l GRUPO GENESIS"/></From><To><User FriendlyName="Tatiane marketingspeak@hotmail.com"/></To><Text Style="font-family:Segoe UI; color:#000000; ">tudo bem</Text></Message><Message Date="30/04/2013" Time="15:44:36" DateTime="2013-04-30T18:44:36.197Z" SessionID="14"><From><User FriendlyName="Tatiane marketingspeak@hotmail.com"/></From><To><User FriendlyName="Comercial l GRUPO GENESIS"/></To><Text>e ai ja fizeram a captacao em Campo mourao</Text></Message><Message Date="30/04/2013" Time="15:44:45" DateTime="2013-04-30T18:44:45.228Z" SessionID="14"><From><User FriendlyName="Tatiane marketingspeak@hotmail.com"/></From><To><User FriendlyName="Comercial l GRUPO GENESIS"/></To><Text>?</Text></Message><Message Date="30/04/2013" Time="15:52:07" DateTime="2013-04-30T18:52:07.017Z" SessionID="14"><From><User FriendlyName="Tatiane marketingspeak@hotmail.com"/></From><To><User FriendlyName="Comercial l GRUPO GENESIS"/></To><Text>olá</Text></Message><Message Date="30/04/2013" Time="15:52:19" DateTime="2013-04-30T18:52:19.390Z" SessionID="14"><From><User FriendlyName="Tatiane marketingspeak@hotmail.com"/></From><To><User FriendlyName="Comercial l GRUPO GENESIS"/></To><Text>quero ver pra qdo poderiamos agendra em toledo</Text></Message><Message Date="30/04/2013" Time="15:56:08" DateTime="2013-04-30T18:56:08.568Z" SessionID="14"><From><User FriendlyName="Comercial l GRUPO GENESIS"/></From><To><User FriendlyName="Tatiane marketingspeak@hotmail.com"/></To><Text Style="font-family:Segoe UI; color:#000000; ">Sim,podemos agendar</Text></Message><Message Date="30/04/2013" Time="15:56:43" DateTime="2013-04-30T18:56:43.044Z" SessionID="14"><From><User FriendlyName="Tatiane marketingspeak@hotmail.com"/></From><To><User FriendlyName="Comercial l GRUPO GENESIS"/></To><Text>sobre campo murao vcs ja fizeram?</Text></Message><Message Date="30/04/2013" Time="15:57:02" DateTime="2013-04-30T18:57:02.573Z" SessionID="14"><From><User FriendlyName="Comercial l GRUPO GENESIS"/></From><To><User FriendlyName="Tatiane marketingspeak@hotmail.com"/></To><Text Style="font-family:Segoe UI; color:#000000; ">sim sim,semana passada</Text></Message><Message Date="30/04/2013" Time="16:09:03" DateTime="2013-04-30T19:09:03.377Z" SessionID="14"><From><User FriendlyName="Comercial l GRUPO GENESIS"/></From><To><User FriendlyName="Tatiane marketingspeak@hotmail.com"/></To><Text Style="font-family:Segoe UI; color:#000000; ">toledo podemos fazer</Text></Message><Message Date="30/04/2013" Time="16:21:27" DateTime="2013-04-30T19:21:27.181Z" SessionID="14"><From><User FriendlyName="Tatiane marketingspeak@hotmail.com"/></From><To><User FriendlyName="Comercial l GRUPO GENESIS"/></To><Text>ok, e qtos resultados deu cm</Text></Message><Message Date="02/05/2013" Time="13:55:18" DateTime="2013-05-02T16:55:18.947Z" SessionID="15"><From><User FriendlyName="Comercial l GRUPO GENESIS"/></From><To><User FriendlyName="Tatiane marketingspeak@hotmail.com"/></To><Text Style="font-family:Segoe UI; color:#000000; ">oi boa tarde</Text></Message><Message Date="02/05/2013" Time="15:27:45" DateTime="2013-05-02T18:27:45.278Z" SessionID="15"><From><User FriendlyName="Tatiane marketingspeak@hotmail.com"/></From><To><User FriendlyName="Comercial l GRUPO GENESIS"/></To><Text>oi boa tarde</Text></Message><Message Date="02/05/2013" Time="15:27:57" DateTime="2013-05-02T18:27:57.903Z" SessionID="15"><From><User FriendlyName="Tatiane marketingspeak@hotmail.com"/></From><To><User FriendlyName="Comercial l GRUPO GENESIS"/></To><Text>qdo vcs tem disponivel para vir</Text></Message><Message Date="02/05/2013" Time="15:28:27" DateTime="2013-05-02T18:28:27.527Z" SessionID="15"><From><User FriendlyName="Tatiane marketingspeak@hotmail.com"/></From><To><User FriendlyName="Comercial l GRUPO GENESIS"/></To><Text>para toledo</Text></Message><Message Date="02/05/2013" Time="15:29:15" DateTime="2013-05-02T18:29:15.281Z" SessionID="15"><From><User FriendlyName="Comercial l GRUPO GENESIS"/></From><To><User FriendlyName="Tatiane marketingspeak@hotmail.com"/></To><Text Style="font-family:Segoe UI; color:#000000; ">a data mais proxima é 17 a 22 de Junho</Text></Message><Message Date="02/05/2013" Time="15:31:25" DateTime="2013-05-02T18:31:25.161Z" SessionID="15"><From><User FriendlyName="Tatiane marketingspeak@hotmail.com"/></From><To><User FriendlyName="Comercial l GRUPO GENESIS"/></To><Text>minha nossa,</Text></Message><Message Date="02/05/2013" Time="15:32:35" DateTime="2013-05-02T18:32:35.149Z" SessionID="15"><From><User FriendlyName="Comercial l GRUPO GENESIS"/></From><To><User FriendlyName="Tatiane marketingspeak@hotmail.com"/></To><Text Style="font-family:Segoe UI; color:#000000; ">oque?</Text></Message><Message Date="02/05/2013" Time="15:33:00" DateTime="2013-05-02T18:33:00.156Z" SessionID="15"><From><User FriendlyName="Tatiane marketingspeak@hotmail.com"/></From><To><User FriendlyName="Comercial l GRUPO GENESIS"/></To><Text>o duro é q é bem antes das ferias</Text></Message><Message Date="02/05/2013" Time="15:33:07" DateTime="2013-05-02T18:33:07.901Z" SessionID="15"><From><User FriendlyName="Tatiane marketingspeak@hotmail.com"/></From><To><User FriendlyName="Comercial l GRUPO GENESIS"/></To><Text>acho que teriamos que fazer logo que voltassem as aulas entao</Text></Message><Message Date="02/05/2013" Time="15:33:09" DateTime="2013-05-02T18:33:09.608Z" SessionID="15"><From><User FriendlyName="Tatiane marketingspeak@hotmail.com"/></From><To><User FriendlyName="Comercial l GRUPO GENESIS"/></To><Text> o q acha?</Text></Message><Message Date="02/05/2013" Time="15:33:43" DateTime="2013-05-02T18:33:43.860Z" SessionID="15"><From><User FriendlyName="Comercial l GRUPO GENESIS"/></From><To><User FriendlyName="Tatiane marketingspeak@hotmail.com"/></To><Text Style="font-family:Segoe UI; color:#000000; ">depois de agosto?</Text></Message><Message Date="02/05/2013" Time="15:35:29" DateTime="2013-05-02T18:35:29.199Z" SessionID="15"><From><User FriendlyName="Tatiane marketingspeak@hotmail.com"/></From><To><User FriendlyName="Comercial l GRUPO GENESIS"/></To><Text>é</Text></Message><Message Date="02/05/2013" Time="15:35:34" DateTime="2013-05-02T18:35:34.549Z" SessionID="15"><From><User FriendlyName="Tatiane marketingspeak@hotmail.com"/></From><To><User FriendlyName="Comercial l GRUPO GENESIS"/></To><Text>pra meio logo vc nao teria?</Text></Message><Message Date="02/05/2013" Time="15:36:20" DateTime="2013-05-02T18:36:20.367Z" SessionID="15"><From><User FriendlyName="Comercial l GRUPO GENESIS"/></From><To><User FriendlyName="Tatiane marketingspeak@hotmail.com"/></To><Text Style="font-family:Segoe UI; color:#000000; ">a mais proxima é essa que te passei</Text></Message><Message Date="02/05/2013" Time="15:36:48" DateTime="2013-05-02T18:36:48.177Z" SessionID="15"><From><User FriendlyName="Comercial l GRUPO GENESIS"/></From><To><User FriendlyName="Tatiane marketingspeak@hotmail.com"/></To><Text Style="font-family:Segoe UI; color:#000000; ">e pra agosto tenho em 26 a 31 de agosto</Text></Message><Message Date="02/05/2013" Time="15:36:55" DateTime="2013-05-02T18:36:55.650Z" SessionID="15"><From><User FriendlyName="Comercial l GRUPO GENESIS"/></From><To><User FriendlyName="Tatiane marketingspeak@hotmail.com"/></To><Text Style="font-family:Segoe UI; color:#000000; ">ou começo de setembro</Text></Message><Message Date="02/05/2013" Time="15:38:19" DateTime="2013-05-02T18:38:19.968Z" SessionID="15"><From><User FriendlyName="Comercial l GRUPO GENESIS"/></From><To><User FriendlyName="Tatiane marketingspeak@hotmail.com"/></To><Text Style="font-family:Segoe UI; color:#000000; ">01 a 06 de JULHO</Text></Message><Message Date="02/05/2013" Time="15:39:21" DateTime="2013-05-02T18:39:21.681Z" SessionID="15"><From><User FriendlyName="Tatiane marketingspeak@hotmail.com"/></From><To><User FriendlyName="Comercial l GRUPO GENESIS"/></To><Text>vc sabe que dia voltam as aulas nas escolas?</Text></Message><Message Date="02/05/2013" Time="15:40:46" DateTime="2013-05-02T18:40:46.746Z" SessionID="15"><From><User FriendlyName="Comercial l GRUPO GENESIS"/></From><To><User FriendlyName="Tatiane marketingspeak@hotmail.com"/></To><Text Style="font-family:Segoe UI; color:#000000; ">agente não faz campanha nas ultimas duas semanas de Julho,que sao as ferias e voltamos começo de agosto</Text></Message><Message Date="02/05/2013" Time="15:41:28" DateTime="2013-05-02T18:41:28.133Z" SessionID="15"><From><User FriendlyName="Tatiane marketingspeak@hotmail.com"/></From><To><User FriendlyName="Comercial l GRUPO GENESIS"/></To><Text>entao as aulas voltam em inicio de agosto?</Text></Message><Message Date="02/05/2013" Time="15:41:30" DateTime="2013-05-02T18:41:30.644Z" SessionID="15"><From><User FriendlyName="Tatiane marketingspeak@hotmail.com"/></From><To><User FriendlyName="Comercial l GRUPO GENESIS"/></To><Text>seria isso?</Text></Message><Message Date="02/05/2013" Time="15:41:33" DateTime="2013-05-02T18:41:33.967Z" SessionID="15"><From><User FriendlyName="Comercial l GRUPO GENESIS"/></From><To><User FriendlyName="Tatiane marketingspeak@hotmail.com"/></To><Text Style="font-family:Segoe UI; color:#000000; ">isso</Text></Message><Message Date="02/05/2013" Time="15:41:41" DateTime="2013-05-02T18:41:41.003Z" SessionID="15"><From><User FriendlyName="Tatiane marketingspeak@hotmail.com"/></From><To><User FriendlyName="Comercial l GRUPO GENESIS"/></To><Text>entao poide agendar para mim??</Text></Message><Message Date="02/05/2013" Time="15:41:52" DateTime="2013-05-02T18:41:52.578Z" SessionID="15"><From><User FriendlyName="Tatiane marketingspeak@hotmail.com"/></From><To><User FriendlyName="Comercial l GRUPO GENESIS"/></To><Text>espera ai deixa eu pensar</Text></Message><Message Date="02/05/2013" Time="15:42:13" DateTime="2013-05-02T18:42:13.433Z" SessionID="15"><From><User FriendlyName="Comercial l GRUPO GENESIS"/></From><To><User FriendlyName="Tatiane marketingspeak@hotmail.com"/></To><Text Style="font-family:Segoe UI; color:#000000; ">oque</Text></Message><Message Date="02/05/2013" Time="15:42:24" DateTime="2013-05-02T18:42:24.899Z" SessionID="15"><From><User FriendlyName="Tatiane marketingspeak@hotmail.com"/></From><To><User FriendlyName="Comercial l GRUPO GENESIS"/></To><Text>acho melhor depois das ferias mesmo</Text></Message><Message Date="02/05/2013" Time="15:42:48" DateTime="2013-05-02T18:42:48.781Z" SessionID="15"><From><User FriendlyName="Comercial l GRUPO GENESIS"/></From><To><User FriendlyName="Tatiane marketingspeak@hotmail.com"/></To><Text Style="font-family:Segoe UI; color:#000000; ">como voce preferir</Text></Message><Message Date="02/05/2013" Time="15:43:32" DateTime="2013-05-02T18:43:32.274Z" SessionID="15"><From><User FriendlyName="Comercial l GRUPO GENESIS"/></From><To><User FriendlyName="Tatiane marketingspeak@hotmail.com"/></To><Text Style="font-family:Segoe UI; color:#000000; ">qual data?</Text></Message><Message Date="02/05/2013" Time="15:44:17" DateTime="2013-05-02T18:44:17.920Z" SessionID="15"><From><User FriendlyName="Tatiane marketingspeak@hotmail.com"/></From><To><User FriendlyName="Comercial l GRUPO GENESIS"/></To><Text>inicio de agosto mesmo</Text></Message><Message Date="02/05/2013" Time="15:44:36" DateTime="2013-05-02T18:44:36.484Z" SessionID="15"><From><User FriendlyName="Tatiane marketingspeak@hotmail.com"/></From><To><User FriendlyName="Comercial l GRUPO GENESIS"/></To><Text>pode agendar. se possivel me ligue uns dias antes pra confirmar que deu tudo certo</Text></Message><Message Date="02/05/2013" Time="15:44:49" DateTime="2013-05-02T18:44:49.728Z" SessionID="15"><From><User FriendlyName="Comercial l GRUPO GENESIS"/></From><To><User FriendlyName="Tatiane marketingspeak@hotmail.com"/></To><Text Style="font-family:Segoe UI; color:#000000; ">mais agosto so tenho a data q passei</Text></Message><Message Date="02/05/2013" Time="15:44:56" DateTime="2013-05-02T18:44:56.608Z" SessionID="15"><From><User FriendlyName="Tatiane marketingspeak@hotmail.com"/></From><To><User FriendlyName="Comercial l GRUPO GENESIS"/></To><Text>é dfe 5 a9?</Text></Message><Message Date="02/05/2013" Time="15:45:47" DateTime="2013-05-02T18:45:47.043Z" SessionID="15"><From><User FriendlyName="Comercial l GRUPO GENESIS"/></From><To><User FriendlyName="Tatiane marketingspeak@hotmail.com"/></To><Text Style="font-family:Segoe UI; color:#000000; ">e pra agosto tenho em 26 a 31 de agosto
minha agenda ja esta super lotada
ou na primeira semana de setembro</Text></Message><Message Date="02/05/2013" Time="15:46:27" DateTime="2013-05-02T18:46:27.712Z" SessionID="15"><From><User FriendlyName="Tatiane marketingspeak@hotmail.com"/></From><To><User FriendlyName="Comercial l GRUPO GENESIS"/></To><Text>puxa vida, nao tem ninguem disponivel pra antes? como conseguiram horario tao perto pra o pessoal de Cm</Text></Message><Message Date="02/05/2013" Time="15:46:28" DateTime="2013-05-02T18:46:28.414Z" SessionID="15"><From><User FriendlyName="Tatiane marketingspeak@hotmail.com"/></From><To><User FriendlyName="Comercial l GRUPO GENESIS"/></To><Text>?</Text></Message><Message Date="02/05/2013" Time="15:47:50" DateTime="2013-05-02T18:47:50.065Z" SessionID="15"><From><User FriendlyName="Comercial l GRUPO GENESIS"/></From><To><User FriendlyName="Tatiane marketingspeak@hotmail.com"/></To><Text Style="font-family:Segoe UI; color:#000000; ">eu tenho aquelas datas antes em junho julho
mais agosto só tenho aquelas</Text></Message><Message Date="02/05/2013" Time="15:52:05" DateTime="2013-05-02T18:52:05.304Z" SessionID="15"><From><User FriendlyName="Comercial l GRUPO GENESIS"/></From><To><User FriendlyName="Tatiane marketingspeak@hotmail.com"/></To><Text Style="font-family:Segoe UI; color:#000000; ">entao?</Text></Message><Message Date="02/05/2013" Time="15:52:30" DateTime="2013-05-02T18:52:30.841Z" SessionID="15"><From><User FriendlyName="Tatiane marketingspeak@hotmail.com"/></From><To><User FriendlyName="Comercial l GRUPO GENESIS"/></To><Text>pensando</Text></Message><Message Date="02/05/2013" Time="15:53:11" DateTime="2013-05-02T18:53:11.775Z" SessionID="15"><From><User FriendlyName="Tatiane marketingspeak@hotmail.com"/></From><To><User FriendlyName="Comercial l GRUPO GENESIS"/></To><Text>bom vamos fazer assim: vamos agendar para agosto de 26 a 31 entao, mas se alguem desistir vc me avisa pode ser?</Text></Message><Message Date="02/05/2013" Time="15:53:19" DateTime="2013-05-02T18:53:19.419Z" SessionID="15"><From><User FriendlyName="Tatiane marketingspeak@hotmail.com"/></From><To><User FriendlyName="Comercial l GRUPO GENESIS"/></To><Text>vcs sao de santa catarina né?</Text></Message><Message Date="02/05/2013" Time="15:53:23" DateTime="2013-05-02T18:53:23.803Z" SessionID="15"><From><User FriendlyName="Comercial l GRUPO GENESIS"/></From><To><User FriendlyName="Tatiane marketingspeak@hotmail.com"/></To><Text Style="font-family:Segoe UI; color:#000000; ">02 a 07 de setembro tbm
</Text></Message><Message Date="02/05/2013" Time="15:53:42" DateTime="2013-05-02T18:53:42.773Z" SessionID="15"><From><User FriendlyName="Tatiane marketingspeak@hotmail.com"/></From><To><User FriendlyName="Comercial l GRUPO GENESIS"/></To><Text>hummm entao melhor de 2 a 7 por causa dos recebiments</Text></Message><Message Date="02/05/2013" Time="15:54:12" DateTime="2013-05-02T18:54:12.909Z" SessionID="15"><From><User FriendlyName="Tatiane marketingspeak@hotmail.com"/></From><To><User FriendlyName="Comercial l GRUPO GENESIS"/></To><Text>vc acha que existe a possibilidade de alguem desistir do horario pra antes?</Text></Message><Message Date="02/05/2013" Time="15:54:23" DateTime="2013-05-02T18:54:23.720Z" SessionID="15"><From><User FriendlyName="Tatiane marketingspeak@hotmail.com"/></From><To><User FriendlyName="Comercial l GRUPO GENESIS"/></To><Text>e vc poder me encaixar?</Text></Message><Message Date="02/05/2013" Time="15:54:37" DateTime="2013-05-02T18:54:37.510Z" SessionID="15"><From><User FriendlyName="Comercial l GRUPO GENESIS"/></From><To><User FriendlyName="Tatiane marketingspeak@hotmail.com"/></To><Text Style="font-family:Segoe UI; color:#000000; ">sim,acontece.
e adianto quem quer</Text></Message><Message Date="02/05/2013" Time="15:54:54" DateTime="2013-05-02T18:54:54.415Z" SessionID="15"><From><User FriendlyName="Comercial l GRUPO GENESIS"/></From><To><User FriendlyName="Tatiane marketingspeak@hotmail.com"/></To><Text Style="font-family:Segoe UI; color:#000000; ">vou te colocar nessa data entao</Text></Message><Message Date="02/05/2013" Time="15:54:59" DateTime="2013-05-02T18:54:59.736Z" SessionID="15"><From><User FriendlyName="Tatiane marketingspeak@hotmail.com"/></From><To><User FriendlyName="Comercial l GRUPO GENESIS"/></To><Text>tem alguem na fila de espera pra esse horario de antes (npo caso de desistencia?)</Text></Message><Message Date="02/05/2013" Time="15:55:14" DateTime="2013-05-02T18:55:14.772Z" SessionID="15"><From><User FriendlyName="Comercial l GRUPO GENESIS"/></From><To><User FriendlyName="Tatiane marketingspeak@hotmail.com"/></To><Text Style="font-family:Segoe UI; color:#000000; ">não não</Text></Message><Message Date="02/05/2013" Time="15:55:20" DateTime="2013-05-02T18:55:20.326Z" SessionID="15"><From><User FriendlyName="Tatiane marketingspeak@hotmail.com"/></From><To><User FriendlyName="Comercial l GRUPO GENESIS"/></To><Text>entao pode me colocar?</Text></Message><Message Date="02/05/2013" Time="15:55:28" DateTime="2013-05-02T18:55:28.563Z" SessionID="15"><From><User FriendlyName="Tatiane marketingspeak@hotmail.com"/></From><To><User FriendlyName="Comercial l GRUPO GENESIS"/></To><Text>na fila de espera?</Text></Message><Message Date="02/05/2013" Time="15:55:34" DateTime="2013-05-02T18:55:34.787Z" SessionID="15"><From><User FriendlyName="Tatiane marketingspeak@hotmail.com"/></From><To><User FriendlyName="Comercial l GRUPO GENESIS"/></To><Text>mas ja deixa agendado pra setembro</Text></Message><Message Date="02/05/2013" Time="15:55:59" DateTime="2013-05-02T18:55:59.061Z" SessionID="15"><From><User FriendlyName="Comercial l GRUPO GENESIS"/></From><To><User FriendlyName="Tatiane marketingspeak@hotmail.com"/></To><Text Style="font-family:Segoe UI; color:#000000; ">sim,vou te colocar naquela data de setembro.com a observação de que se sair alguem naquelas datas de agosto encaixo vc</Text></Message><Message Date="02/05/2013" Time="15:56:05" DateTime="2013-05-02T18:56:05.613Z" SessionID="15"><From><User FriendlyName="Tatiane marketingspeak@hotmail.com"/></From><To><User FriendlyName="Comercial l GRUPO GENESIS"/></To><Text>nossa eu precisava mto pra antes, o problema é q nao tinha como pensar nisso há uns dias atrás</Text></Message><Message Date="02/05/2013" Time="15:56:18" DateTime="2013-05-02T18:56:18.046Z" SessionID="15"><From><User FriendlyName="Tatiane marketingspeak@hotmail.com"/></From><To><User FriendlyName="Comercial l GRUPO GENESIS"/></To><Text>nao, se alguem sair antes vc me avisa tamebm</Text></Message><Message Date="02/05/2013" Time="15:56:40" DateTime="2013-05-02T18:56:40.292Z" SessionID="15"><From><User FriendlyName="Tatiane marketingspeak@hotmail.com"/></From><To><User FriendlyName="Comercial l GRUPO GENESIS"/></To><Text>tipo pra agora, so nao quero nesse de junho pq o aluno vai estudra so duas semanas dai ja vem ferias, isso da mta desistencia</Text></Message><Message Date="02/05/2013" Time="15:57:37" DateTime="2013-05-02T18:57:37.772Z" SessionID="15"><From><User FriendlyName="Tatiane marketingspeak@hotmail.com"/></From><To><User FriendlyName="Comercial l GRUPO GENESIS"/></To><Text>se fosse pra esse mes ou inicio de junho eu queria mto</Text></Message><Message Date="02/05/2013" Time="15:58:19" DateTime="2013-05-02T18:58:19.143Z" SessionID="15"><From><User FriendlyName="Comercial l GRUPO GENESIS"/></From><To><User FriendlyName="Tatiane marketingspeak@hotmail.com"/></To><Text Style="font-family:Segoe UI; color:#000000; ">sim sim,se caso sair alguem esse mes,te aviso.
</Text></Message><Message Date="02/05/2013" Time="15:59:34" DateTime="2013-05-02T18:59:34.512Z" SessionID="15"><From><User FriendlyName="Comercial l GRUPO GENESIS"/></From><To><User FriendlyName="Tatiane marketingspeak@hotmail.com"/></To><Text Style="font-family:Segoe UI; color:#000000; ">qual o nome da escola?</Text></Message><Message Date="02/05/2013" Time="16:09:07" DateTime="2013-05-02T19:09:07.182Z" SessionID="15"><From><User FriendlyName="Tatiane marketingspeak@hotmail.com"/></From><To><User FriendlyName="Comercial l GRUPO GENESIS"/></To><Text>speak idiomas e informatica toledo paraná</Text></Message><Message Date="02/05/2013" Time="16:10:44" DateTime="2013-05-02T19:10:44.856Z" SessionID="15"><From><User FriendlyName="Comercial l GRUPO GENESIS"/></From><To><User FriendlyName="Tatiane marketingspeak@hotmail.com"/></To><Text Style="font-family:Segoe UI; color:#000000; ">CERTO,ESTA AGENDADO NAQUELA DATA DE SETEMBRO.
AGORA PRECISO QUE ME PASSE SEUS DADOS</Text></Message><Message Date="02/05/2013" Time="16:13:36" DateTime="2013-05-02T19:13:36.705Z" SessionID="15"><From><User FriendlyName="Tatiane marketingspeak@hotmail.com"/></From><To><User FriendlyName="Comercial l GRUPO GENESIS"/></To><Text>quais dados</Text></Message><Message Date="02/05/2013" Time="16:33:58" DateTime="2013-05-02T19:33:58.573Z" SessionID="15"><From><User FriendlyName="Comercial l GRUPO GENESIS"/></From><To><User FriendlyName="Tatiane marketingspeak@hotmail.com"/></To><Text Style="font-family:Segoe UI; color:#000000; ">vou te mandar por email e voce precisa me mandar até amanha,tudo bem?</Text></Message><Message Date="02/05/2013" Time="16:35:09" DateTime="2013-05-02T19:35:09.611Z" SessionID="15"><From><User FriendlyName="Comercial l GRUPO GENESIS"/></From><To><User FriendlyName="Tatiane marketingspeak@hotmail.com"/></To><Text Style="font-family:Segoe UI; color:#000000; ">qual seu email e telefone pra contatow</Text></Message><Message Date="02/05/2013" Time="16:35:11" DateTime="2013-05-02T19:35:11.498Z" SessionID="15"><From><User FriendlyName="Comercial l GRUPO GENESIS"/></From><To><User FriendlyName="Tatiane marketingspeak@hotmail.com"/></To><Text Style="font-family:Segoe UI; color:#000000; ">?</Text></Message><Message Date="02/05/2013" Time="16:54:58" DateTime="2013-05-02T19:54:58.880Z" SessionID="15"><From><User FriendlyName="Comercial l GRUPO GENESIS"/></From><To><User FriendlyName="Tatiane marketingspeak@hotmail.com"/></To><Text Style="font-family:Segoe UI; color:#000000; ">??????</Text></Message><Message Date="02/05/2013" Time="16:57:00" DateTime="2013-05-02T19:57:00.246Z" SessionID="15"><From><User FriendlyName="Comercial l GRUPO GENESIS"/></From><To><User FriendlyName="Tatiane marketingspeak@hotmail.com"/></To><Text Style="font-family:Segoe UI; color:#000000; ">Tatiane?</Text></Message><Message Date="02/05/2013" Time="17:23:11" DateTime="2013-05-02T20:23:11.667Z" SessionID="15"><From><User FriendlyName="Tatiane marketingspeak@hotmail.com"/></From><To><User FriendlyName="Comercial l GRUPO GENESIS"/></To><Text>45 3054 6610</Text></Message><Message Date="02/05/2013" Time="17:23:14" DateTime="2013-05-02T20:23:14.292Z" SessionID="15"><From><User FriendlyName="Tatiane marketingspeak@hotmail.com"/></From><To><User FriendlyName="Comercial l GRUPO GENESIS"/></To><Text>estava fora</Text></Message><Message Date="14/05/2013" Time="17:19:48" DateTime="2013-05-14T20:19:48.209Z" SessionID="16"><From><User FriendlyName="Tatiane marketingspeak@hotmail.com"/></From><To><User FriendlyName="Comercial l GRUPO GENESIS"/></To><Text>boa tarde</Text></Message><Message Date="14/05/2013" Time="17:20:06" DateTime="2013-05-14T20:20:06.324Z" SessionID="16"><From><User FriendlyName="Tatiane marketingspeak@hotmail.com"/></From><To><User FriendlyName="Comercial l GRUPO GENESIS"/></To><Text>a moça me ligou joje de manha e dissse q me enviaria alguns docs</Text></Message><Message Date="14/05/2013" Time="17:20:18" DateTime="2013-05-14T20:20:18.570Z" SessionID="16"><From><User FriendlyName="Tatiane marketingspeak@hotmail.com"/></From><To><User FriendlyName="Comercial l GRUPO GENESIS"/></To><Text>sobre pós divulgação, eu recebi apenas 2 faltam outros</Text></Message><Message Date="14/05/2013" Time="17:20:26" DateTime="2013-05-14T20:20:26.838Z" SessionID="16"><From><User FriendlyName="Comercial l GRUPO GENESIS"/></From><To><User FriendlyName="Tatiane marketingspeak@hotmail.com"/></To><Text Style="font-family:Segoe UI; color:#000000; ">Oi</Text></Message><Message Date="14/05/2013" Time="17:20:28" DateTime="2013-05-14T20:20:28.648Z" SessionID="16"><From><User FriendlyName="Comercial l GRUPO GENESIS"/></From><To><User FriendlyName="Tatiane marketingspeak@hotmail.com"/></To><Text Style="font-family:Segoe UI; color:#000000; ">sim sim</Text></Message><Message Date="14/05/2013" Time="17:20:43" DateTime="2013-05-14T20:20:43.608Z" SessionID="16"><From><User FriendlyName="Comercial l GRUPO GENESIS"/></From><To><User FriendlyName="Tatiane marketingspeak@hotmail.com"/></To><Text Style="font-family:Segoe UI; color:#000000; ">mais só vamos poder enviar esse material amanha pela manha</Text></Message><Message Date="14/05/2013" Time="17:21:15" DateTime="2013-05-14T20:21:15.557Z" SessionID="16"><From><User FriendlyName="Comercial l GRUPO GENESIS"/></From><To><User FriendlyName="Tatiane marketingspeak@hotmail.com"/></To><Text Style="font-family:Segoe UI; color:#000000; ">o departamento que passa isso pro cliente deu um problema e estamos resolvendo</Text></Message><Message Date="14/05/2013" Time="17:21:25" DateTime="2013-05-14T20:21:25.884Z" SessionID="16"><From><User FriendlyName="Tatiane marketingspeak@hotmail.com"/></From><To><User FriendlyName="Comercial l GRUPO GENESIS"/></To><Text>ok</Text></Message><Message Date="14/05/2013" Time="17:21:41" DateTime="2013-05-14T20:21:41.525Z" SessionID="16"><From><User FriendlyName="Comercial l GRUPO GENESIS"/></From><To><User FriendlyName="Tatiane marketingspeak@hotmail.com"/></To><Text Style="font-family:Segoe UI; color:#000000; ">pesso desculpas;
e amanha voce ja vai ter acesso a esso docimento</Text></Message><Message Date="14/05/2013" Time="17:39:40" DateTime="2013-05-14T20:39:40.000Z" SessionID="17"><From><User FriendlyName="marketingspeak@hotmail.com"/></From><To><User FriendlyName="genesiscaptacoes@hotmail.com"/></To><Text>thanks</Text></Message><Message Date="15/05/2013" Time="14:51:30" DateTime="2013-05-15T17:51:30.523Z" SessionID="18"><From><User FriendlyName="Tatiane marketingspeak@hotmail.com"/></From><To><User FriendlyName="Comercial l GRUPO GENESIS"/></To><Text>bom dia, sobre o material vc tinha comentado que viria hoje pela manhã</Text></Message><Message Date="15/05/2013" Time="14:51:39" DateTime="2013-05-15T17:51:39.436Z" SessionID="18"><From><User FriendlyName="Tatiane marketingspeak@hotmail.com"/></From><To><User FriendlyName="Comercial l GRUPO GENESIS"/></To><Text>ainda nao chegou</Text></Message><Message Date="15/05/2013" Time="14:52:58" DateTime="2013-05-15T17:52:58.271Z" SessionID="18"><From><User FriendlyName="Comercial l GRUPO GENESIS"/></From><To><User FriendlyName="Tatiane marketingspeak@hotmail.com"/></To><Text Style="font-family:Segoe UI; color:#000000; ">Vou enviar agora.</Text></Message><Message Date="15/05/2013" Time="14:53:05" DateTime="2013-05-15T17:53:05.869Z" SessionID="18"><From><User FriendlyName="Comercial l GRUPO GENESIS"/></From><To><User FriendlyName="Tatiane marketingspeak@hotmail.com"/></To><Text Style="font-family:Segoe UI; color:#000000; ">ja ja vai chegar no seu email</Text></Message><Message Date="15/05/2013" Time="14:53:22" DateTime="2013-05-15T17:53:22.400Z" SessionID="18"><From><User FriendlyName="Tatiane marketingspeak@hotmail.com"/></From><To><User FriendlyName="Comercial l GRUPO GENESIS"/></To><Text>ok thanks</Text></Message><Message Date="15/05/2013" Time="15:19:02" DateTime="2013-05-15T18:19:02.476Z" SessionID="19"><From><User FriendlyName="Tatiane marketingspeak@hotmail.com"/></From><To><User FriendlyName="Comercial l GRUPO GENESIS"/></To><Text>oi ainda nao recebi bada</Text></Message><Message Date="15/05/2013" Time="15:19:28" DateTime="2013-05-15T18:19:28.805Z" SessionID="19"><From><User FriendlyName="Tatiane marketingspeak@hotmail.com"/></From><To><User FriendlyName="Comercial l GRUPO GENESIS"/></To><Text>nada</Text></Message><Message Date="15/05/2013" Time="15:54:08" DateTime="2013-05-15T18:54:08.534Z" SessionID="19"><From><User FriendlyName="Comercial l GRUPO GENESIS"/></From><To><User FriendlyName="Tatiane marketingspeak@hotmail.com"/></To><Text Style="font-family:Segoe UI; color:#000000; ">acabei de enviar</Text></Message><Message Date="15/05/2013" Time="15:54:17" DateTime="2013-05-15T18:54:17.430Z" SessionID="19"><From><User FriendlyName="Comercial l GRUPO GENESIS"/></From><To><User FriendlyName="Tatiane marketingspeak@hotmail.com"/></To><Text Style="font-family:Segoe UI; color:#000000; ">assim que receber me chame</Text></Message><Message Date="15/05/2013" Time="15:54:28" DateTime="2013-05-15T18:54:28.604Z" SessionID="19"><From><User FriendlyName="Comercial l GRUPO GENESIS"/></From><To><User FriendlyName="Tatiane marketingspeak@hotmail.com"/></To><Text Style="font-family:Segoe UI; color:#000000; ">que vou ligar pra fazer uma breve explicação</Text></Message><Message Date="15/05/2013" Time="15:57:14" DateTime="2013-05-15T18:57:14.154Z" SessionID="19"><From><User FriendlyName="Tatiane marketingspeak@hotmail.com"/></From><To><User FriendlyName="Comercial l GRUPO GENESIS"/></To><Text>ok thanks</Text></Message><Message Date="15/05/2013" Time="15:57:24" DateTime="2013-05-15T18:57:24.511Z" SessionID="19"><From><User FriendlyName="Comercial l GRUPO GENESIS"/></From><To><User FriendlyName="Tatiane marketingspeak@hotmail.com"/></To><Text Style="font-family:Segoe UI; color:#000000; ">chegou?</Text></Message><Message Date="15/05/2013" Time="16:00:18" DateTime="2013-05-15T19:00:18.454Z" SessionID="19"><From><User FriendlyName="Tatiane marketingspeak@hotmail.com"/></From><To><User FriendlyName="Comercial l GRUPO GENESIS"/></To><Text>so um mint</Text></Message><Message Date="15/05/2013" Time="16:01:32" DateTime="2013-05-15T19:01:32.903Z" SessionID="19"><From><User FriendlyName="Comercial l GRUPO GENESIS"/></From><To><User FriendlyName="Tatiane marketingspeak@hotmail.com"/></To><Text Style="font-family:Segoe UI; color:#000000; ">ok</Text></Message><Message Date="15/05/2013" Time="16:37:18" DateTime="2013-05-15T19:37:18.603Z" SessionID="19"><From><User FriendlyName="Tatiane marketingspeak@hotmail.com"/></From><To><User FriendlyName="Comercial l GRUPO GENESIS"/></To><Text>nao veio nada no anexo</Text></Message><Message Date="15/05/2013" Time="16:37:38" DateTime="2013-05-15T19:37:38.882Z" SessionID="19"><From><User FriendlyName="Tatiane marketingspeak@hotmail.com"/></From><To><User FriendlyName="Comercial l GRUPO GENESIS"/></To><Text>o doc do corel esta em branco</Text></Message><Message Date="15/05/2013" Time="16:52:38" DateTime="2013-05-15T19:52:38.018Z" SessionID="19"><From><User FriendlyName="Tatiane marketingspeak@hotmail.com"/></From><To><User FriendlyName="Comercial l GRUPO GENESIS"/></To><Text>ola</Text></Message><Message Date="15/05/2013" Time="16:52:39" DateTime="2013-05-15T19:52:39.945Z" SessionID="19"><From><User FriendlyName="Tatiane marketingspeak@hotmail.com"/></From><To><User FriendlyName="Comercial l GRUPO GENESIS"/></To><Text>nao recebi</Text></Message><Message Date="15/05/2013" Time="16:53:02" DateTime="2013-05-15T19:53:02.797Z" SessionID="19"><From><User FriendlyName="Comercial l GRUPO GENESIS"/></From><To><User FriendlyName="Tatiane marketingspeak@hotmail.com"/></To><Text Style="font-family:Segoe UI; color:#000000; ">estou verificando isso pra voce</Text></Message><Message Date="15/05/2013" Time="16:53:14" DateTime="2013-05-15T19:53:14.374Z" SessionID="19"><From><User FriendlyName="Tatiane marketingspeak@hotmail.com"/></From><To><User FriendlyName="Comercial l GRUPO GENESIS"/></To><Text>ok</Text></Message></Log>