<?xml version="1.0"?>
<?xml-stylesheet type='text/xsl' href='MessageLog.xsl'?>
<Log FirstSessionID="1" LastSessionID="3"><Message Date="17/01/2013" Time="16:40:09" DateTime="2013-01-17T18:40:09.111Z" SessionID="1"><From><User FriendlyName="Comercial l GRUPO GENESIS"/></From><To><User FriendlyName="Marvio Matos Gomes"/></To><Text Style="font-family:Segoe UI; color:#000000; ">ooi</Text></Message><Message Date="13/02/2013" Time="14:28:14" DateTime="2013-02-13T17:28:14.402Z" SessionID="2"><From><User FriendlyName="Comercial l GRUPO GENESIS"/></From><To><User FriendlyName="Marvio Matos Gomes"/></To><Text Style="font-family:Segoe UI; color:#000000; ">ola</Text></Message><Message Date="30/04/2013" Time="10:23:05" DateTime="2013-04-30T13:23:05.285Z" SessionID="3"><From><User FriendlyName="Comercial l GRUPO GENESIS"/></From><To><User FriendlyName="Marvio Matos Gomes"/></To><Text Style="font-family:Segoe UI; color:#000000; ">Oi bom dia</Text></Message></Log>
