<?xml version="1.0"?>
<?xml-stylesheet type='text/xsl' href='MessageLog.xsl'?>
<Log FirstSessionID="1" LastSessionID="1"><Message Date="16/05/2013" Time="13:41:19" DateTime="2013-05-16T16:41:19.904Z" SessionID="1"><From><User FriendlyName="mmonegata ..."/></From><To><User FriendlyName="Comercial l GRUPO GENESIS"/></To><Text Style="font-family:Segoe UI; font-weight:bold; font-style:italic; color:#000000; ">bom dia</Text></Message><Message Date="16/05/2013" Time="13:41:37" DateTime="2013-05-16T16:41:37.903Z" SessionID="1"><From><User FriendlyName="mmonegata ..."/></From><To><User FriendlyName="Comercial l GRUPO GENESIS"/></To><Text Style="font-family:Segoe UI; font-weight:bold; font-style:italic; color:#000000; ">boa tarde</Text></Message><Message Date="16/05/2013" Time="13:41:59" DateTime="2013-05-16T16:41:59.774Z" SessionID="1"><From><User FriendlyName="Comercial l GRUPO GENESIS"/></From><To><User FriendlyName="mmonegata ..."/></To><Text Style="font-family:Segoe UI; color:#000000; ">Ola</Text></Message><Message Date="16/05/2013" Time="13:42:01" DateTime="2013-05-16T16:42:01.916Z" SessionID="1"><From><User FriendlyName="Comercial l GRUPO GENESIS"/></From><To><User FriendlyName="mmonegata ..."/></To><Text Style="font-family:Segoe UI; color:#000000; ">boa tarde</Text></Message><Message Date="16/05/2013" Time="13:43:22" DateTime="2013-05-16T16:43:22.992Z" SessionID="1"><From><User FriendlyName="mmonegata ..."/></From><To><User FriendlyName="Comercial l GRUPO GENESIS"/></To><Text Style="font-family:Segoe UI; font-weight:bold; font-style:italic; color:#000000; ">tenho que comprar apostilas</Text></Message><Message Date="16/05/2013" Time="13:43:29" DateTime="2013-05-16T16:43:29.512Z" SessionID="1"><From><User FriendlyName="mmonegata ..."/></From><To><User FriendlyName="Comercial l GRUPO GENESIS"/></To><Text Style="font-family:Segoe UI; font-weight:bold; font-style:italic; color:#000000; ">mas a pessoa que comprava nao está</Text></Message><Message Date="16/05/2013" Time="13:43:35" DateTime="2013-05-16T16:43:35.194Z" SessionID="1"><From><User FriendlyName="mmonegata ..."/></From><To><User FriendlyName="Comercial l GRUPO GENESIS"/></To><Text Style="font-family:Segoe UI; font-weight:bold; font-style:italic; color:#000000; ">como eu faço?</Text></Message><Message Date="16/05/2013" Time="13:43:35" DateTime="2013-05-16T16:43:35.544Z" SessionID="1"><From><User FriendlyName="mmonegata ..."/></From><To><User FriendlyName="Comercial l GRUPO GENESIS"/></To><Text Style="font-family:Segoe UI; font-weight:bold; font-style:italic; color:#000000; ">é pelo site?</Text></Message><Message Date="16/05/2013" Time="13:43:38" DateTime="2013-05-16T16:43:38.916Z" SessionID="1"><From><User FriendlyName="mmonegata ..."/></From><To><User FriendlyName="Comercial l GRUPO GENESIS"/></To><Text Style="font-family:Segoe UI; font-weight:bold; font-style:italic; color:#000000; ">já entrei com a senha</Text></Message><Message Date="16/05/2013" Time="13:43:47" DateTime="2013-05-16T16:43:47.026Z" SessionID="1"><From><User FriendlyName="mmonegata ..."/></From><To><User FriendlyName="Comercial l GRUPO GENESIS"/></To><Text Style="font-family:Segoe UI; font-weight:bold; font-style:italic; color:#000000; ">onde entro pra fazer pedido</Text></Message><Message Date="16/05/2013" Time="13:45:55" DateTime="2013-05-16T16:45:55.518Z" SessionID="1"><From><User FriendlyName="Comercial l GRUPO GENESIS"/></From><To><User FriendlyName="mmonegata ..."/></To><Text Style="font-family:Segoe UI; color:#000000; ">Oi</Text></Message><Message Date="16/05/2013" Time="13:46:17" DateTime="2013-05-16T16:46:17.876Z" SessionID="1"><From><User FriendlyName="Comercial l GRUPO GENESIS"/></From><To><User FriendlyName="mmonegata ..."/></To><Text Style="font-family:Segoe UI; color:#000000; ">não estou entendendo</Text></Message><Message Date="16/05/2013" Time="13:46:22" DateTime="2013-05-16T16:46:22.010Z" SessionID="1"><From><User FriendlyName="Comercial l GRUPO GENESIS"/></From><To><User FriendlyName="mmonegata ..."/></To><Text Style="font-family:Segoe UI; color:#000000; ">apostilas doque?</Text></Message></Log>
