<?xml version="1.0"?>
<?xml-stylesheet type='text/xsl' href='MessageLog.xsl'?>
<Log FirstSessionID="1" LastSessionID="1"><Message Date="06/02/2013" Time="15:02:13" DateTime="2013-02-06T17:02:13.282Z" SessionID="1"><From><User FriendlyName="Comercial l GRUPO GENESIS"/></From><To><User FriendlyName="Mônica rede CGD Botucatu SP"/></To><Text Style="font-family:Segoe UI; color:#000000; ">ola</Text></Message><Message Date="06/02/2013" Time="15:02:15" DateTime="2013-02-06T17:02:15.656Z" SessionID="1"><From><User FriendlyName="Comercial l GRUPO GENESIS"/></From><To><User FriendlyName="Mônica rede CGD Botucatu SP"/></To><Text Style="font-family:Segoe UI; color:#000000; ">boa tarde</Text></Message></Log>
