<?xml version="1.0"?>
<?xml-stylesheet type='text/xsl' href='MessageLog.xsl'?>
<Log FirstSessionID="1" LastSessionID="1"><Message Date="16/01/2013" Time="10:57:39" DateTime="2013-01-16T12:57:39.363Z" SessionID="1"><From><User FriendlyName="Comercial l GRUPO GENESIS"/></From><To><User FriendlyName="Informatica multisoluções"/></To><Text Style="font-family:Segoe UI; color:#000000; ">ola</Text></Message><Message Date="16/01/2013" Time="10:57:42" DateTime="2013-01-16T12:57:42.346Z" SessionID="1"><From><User FriendlyName="Comercial l GRUPO GENESIS"/></From><To><User FriendlyName="Informatica multisoluções"/></To><Text Style="font-family:Segoe UI; color:#000000; ">bom dia]</Text></Message></Log>
