<?xml version="1.0"?>
<?xml-stylesheet type='text/xsl' href='MessageLog.xsl'?>
<Log FirstSessionID="1" LastSessionID="3"><Message Date="18/02/2013" Time="09:00:36" DateTime="2013-02-18T12:00:36.164Z" SessionID="1"><From><User FriendlyName="Comercial l GRUPO GENESIS"/></From><To><User FriendlyName="Lucilene Rj"/></To><Text Style="font-family:Segoe UI; color:#000000; ">bom dia </Text></Message><Message Date="18/02/2013" Time="09:00:39" DateTime="2013-02-18T12:00:39.521Z" SessionID="1"><From><User FriendlyName="Comercial l GRUPO GENESIS"/></From><To><User FriendlyName="Lucilene Rj"/></To><Text Style="font-family:Segoe UI; color:#000000; ">tudo bem?</Text></Message><Message Date="18/02/2013" Time="09:01:08" DateTime="2013-02-18T12:01:08.225Z" SessionID="1"><From><User FriendlyName="Comercial l GRUPO GENESIS"/></From><To><User FriendlyName="Lucilene Rj"/></To><Text Style="font-family:Segoe UI; color:#000000; ">voce ficou de mandar um email,com os dados da compra aérea</Text></Message><Message Date="18/02/2013" Time="09:01:12" DateTime="2013-02-18T12:01:12.890Z" SessionID="1"><From><User FriendlyName="Comercial l GRUPO GENESIS"/></From><To><User FriendlyName="Lucilene Rj"/></To><Text Style="font-family:Segoe UI; color:#000000; ">e até agora nada</Text></Message><Message Date="18/02/2013" Time="09:01:29" DateTime="2013-02-18T12:01:29.192Z" SessionID="1"><From><User FriendlyName="Comercial l GRUPO GENESIS"/></From><To><User FriendlyName="Lucilene Rj"/></To><Text Style="font-family:Segoe UI; color:#000000; ">preciso falar com vc urgente pois houve alterações</Text></Message><Message Date="18/02/2013" Time="09:01:39" DateTime="2013-02-18T12:01:39.753Z" SessionID="1"><From><User FriendlyName="Comercial l GRUPO GENESIS"/></From><To><User FriendlyName="Lucilene Rj"/></To><Text Style="font-family:Segoe UI; color:#000000; ">me chame quando puder</Text></Message><Message Date="18/02/2013" Time="09:01:42" DateTime="2013-02-18T12:01:42.452Z" SessionID="1"><From><User FriendlyName="Comercial l GRUPO GENESIS"/></From><To><User FriendlyName="Lucilene Rj"/></To><Text Style="font-family:Segoe UI; color:#000000; ">é urgente</Text></Message><Invitation Date="18/02/2013" Time="09:10:29" DateTime="2013-02-18T12:10:29.879Z" SessionID="1"><From><User FriendlyName="Lucilene Rj"/></From><File>eDestinos...pdf</File><Text Style="color:#4d4d4d; ">Lucilene Rj envia eDestinos...pdf</Text></Invitation><InvitationResponse Date="18/02/2013" Time="09:11:10" DateTime="2013-02-18T12:11:10.375Z" SessionID="1"><From><User FriendlyName="Lucilene Rj"/></From><File>C:\Users\GENESIS\Desktop\eDestinos...pdf</File><Text Style="color:#4d4d4d; ">Você recebeu C:\Users\GENESIS\Desktop\eDestinos...pdf com êxito de Lucilene Rj.</Text></InvitationResponse><Message Date="18/02/2013" Time="09:12:52" DateTime="2013-02-18T12:12:52.130Z" SessionID="1"><From><User FriendlyName="Lucilene Rj"/></From><To><User FriendlyName="Comercial l GRUPO GENESIS"/></To><Text Style="font-family:Segoe UI; color:#000000; ">EU ENVIEI ESSE E-MAIL NO DIA 17/11/2012</Text></Message><Message Date="18/02/2013" Time="09:13:03" DateTime="2013-02-18T12:13:03.626Z" SessionID="1"><From><User FriendlyName="Comercial l GRUPO GENESIS"/></From><To><User FriendlyName="Lucilene Rj"/></To><Text Style="font-family:Segoe UI; color:#000000; ">Não recebi</Text></Message><Message Date="18/02/2013" Time="09:14:23" DateTime="2013-02-18T12:14:23.375Z" SessionID="1"><From><User FriendlyName="Comercial l GRUPO GENESIS"/></From><To><User FriendlyName="Lucilene Rj"/></To><Text Style="font-family:Segoe UI; color:#000000; ">Lucilene,ocorreu que o andré não pode mais ir até ai fazer o trabalho..
pois ja foi 2 vezes,certo??
temos que mandar uma cara nova ai,para o trabalho da sua escola.</Text></Message><Message Date="18/02/2013" Time="09:15:03" DateTime="2013-02-18T12:15:03.560Z" SessionID="1"><From><User FriendlyName="Comercial l GRUPO GENESIS"/></From><To><User FriendlyName="Lucilene Rj"/></To><Text Style="font-family:Segoe UI; color:#000000; ">a antiga funcionaria não avisou da compra da passagem com tanta antecedencia,e nao passou por ele</Text></Message><Message Date="18/02/2013" Time="09:15:25" DateTime="2013-02-18T12:15:25.889Z" SessionID="1"><From><User FriendlyName="Comercial l GRUPO GENESIS"/></From><To><User FriendlyName="Lucilene Rj"/></To><Text Style="font-family:Segoe UI; color:#000000; ">e vim saber que ele não pode mais ir</Text></Message><Message Date="18/02/2013" Time="09:15:42" DateTime="2013-02-18T12:15:42.597Z" SessionID="1"><From><User FriendlyName="Lucilene Rj"/></From><To><User FriendlyName="Comercial l GRUPO GENESIS"/></To><Text Style="font-family:Segoe UI; color:#000000; ">MAIS QUANDO EU CONFIRMEI TUDO COM ELA QUANDO FUI FAZER A COMPRA</Text></Message><Message Date="18/02/2013" Time="09:16:43" DateTime="2013-02-18T12:16:43.166Z" SessionID="1"><From><User FriendlyName="Comercial l GRUPO GENESIS"/></From><To><User FriendlyName="Lucilene Rj"/></To><Text Style="font-family:Segoe UI; color:#000000; ">Sim,mais ela deu as informações sem passar para o diretor de marketing e se mandarmos ele novamente não trará o resultado que esperamos</Text></Message><Message Date="18/02/2013" Time="09:17:17" DateTime="2013-02-18T12:17:17.704Z" SessionID="1"><From><User FriendlyName="Lucilene Rj"/></From><To><User FriendlyName="Comercial l GRUPO GENESIS"/></To><Text Style="font-family:Segoe UI; color:#000000; ">ENTÃO ME DIZ O QUE TENHO QUE FAZER</Text></Message><Message Date="18/02/2013" Time="09:17:28" DateTime="2013-02-18T12:17:28.858Z" SessionID="1"><From><User FriendlyName="Comercial l GRUPO GENESIS"/></From><To><User FriendlyName="Lucilene Rj"/></To><Text Style="font-family:Segoe UI; color:#000000; ">só mudar o nome do passageiro</Text></Message><Message Date="18/02/2013" Time="09:17:36" DateTime="2013-02-18T12:17:36.640Z" SessionID="1"><From><User FriendlyName="Comercial l GRUPO GENESIS"/></From><To><User FriendlyName="Lucilene Rj"/></To><Text Style="font-family:Segoe UI; color:#000000; ">em vez do andré</Text></Message><Message Date="18/02/2013" Time="09:17:44" DateTime="2013-02-18T12:17:44.659Z" SessionID="1"><From><User FriendlyName="Comercial l GRUPO GENESIS"/></From><To><User FriendlyName="Lucilene Rj"/></To><Text Style="font-family:Segoe UI; color:#000000; ">vai ir ai Daniel</Text></Message><Message Date="18/02/2013" Time="09:17:55" DateTime="2013-02-18T12:17:55.033Z" SessionID="1"><From><User FriendlyName="Comercial l GRUPO GENESIS"/></From><To><User FriendlyName="Lucilene Rj"/></To><Text Style="font-family:Segoe UI; color:#000000; ">te passo as informações dele</Text></Message><Message Date="18/02/2013" Time="09:20:50" DateTime="2013-02-18T12:20:50.159Z" SessionID="1"><From><User FriendlyName="Lucilene Rj"/></From><To><User FriendlyName="Comercial l GRUPO GENESIS"/></To><Text Style="font-family:Segoe UI; color:#000000; ">PODE PASSAR QUE VOU FAZER AS ALTERAÇÕES</Text></Message><Message Date="18/02/2013" Time="09:21:24" DateTime="2013-02-18T12:21:24.949Z" SessionID="1"><From><User FriendlyName="Comercial l GRUPO GENESIS"/></From><To><User FriendlyName="Lucilene Rj"/></To><Text Style="font-family:Segoe UI; color:#000000; ">oque precisa?</Text></Message><Message Date="18/02/2013" Time="09:21:29" DateTime="2013-02-18T12:21:29.910Z" SessionID="1"><From><User FriendlyName="Comercial l GRUPO GENESIS"/></From><To><User FriendlyName="Lucilene Rj"/></To><Text Style="font-family:Segoe UI; color:#000000; ">nome completo</Text></Message><Message Date="18/02/2013" Time="09:21:34" DateTime="2013-02-18T12:21:34.075Z" SessionID="1"><From><User FriendlyName="Comercial l GRUPO GENESIS"/></From><To><User FriendlyName="Lucilene Rj"/></To><Text Style="font-family:Segoe UI; color:#000000; ">e oque mais?</Text></Message><Message Date="18/02/2013" Time="09:22:34" DateTime="2013-02-18T12:22:34.104Z" SessionID="1"><From><User FriendlyName="Lucilene Rj"/></From><To><User FriendlyName="Comercial l GRUPO GENESIS"/></To><Text Style="font-family:Segoe UI; color:#000000; ">DATA DE NASCIMENTO, NOME DA MÃE E OS NÚMEROS DOS DOCUMENTOS</Text></Message><Message Date="18/02/2013" Time="09:22:43" DateTime="2013-02-18T12:22:43.324Z" SessionID="1"><From><User FriendlyName="Comercial l GRUPO GENESIS"/></From><To><User FriendlyName="Lucilene Rj"/></To><Text Style="font-family:Segoe UI; color:#000000; ">cpf e rg?</Text></Message><Message Date="18/02/2013" Time="09:22:49" DateTime="2013-02-18T12:22:49.486Z" SessionID="1"><From><User FriendlyName="Lucilene Rj"/></From><To><User FriendlyName="Comercial l GRUPO GENESIS"/></To><Text Style="font-family:Segoe UI; color:#000000; ">SIM</Text></Message><Message Date="18/02/2013" Time="09:23:02" DateTime="2013-02-18T12:23:02.065Z" SessionID="1"><From><User FriendlyName="Comercial l GRUPO GENESIS"/></From><To><User FriendlyName="Lucilene Rj"/></To><Text Style="font-family:Segoe UI; color:#000000; ">1 min</Text></Message><Message Date="18/02/2013" Time="09:29:53" DateTime="2013-02-18T12:29:53.157Z" SessionID="1"><From><User FriendlyName="Comercial l GRUPO GENESIS"/></From><To><User FriendlyName="Lucilene Rj"/></To><Text Style="font-family:Segoe UI; color:#000000; ">Daniel Farinea
nascido em  03/11/1984
carteira de identidade  nº 39974740
CPF nº 047.873.549-90</Text></Message><Message Date="18/02/2013" Time="09:43:07" DateTime="2013-02-18T12:43:07.670Z" SessionID="1"><From><User FriendlyName="Lucilene Rj"/></From><To><User FriendlyName="Comercial l GRUPO GENESIS"/></To><Text Style="font-family:Segoe UI; color:#000000; ">Oi</Text></Message><Message Date="18/02/2013" Time="09:43:14" DateTime="2013-02-18T12:43:14.361Z" SessionID="1"><From><User FriendlyName="Lucilene Rj"/></From><To><User FriendlyName="Comercial l GRUPO GENESIS"/></To><Text Style="font-family:Segoe UI; color:#000000; ">qual seu nome?</Text></Message><Message Date="18/02/2013" Time="09:43:24" DateTime="2013-02-18T12:43:24.219Z" SessionID="1"><From><User FriendlyName="Comercial l GRUPO GENESIS"/></From><To><User FriendlyName="Lucilene Rj"/></To><Text Style="font-family:Segoe UI; color:#000000; ">Daiana</Text></Message><Message Date="18/02/2013" Time="09:43:59" DateTime="2013-02-18T12:43:59.865Z" SessionID="1"><From><User FriendlyName="Lucilene Rj"/></From><To><User FriendlyName="Comercial l GRUPO GENESIS"/></To><Text Style="font-family:Segoe UI; color:#000000; ">Então entrei em contato com a Empresa aerea TAM e me informaram que não tem como trocar o passageiro</Text></Message><Message Date="18/02/2013" Time="09:44:14" DateTime="2013-02-18T12:44:14.654Z" SessionID="1"><From><User FriendlyName="Lucilene Rj"/></From><To><User FriendlyName="Comercial l GRUPO GENESIS"/></To><Text Style="font-family:Segoe UI; color:#000000; ">que a compra é intransferivel</Text></Message><Message Date="18/02/2013" Time="09:47:32" DateTime="2013-02-18T12:47:32.104Z" SessionID="1"><From><User FriendlyName="Comercial l GRUPO GENESIS"/></From><To><User FriendlyName="Lucilene Rj"/></To><Text Style="font-family:Segoe UI; color:#000000; ">Mais quais os motivos?</Text></Message><Message Date="18/02/2013" Time="09:48:44" DateTime="2013-02-18T12:48:44.399Z" SessionID="1"><From><User FriendlyName="Lucilene Rj"/></From><To><User FriendlyName="Comercial l GRUPO GENESIS"/></To><Text Style="font-family:Segoe UI; font-style:italic; color:#800080; ">é intransferivel </Text></Message><Message Date="18/02/2013" Time="09:50:22" DateTime="2013-02-18T12:50:22.205Z" SessionID="1"><From><User FriendlyName="Comercial l GRUPO GENESIS"/></From><To><User FriendlyName="Lucilene Rj"/></To><Text Style="font-family:Segoe UI; color:#000000; ">a lei permite sim
 só precisa ver nos termos da sua compra 
 só se pegou alguma promoção que não permite
 mais tem que ler
qualquer coisa  liga para o orgão de aviação e pergunta
 o nome é ANAC</Text></Message><Message Date="18/02/2013" Time="09:56:05" DateTime="2013-02-18T12:56:05.695Z" SessionID="1"><From><User FriendlyName="Lucilene Rj"/></From><To><User FriendlyName="Comercial l GRUPO GENESIS"/></To><Text Style="font-family:Segoe UI; font-style:italic; color:#800080; ">ela me disse que é somente possivel alteração de data e local</Text></Message><Message Date="18/02/2013" Time="10:23:48" DateTime="2013-02-18T13:23:48.994Z" SessionID="1"><From><User FriendlyName="Comercial l GRUPO GENESIS"/></From><To><User FriendlyName="Lucilene Rj"/></To><Text Style="font-family:Segoe UI; color:#000000; ">Acabei de falar com a direção da empresa Lucilene</Text></Message><Message Date="18/02/2013" Time="10:23:55" DateTime="2013-02-18T13:23:55.281Z" SessionID="1"><From><User FriendlyName="Comercial l GRUPO GENESIS"/></From><To><User FriendlyName="Lucilene Rj"/></To><Text Style="font-family:Segoe UI; color:#000000; ">e vamos fazer o seguinte</Text></Message><Message Date="18/02/2013" Time="10:27:05" DateTime="2013-02-18T13:27:05.444Z" SessionID="1"><From><User FriendlyName="Comercial l GRUPO GENESIS"/></From><To><User FriendlyName="Lucilene Rj"/></To><Text Style="font-family:Segoe UI; color:#000000; ">e não podemos mandar o andré pois ja foi,temos q mandar uma cara  nova, e dar um grande resultado.
oque decidimos fazer..
voce compra uma passagem em nome do Daniel e ele vai e
o valor de 281,14 referente ao preço da passagem vamos dar de desconto na sua campanha</Text></Message><Message Date="18/02/2013" Time="10:31:06" DateTime="2013-02-18T13:31:06.633Z" SessionID="1"><From><User FriendlyName="Lucilene Rj"/></From><To><User FriendlyName="Comercial l GRUPO GENESIS"/></To><Text Style="font-family:Segoe UI; font-style:italic; color:#800080; ">não posso pagar por um erro da Genesis</Text></Message><Message Date="18/02/2013" Time="10:31:38" DateTime="2013-02-18T13:31:38.227Z" SessionID="1"><From><User FriendlyName="Lucilene Rj"/></From><To><User FriendlyName="Comercial l GRUPO GENESIS"/></To><Text Style="font-family:Segoe UI; font-style:italic; color:#800080; ">eu me informei antes</Text></Message><Message Date="18/02/2013" Time="10:31:52" DateTime="2013-02-18T13:31:52.493Z" SessionID="1"><From><User FriendlyName="Lucilene Rj"/></From><To><User FriendlyName="Comercial l GRUPO GENESIS"/></To><Text Style="font-family:Segoe UI; font-style:italic; color:#800080; ">não foi nada feito de qualquer forma</Text></Message><Message Date="18/02/2013" Time="10:34:42" DateTime="2013-02-18T13:34:42.208Z" SessionID="1"><From><User FriendlyName="Comercial l GRUPO GENESIS"/></From><To><User FriendlyName="Lucilene Rj"/></To><Text Style="font-family:Segoe UI; color:#000000; ">oque voce sugere?</Text></Message><Message Date="18/02/2013" Time="10:42:21" DateTime="2013-02-18T13:42:21.129Z" SessionID="1"><From><User FriendlyName="Comercial l GRUPO GENESIS"/></From><To><User FriendlyName="Lucilene Rj"/></To><Text Style="font-family:Segoe UI; color:#000000; ">oque voce sugere?</Text></Message><Message Date="18/02/2013" Time="10:42:37" DateTime="2013-02-18T13:42:37.306Z" SessionID="1"><From><User FriendlyName="Lucilene Rj"/></From><To><User FriendlyName="Comercial l GRUPO GENESIS"/></To><Text Style="font-family:Segoe UI; font-style:italic; color:#800080; ">só um momento</Text></Message><Message Date="18/02/2013" Time="10:43:03" DateTime="2013-02-18T13:43:03.046Z" SessionID="1"><From><User FriendlyName="Comercial l GRUPO GENESIS"/></From><To><User FriendlyName="Lucilene Rj"/></To><Text Style="font-family:Segoe UI; color:#000000; ">ok</Text></Message><Message Date="18/02/2013" Time="13:21:28" DateTime="2013-02-18T16:21:28.346Z" SessionID="1"><From><User FriendlyName="Lucilene Rj"/></From><To><User FriendlyName="Comercial l GRUPO GENESIS"/></To><Text Style="font-family:Segoe UI; font-style:italic; color:#800080; ">Então conversei com o Fábio e ele tem a mesma opinião que eu, não podemos pagar um erro que não foi nosso, pois até mesmo não é só nosso interesse </Text></Message><Message Date="18/02/2013" Time="13:21:48" DateTime="2013-02-18T16:21:48.755Z" SessionID="1"><From><User FriendlyName="Lucilene Rj"/></From><To><User FriendlyName="Comercial l GRUPO GENESIS"/></To><Text Style="font-family:Segoe UI; font-style:italic; color:#800080; ">fizemos nossa parte já está tudo pago </Text></Message><Message Date="18/02/2013" Time="13:21:59" DateTime="2013-02-18T16:21:59.207Z" SessionID="1"><From><User FriendlyName="Lucilene Rj"/></From><To><User FriendlyName="Comercial l GRUPO GENESIS"/></To><Text Style="font-family:Segoe UI; font-style:italic; color:#800080; ">passagens, hospedagem</Text></Message><Message Date="18/02/2013" Time="13:22:04" DateTime="2013-02-18T16:22:04.933Z" SessionID="1"><From><User FriendlyName="Lucilene Rj"/></From><To><User FriendlyName="Comercial l GRUPO GENESIS"/></To><Text Style="font-family:Segoe UI; font-style:italic; color:#800080; ">e alimentação</Text></Message><Message Date="18/02/2013" Time="13:22:16" DateTime="2013-02-18T16:22:16.233Z" SessionID="1"><From><User FriendlyName="Lucilene Rj"/></From><To><User FriendlyName="Comercial l GRUPO GENESIS"/></To><Text Style="font-family:Segoe UI; font-style:italic; color:#800080; ">não deixamos nada pra cima da hora</Text></Message><Message Date="18/02/2013" Time="13:22:32" DateTime="2013-02-18T16:22:32.847Z" SessionID="1"><From><User FriendlyName="Lucilene Rj"/></From><To><User FriendlyName="Comercial l GRUPO GENESIS"/></To><Text Style="font-family:Segoe UI; font-style:italic; color:#800080; ">o local da captação tudo pago</Text></Message><Message Date="18/02/2013" Time="13:23:22" DateTime="2013-02-18T16:23:22.499Z" SessionID="1"><From><User FriendlyName="Lucilene Rj"/></From><To><User FriendlyName="Comercial l GRUPO GENESIS"/></To><Text Style="font-family:Segoe UI; font-style:italic; color:#800080; ">inclusive não achamos que seria ruim o André vim</Text></Message><Message Date="18/02/2013" Time="13:23:35" DateTime="2013-02-18T16:23:35.338Z" SessionID="1"><From><User FriendlyName="Lucilene Rj"/></From><To><User FriendlyName="Comercial l GRUPO GENESIS"/></To><Text Style="font-family:Segoe UI; font-style:italic; color:#800080; ">pois já estamos acostumados com ele</Text></Message><Message Date="18/02/2013" Time="13:24:15" DateTime="2013-02-18T16:24:15.555Z" SessionID="1"><From><User FriendlyName="Lucilene Rj"/></From><To><User FriendlyName="Comercial l GRUPO GENESIS"/></To><Text Style="font-family:Segoe UI; font-style:italic; color:#800080; ">e tenho certeza que ninguem vai fazer qualquer tipo de reclação ou cobrança a ele</Text></Message><Message Date="18/02/2013" Time="13:24:30" DateTime="2013-02-18T16:24:30.937Z" SessionID="1"><From><User FriendlyName="Lucilene Rj"/></From><To><User FriendlyName="Comercial l GRUPO GENESIS"/></To><Text Style="font-family:Segoe UI; font-style:italic; color:#800080; ">pois cumprimos com o que prometemos</Text></Message><Message Date="18/02/2013" Time="13:25:01" DateTime="2013-02-18T16:25:01.996Z" SessionID="1"><From><User FriendlyName="Lucilene Rj"/></From><To><User FriendlyName="Comercial l GRUPO GENESIS"/></To><Text Style="font-family:Segoe UI; font-style:italic; color:#800080; ">para os alunos matriculados</Text></Message><Message Date="18/02/2013" Time="13:25:26" DateTime="2013-02-18T16:25:26.452Z" SessionID="1"><From><User FriendlyName="Lucilene Rj"/></From><To><User FriendlyName="Comercial l GRUPO GENESIS"/></To><Text Style="font-family:Segoe UI; font-style:italic; color:#800080; ">confiamos na Genesis por isso damos preferencia</Text></Message><Message Date="18/02/2013" Time="13:26:00" DateTime="2013-02-18T16:26:00.319Z" SessionID="1"><From><User FriendlyName="Lucilene Rj"/></From><To><User FriendlyName="Comercial l GRUPO GENESIS"/></To><Text Style="font-family:Segoe UI; font-style:italic; color:#800080; ">temos captadores no RJ mais optamos por vcs pois sabemos que será um ótimo trabalho</Text></Message><Message Date="18/02/2013" Time="13:27:28" DateTime="2013-02-18T16:27:28.730Z" SessionID="1"><From><User FriendlyName="Comercial l GRUPO GENESIS"/></From><To><User FriendlyName="Lucilene Rj"/></To><Text Style="font-family:Segoe UI; color:#000000; ">estamos resolvendo
ja ja..te dou uma posição</Text></Message><Message Date="18/02/2013" Time="13:28:51" DateTime="2013-02-18T16:28:51.548Z" SessionID="1"><From><User FriendlyName="Lucilene Rj"/></From><To><User FriendlyName="Comercial l GRUPO GENESIS"/></To><Text Style="font-family:Segoe UI; font-style:italic; color:#800080; ">ok</Text></Message><Message Date="20/02/2013" Time="08:43:46" DateTime="2013-02-20T11:43:46.820Z" SessionID="2"><From><User FriendlyName="Lucilene Rj"/></From><To><User FriendlyName="Comercial l GRUPO GENESIS"/></To><Text Style="font-family:Segoe UI; font-style:italic; color:#800080; ">Com dia</Text></Message><Message Date="20/02/2013" Time="08:43:57" DateTime="2013-02-20T11:43:57.195Z" SessionID="2"><From><User FriendlyName="Lucilene Rj"/></From><To><User FriendlyName="Comercial l GRUPO GENESIS"/></To><Text Style="font-family:Segoe UI; font-style:italic; color:#800080; ">Bom dia</Text></Message><Message Date="20/02/2013" Time="08:51:02" DateTime="2013-02-20T11:51:02.877Z" SessionID="2"><From><User FriendlyName="Comercial l GRUPO GENESIS"/></From><To><User FriendlyName="Lucilene Rj"/></To><Text Style="font-family:Segoe UI; color:#000000; ">bom dia</Text></Message><Message Date="20/02/2013" Time="09:01:50" DateTime="2013-02-20T12:01:50.752Z" SessionID="2"><From><User FriendlyName="Lucilene Rj"/></From><To><User FriendlyName="Comercial l GRUPO GENESIS"/></To><Text Style="font-family:Segoe UI; font-style:italic; color:#800080; ">EU GOSTARIA DE SABER SE VCS JÁ TEM A SOLUÇÃO </Text></Message><Message Date="20/02/2013" Time="09:02:02" DateTime="2013-02-20T12:02:02.819Z" SessionID="2"><From><User FriendlyName="Lucilene Rj"/></From><To><User FriendlyName="Comercial l GRUPO GENESIS"/></To><Text Style="font-family:Segoe UI; font-style:italic; color:#800080; ">REFERENTE AS PASSAGENS AEREAS</Text></Message><Message Date="20/02/2013" Time="09:02:30" DateTime="2013-02-20T12:02:30.192Z" SessionID="2"><From><User FriendlyName="Comercial l GRUPO GENESIS"/></From><To><User FriendlyName="Lucilene Rj"/></To><Text Style="font-family:Segoe UI; color:#000000; ">Sim,resolvi ontem</Text></Message><Message Date="20/02/2013" Time="09:02:47" DateTime="2013-02-20T12:02:47.524Z" SessionID="2"><From><User FriendlyName="Comercial l GRUPO GENESIS"/></From><To><User FriendlyName="Lucilene Rj"/></To><Text Style="font-family:Segoe UI; color:#000000; ">vai ficar a passagem em nome do André,</Text></Message><Message Date="20/02/2013" Time="09:04:49" DateTime="2013-02-20T12:04:49.150Z" SessionID="2"><From><User FriendlyName="Comercial l GRUPO GENESIS"/></From><To><User FriendlyName="Lucilene Rj"/></To><Text Style="font-family:Segoe UI; color:#000000; ">fizemos o seguinte,na mesma semana que sua cidade,tambem vamos fazer outra no Rio
ai em vez de comprar a passagem em nome do andré,compramos em nome do Daniel
no mesmo VOO,que o andré..ai chegando no Rio cada um vai para a cidade de campanha</Text></Message><Message Date="20/02/2013" Time="09:05:21" DateTime="2013-02-20T12:05:21.052Z" SessionID="2"><From><User FriendlyName="Comercial l GRUPO GENESIS"/></From><To><User FriendlyName="Lucilene Rj"/></To><Text Style="font-family:Segoe UI; color:#000000; ">Quem irá ai é Daniel</Text></Message><Message Date="20/02/2013" Time="09:05:27" DateTime="2013-02-20T12:05:27.043Z" SessionID="2"><From><User FriendlyName="Comercial l GRUPO GENESIS"/></From><To><User FriendlyName="Lucilene Rj"/></To><Text Style="font-family:Segoe UI; color:#000000; ">Resolvido?</Text></Message><Message Date="20/02/2013" Time="09:06:06" DateTime="2013-02-20T12:06:06.090Z" SessionID="2"><From><User FriendlyName="Lucilene Rj"/></From><To><User FriendlyName="Comercial l GRUPO GENESIS"/></To><Text Style="font-family:Segoe UI; font-style:italic; color:#800080; ">SIM ÓTIMO</Text></Message><Message Date="20/02/2013" Time="09:07:07" DateTime="2013-02-20T12:07:07.167Z" SessionID="2"><From><User FriendlyName="Comercial l GRUPO GENESIS"/></From><To><User FriendlyName="Lucilene Rj"/></To><Text Style="font-family:Segoe UI; color:#000000; ">que bom</Text></Message><Message Date="06/03/2013" Time="08:06:50" DateTime="2013-03-06T11:06:50.273Z" SessionID="3"><From><User FriendlyName="Comercial l GRUPO GENESIS"/></From><To><User FriendlyName="Lucilene Rj"/></To><Text Style="font-family:Segoe UI; color:#000000; ">oi</Text></Message><Message Date="06/03/2013" Time="08:06:52" DateTime="2013-03-06T11:06:52.660Z" SessionID="3"><From><User FriendlyName="Comercial l GRUPO GENESIS"/></From><To><User FriendlyName="Lucilene Rj"/></To><Text Style="font-family:Segoe UI; color:#000000; ">bom dia</Text></Message><Message Date="06/03/2013" Time="08:08:08" DateTime="2013-03-06T11:08:08.551Z" SessionID="3"><From><User FriendlyName="Lucilene Rj"/></From><To><User FriendlyName="Comercial l GRUPO GENESIS"/></To><Text Style="font-family:Segoe UI; font-style:italic; color:#800080; ">bom di</Text></Message><Message Date="06/03/2013" Time="08:08:12" DateTime="2013-03-06T11:08:12.372Z" SessionID="3"><From><User FriendlyName="Lucilene Rj"/></From><To><User FriendlyName="Comercial l GRUPO GENESIS"/></To><Text Style="font-family:Segoe UI; font-style:italic; color:#800080; ">bom di</Text></Message><Message Date="06/03/2013" Time="08:08:15" DateTime="2013-03-06T11:08:15.460Z" SessionID="3"><From><User FriendlyName="Lucilene Rj"/></From><To><User FriendlyName="Comercial l GRUPO GENESIS"/></To><Text Style="font-family:Segoe UI; font-style:italic; color:#800080; ">bom dia</Text></Message><Message Date="06/03/2013" Time="08:09:08" DateTime="2013-03-06T11:09:08.214Z" SessionID="3"><From><User FriendlyName="Comercial l GRUPO GENESIS"/></From><To><User FriendlyName="Lucilene Rj"/></To><Text Style="font-family:Segoe UI; color:#000000; ">foi resolvido a questão ontem com o Daniel?</Text></Message><Message Date="06/03/2013" Time="08:09:18" DateTime="2013-03-06T11:09:18.869Z" SessionID="3"><From><User FriendlyName="Comercial l GRUPO GENESIS"/></From><To><User FriendlyName="Lucilene Rj"/></To><Text Style="font-family:Segoe UI; color:#000000; ">dos 25 reais</Text></Message><Message Date="06/03/2013" Time="08:09:37" DateTime="2013-03-06T11:09:37.340Z" SessionID="3"><From><User FriendlyName="Lucilene Rj"/></From><To><User FriendlyName="Comercial l GRUPO GENESIS"/></To><Text Style="font-family:Segoe UI; font-style:italic; color:#800080; ">não</Text></Message><Message Date="06/03/2013" Time="08:50:24" DateTime="2013-03-06T11:50:24.716Z" SessionID="3"><From><User FriendlyName="Comercial l GRUPO GENESIS"/></From><To><User FriendlyName="Lucilene Rj"/></To><Text Style="font-family:Segoe UI; color:#000000; ">Lucilene?</Text></Message><Message Date="06/03/2013" Time="08:50:55" DateTime="2013-03-06T11:50:55.951Z" SessionID="3"><From><User FriendlyName="Comercial l GRUPO GENESIS"/></From><To><User FriendlyName="Lucilene Rj"/></To><Text Style="font-family:Segoe UI; color:#000000; ">houve um erro sim no seu contrato que passou despercebido.</Text></Message><Message Date="06/03/2013" Time="08:51:43" DateTime="2013-03-06T11:51:43.147Z" SessionID="3"><From><User FriendlyName="Comercial l GRUPO GENESIS"/></From><To><User FriendlyName="Lucilene Rj"/></To><Text Style="font-family:Segoe UI; color:#000000; ">estamos usando uma nova versão 2013,e não mudei o valor no seu por não saber.</Text></Message><Message Date="06/03/2013" Time="08:51:58" DateTime="2013-03-06T11:51:58.014Z" SessionID="3"><From><User FriendlyName="Comercial l GRUPO GENESIS"/></From><To><User FriendlyName="Lucilene Rj"/></To><Text Style="font-family:Segoe UI; color:#000000; ">falei com a Direção agora e me informaram</Text></Message><Message Date="06/03/2013" Time="08:52:39" DateTime="2013-03-06T11:52:39.750Z" SessionID="3"><From><User FriendlyName="Comercial l GRUPO GENESIS"/></From><To><User FriendlyName="Lucilene Rj"/></To><Text Style="font-family:Segoe UI; color:#000000; ">vou arrumar essa clausula,o diretor vai assinar e vou mandar para voce por Email.</Text></Message><Message Date="06/03/2013" Time="08:52:48" DateTime="2013-03-06T11:52:48.876Z" SessionID="3"><From><User FriendlyName="Comercial l GRUPO GENESIS"/></From><To><User FriendlyName="Lucilene Rj"/></To><Text Style="font-family:Segoe UI; color:#000000; ">ok?</Text></Message><Message Date="06/03/2013" Time="09:18:18" DateTime="2013-03-06T12:18:18.351Z" SessionID="3"><From><User FriendlyName="Comercial l GRUPO GENESIS"/></From><To><User FriendlyName="Lucilene Rj"/></To><Text Style="font-family:Segoe UI; color:#000000; ">Lucilene?????</Text></Message><Message Date="06/03/2013" Time="09:32:19" DateTime="2013-03-06T12:32:19.825Z" SessionID="3"><From><User FriendlyName="Lucilene Rj"/></From><To><User FriendlyName="Comercial l GRUPO GENESIS"/></To><Text Style="font-family:Segoe UI; font-style:italic; color:#800080; ">somente no celular: 21-8762-3530</Text></Message><Message Date="06/03/2013" Time="09:32:26" DateTime="2013-03-06T12:32:26.373Z" SessionID="3"><From><User FriendlyName="Lucilene Rj"/></From><To><User FriendlyName="Comercial l GRUPO GENESIS"/></To><Text Style="font-family:Segoe UI; font-style:italic; color:#800080; ">ela não está aqui na escola no momento</Text></Message></Log>
