<?xml version="1.0"?>
<?xml-stylesheet type='text/xsl' href='MessageLog.xsl'?>
<Log FirstSessionID="1" LastSessionID="1"><Message Date="08/02/2013" Time="11:24:38" DateTime="2013-02-08T13:24:38.076Z" SessionID="1"><From><User FriendlyName="Comercial l GRUPO GENESIS"/></From><To><User FriendlyName="Eduardo - Sapucaia do Sul - RS"/></To><Text Style="font-family:Segoe UI; color:#000000; ">ola</Text></Message><Message Date="08/02/2013" Time="11:24:39" DateTime="2013-02-08T13:24:39.936Z" SessionID="1"><From><User FriendlyName="Comercial l GRUPO GENESIS"/></From><To><User FriendlyName="Eduardo - Sapucaia do Sul - RS"/></To><Text Style="font-family:Segoe UI; color:#000000; ">bom dia</Text></Message><Message Date="08/02/2013" Time="11:24:52" DateTime="2013-02-08T13:24:52.187Z" SessionID="1"><From><User FriendlyName="Eduardo - Sapucaia do Sul - RS"/></From><To><User FriendlyName="Comercial l GRUPO GENESIS"/></To><Text>ola bom da</Text></Message><Message Date="08/02/2013" Time="11:24:53" DateTime="2013-02-08T13:24:53.677Z" SessionID="1"><From><User FriendlyName="Eduardo - Sapucaia do Sul - RS"/></From><To><User FriendlyName="Comercial l GRUPO GENESIS"/></To><Text>dia</Text></Message><Message Date="08/02/2013" Time="11:24:55" DateTime="2013-02-08T13:24:55.827Z" SessionID="1"><From><User FriendlyName="Comercial l GRUPO GENESIS"/></From><To><User FriendlyName="Eduardo - Sapucaia do Sul - RS"/></To><Text Style="font-family:Segoe UI; color:#000000; ">tudo bem?</Text></Message><Message Date="08/02/2013" Time="11:25:01" DateTime="2013-02-08T13:25:01.477Z" SessionID="1"><From><User FriendlyName="Eduardo - Sapucaia do Sul - RS"/></From><To><User FriendlyName="Comercial l GRUPO GENESIS"/></To><Text>sim excelente</Text></Message><Message Date="08/02/2013" Time="11:25:06" DateTime="2013-02-08T13:25:06.637Z" SessionID="1"><From><User FriendlyName="Comercial l GRUPO GENESIS"/></From><To><User FriendlyName="Eduardo - Sapucaia do Sul - RS"/></To><Text Style="font-family:Segoe UI; color:#000000; ">que bom</Text></Message><Message Date="08/02/2013" Time="11:25:31" DateTime="2013-02-08T13:25:31.836Z" SessionID="1"><From><User FriendlyName="Comercial l GRUPO GENESIS"/></From><To><User FriendlyName="Eduardo - Sapucaia do Sul - RS"/></To><Text Style="font-family:Segoe UI; color:#000000; ">já fez o agendamento para campanha 2013,para sua escola?</Text></Message><Message Date="08/02/2013" Time="11:26:25" DateTime="2013-02-08T13:26:25.945Z" SessionID="1"><From><User FriendlyName="Eduardo - Sapucaia do Sul - RS"/></From><To><User FriendlyName="Comercial l GRUPO GENESIS"/></To><Text>cara n/ao vou botar mais escola, estou a 4 meses em um novo negócio que ta mudando minha vida finaceira, vo te mandar site de nossa equipe http://www.vidatelexfree.com/</Text></Message><Message Date="08/02/2013" Time="11:26:31" DateTime="2013-02-08T13:26:31.389Z" SessionID="1"><From><User FriendlyName="Eduardo - Sapucaia do Sul - RS"/></From><To><User FriendlyName="Comercial l GRUPO GENESIS"/></To><Text>da uma olhada neste site</Text></Message><Message Date="08/02/2013" Time="11:26:56" DateTime="2013-02-08T13:26:56.612Z" SessionID="1"><From><User FriendlyName="Eduardo - Sapucaia do Sul - RS"/></From><To><User FriendlyName="Comercial l GRUPO GENESIS"/></To><Text>depois se vc se interessar me da um toque que conversamos certinho</Text></Message><Message Date="08/02/2013" Time="11:27:00" DateTime="2013-02-08T13:27:00.459Z" SessionID="1"><From><User FriendlyName="Eduardo - Sapucaia do Sul - RS"/></From><To><User FriendlyName="Comercial l GRUPO GENESIS"/></To><Text>e te explico tudo</Text></Message><Message Date="08/02/2013" Time="11:27:52" DateTime="2013-02-08T13:27:52.090Z" SessionID="1"><From><User FriendlyName="Comercial l GRUPO GENESIS"/></From><To><User FriendlyName="Eduardo - Sapucaia do Sul - RS"/></To><Text Style="font-family:Segoe UI; color:#000000; ">ta bom</Text></Message><Message Date="08/02/2013" Time="11:27:55" DateTime="2013-02-08T13:27:55.260Z" SessionID="1"><From><User FriendlyName="Eduardo - Sapucaia do Sul - RS"/></From><To><User FriendlyName="Comercial l GRUPO GENESIS"/></To><Text>Olá, ainda não somos contatos no Skype. Acesse o site skype.com e baixe o Skype agora, de graça.</Text></Message><Message Date="08/02/2013" Time="11:27:58" DateTime="2013-02-08T13:27:58.251Z" SessionID="1"><From><User FriendlyName="Eduardo - Sapucaia do Sul - RS"/></From><To><User FriendlyName="Comercial l GRUPO GENESIS"/></To><Text>baixa skype</Text></Message><Message Date="08/02/2013" Time="11:28:01" DateTime="2013-02-08T13:28:01.289Z" SessionID="1"><From><User FriendlyName="Eduardo - Sapucaia do Sul - RS"/></From><To><User FriendlyName="Comercial l GRUPO GENESIS"/></To><Text>que msn vai sair</Text></Message><Message Date="08/02/2013" Time="11:28:04" DateTime="2013-02-08T13:28:04.850Z" SessionID="1"><From><User FriendlyName="Eduardo - Sapucaia do Sul - RS"/></From><To><User FriendlyName="Comercial l GRUPO GENESIS"/></To><Text>se funcionamento</Text></Message><Message Date="08/02/2013" Time="11:28:09" DateTime="2013-02-08T13:28:09.810Z" SessionID="1"><From><User FriendlyName="Eduardo - Sapucaia do Sul - RS"/></From><To><User FriendlyName="Comercial l GRUPO GENESIS"/></To><Text>será tudo pleo skype</Text></Message><Message Date="08/02/2013" Time="11:28:44" DateTime="2013-02-08T13:28:44.056Z" SessionID="1"><From><User FriendlyName="Comercial l GRUPO GENESIS"/></From><To><User FriendlyName="Eduardo - Sapucaia do Sul - RS"/></To><Text Style="font-family:Segoe UI; color:#000000; ">sim,obrigado pela dica</Text></Message><Message Date="08/02/2013" Time="11:31:34" DateTime="2013-02-08T13:31:34.930Z" SessionID="1"><From><User FriendlyName="Eduardo - Sapucaia do Sul - RS"/></From><To><User FriendlyName="Comercial l GRUPO GENESIS"/></To><Text>vai la não sei que posição vc tem na sua empresa mas olha bem este site que te mandei e pesquisa este negócio cara que vale a pena, num outro momento posso te mostrar em detalhes a questão do rendimento, em 4 meses so de bonificação faturei mais de 37 mil. e isso não é querer te convencer, apenas quero destacar que 95% dos negócios na internet e falcatrua em 15 anos de informática e sendo empresário é o primeiro que conheço que tenho vários amigos só fazendo isso e ganhando dinheiro</Text></Message></Log>
