<?xml version="1.0"?>
<?xml-stylesheet type='text/xsl' href='MessageLog.xsl'?>
<Log FirstSessionID="1" LastSessionID="2"><Message Date="30/01/2013" Time="09:40:16" DateTime="2013-01-30T11:40:16.898Z" SessionID="1"><From><User FriendlyName="Comercial l GRUPO GENESIS"/></From><To><User FriendlyName="Nadia Fassbinder"/></To><Text Style="font-family:Segoe UI; color:#000000; ">Bom dia</Text></Message><Message Date="30/01/2013" Time="09:44:48" DateTime="2013-01-30T11:44:48.770Z" SessionID="1"><From><User FriendlyName="Nadia Fassbinder"/></From><To><User FriendlyName="Comercial l GRUPO GENESIS"/></To><Text Style="font-family:Segoe UI; color:#000000; ">bom dia</Text></Message><Message Date="30/01/2013" Time="09:45:09" DateTime="2013-01-30T11:45:09.406Z" SessionID="1"><From><User FriendlyName="Comercial l GRUPO GENESIS"/></From><To><User FriendlyName="Nadia Fassbinder"/></To><Text Style="font-family:Segoe UI; color:#000000; ">tudo bem?</Text></Message><Message Date="30/01/2013" Time="09:45:41" DateTime="2013-01-30T11:45:41.817Z" SessionID="1"><From><User FriendlyName="Nadia Fassbinder"/></From><To><User FriendlyName="Comercial l GRUPO GENESIS"/></To><Text Style="font-family:Segoe UI; color:#000000; ">tdo</Text></Message><Message Date="30/01/2013" Time="09:47:58" DateTime="2013-01-30T11:47:58.073Z" SessionID="1"><From><User FriendlyName="Comercial l GRUPO GENESIS"/></From><To><User FriendlyName="Nadia Fassbinder"/></To><Text Style="font-family:Segoe UI; color:#000000; ">que bom</Text></Message><Message Date="30/01/2013" Time="11:53:28" DateTime="2013-01-30T13:53:28.467Z" SessionID="2"><From><User FriendlyName="Comercial l GRUPO GENESIS"/></From><To><User FriendlyName="Nadia Fassbinder"/></To><Text Style="font-family:Segoe UI; color:#000000; ">ja agendou sua campanha para 2013?</Text></Message><Message Date="30/01/2013" Time="11:54:11" DateTime="2013-01-30T13:54:11.896Z" SessionID="2"><From><User FriendlyName="Nadia Fassbinder"/></From><To><User FriendlyName="Comercial l GRUPO GENESIS"/></To><Text Style="font-family:Segoe UI; color:#000000; ">ainda nao</Text></Message><Message Date="30/01/2013" Time="11:54:18" DateTime="2013-01-30T13:54:18.688Z" SessionID="2"><From><User FriendlyName="Nadia Fassbinder"/></From><To><User FriendlyName="Comercial l GRUPO GENESIS"/></To><Text Style="font-family:Segoe UI; color:#000000; ">qual a campanha de vcs?</Text></Message><Message Date="30/01/2013" Time="11:55:16" DateTime="2013-01-30T13:55:16.857Z" SessionID="2"><From><User FriendlyName="Comercial l GRUPO GENESIS"/></From><To><User FriendlyName="Nadia Fassbinder"/></To><Text Style="font-family:Segoe UI; color:#000000; ">Para o voce entender melhor , nós temos uma campanha chamada Clube Estudantil e através desse clube os alunos terão mais vantagens de estudar em sua escola, além de aprender os cursos que você oferece, os alunos recebem um reforço escolar através de um portal exclusivo de nossa empresa, onde eles terão professores online em matemática e português, ou seja,adquirindo nossa campanha o voce recebe um portal totalmente gratuito livre de taxas e manutenções.</Text></Message><Message Date="30/01/2013" Time="11:56:17" DateTime="2013-01-30T13:56:17.189Z" SessionID="2"><From><User FriendlyName="Nadia Fassbinder"/></From><To><User FriendlyName="Comercial l GRUPO GENESIS"/></To><Text Style="font-family:Segoe UI; color:#000000; ">interessante</Text></Message><Message Date="30/01/2013" Time="11:56:27" DateTime="2013-01-30T13:56:27.544Z" SessionID="2"><From><User FriendlyName="Comercial l GRUPO GENESIS"/></From><To><User FriendlyName="Nadia Fassbinder"/></To><Text Style="font-family:Segoe UI; color:#000000; ">Sim</Text></Message><Message Date="30/01/2013" Time="11:57:28" DateTime="2013-01-30T13:57:28.826Z" SessionID="2"><From><User FriendlyName="Comercial l GRUPO GENESIS"/></From><To><User FriendlyName="Nadia Fassbinder"/></To><Text Style="font-family:Segoe UI; color:#000000; ">é um grande atrativo para fazer as matriculas.sempre temos grandes resultados</Text></Message><Message Date="30/01/2013" Time="11:58:44" DateTime="2013-01-30T13:58:44.548Z" SessionID="2"><From><User FriendlyName="Nadia Fassbinder"/></From><To><User FriendlyName="Comercial l GRUPO GENESIS"/></To><Text Style="font-family:Segoe UI; color:#000000; ">to saindo pra almoço</Text></Message><Message Date="30/01/2013" Time="11:58:48" DateTime="2013-01-30T13:58:48.128Z" SessionID="2"><From><User FriendlyName="Nadia Fassbinder"/></From><To><User FriendlyName="Comercial l GRUPO GENESIS"/></To><Text Style="font-family:Segoe UI; color:#000000; ">a tarde falamos</Text></Message><Message Date="30/01/2013" Time="11:59:03" DateTime="2013-01-30T13:59:03.975Z" SessionID="2"><From><User FriendlyName="Comercial l GRUPO GENESIS"/></From><To><User FriendlyName="Nadia Fassbinder"/></To><Text Style="font-family:Segoe UI; color:#000000; ">sim,vou aguardar
um bom almoço pra voce</Text></Message><Message Date="30/01/2013" Time="11:59:08" DateTime="2013-01-30T13:59:08.565Z" SessionID="2"><From><User FriendlyName="Comercial l GRUPO GENESIS"/></From><To><User FriendlyName="Nadia Fassbinder"/></To><Text Style="font-family:Segoe UI; color:#000000; ">até mais</Text></Message></Log>
