<?xml version="1.0"?>
<?xml-stylesheet type='text/xsl' href='MessageLog.xsl'?>
<Log FirstSessionID="1" LastSessionID="1"><Message Date="28/01/2013" Time="16:57:44" DateTime="2013-01-28T18:57:44.443Z" SessionID="1"><From><User FriendlyName="Comercial l GRUPO GENESIS"/></From><To><User FriendlyName="INFORMATICA ñ tem escola PR Olidei Tonin"/></To><Text Style="font-family:Segoe UI; color:#000000; ">ola</Text></Message><Message Date="28/01/2013" Time="16:57:49" DateTime="2013-01-28T18:57:49.718Z" SessionID="1"><From><User FriendlyName="Comercial l GRUPO GENESIS"/></From><To><User FriendlyName="INFORMATICA ñ tem escola PR Olidei Tonin"/></To><Text Style="font-family:Segoe UI; color:#000000; ">boa tarde</Text></Message></Log>
