<?xml version="1.0"?>
<?xml-stylesheet type='text/xsl' href='MessageLog.xsl'?>
<Log FirstSessionID="1" LastSessionID="8"><Message Date="01/02/2013" Time="10:53:48" DateTime="2013-02-01T12:53:48.342Z" SessionID="1"><From><User FriendlyName="Comercial l GRUPO GENESIS"/></From><To><User FriendlyName="Lazaro Augusto Buleriano da Cunha"/></To><Text Style="font-family:Segoe UI; color:#000000; ">ola Lazaro</Text></Message><Message Date="01/02/2013" Time="10:53:55" DateTime="2013-02-01T12:53:55.323Z" SessionID="1"><From><User FriendlyName="Comercial l GRUPO GENESIS"/></From><To><User FriendlyName="Lazaro Augusto Buleriano da Cunha"/></To><Text Style="font-family:Segoe UI; color:#000000; ">tudo bem?</Text></Message><Message Date="01/02/2013" Time="13:25:22" DateTime="2013-02-01T15:25:22.643Z" SessionID="2"><From><User FriendlyName="Comercial l GRUPO GENESIS"/></From><To><User FriendlyName="Lazaro Augusto Buleriano da Cunha"/></To><Text Style="font-family:Segoe UI; color:#000000; ">oooi lazaro</Text></Message><Message Date="01/02/2013" Time="13:27:56" DateTime="2013-02-01T15:27:56.080Z" SessionID="2"><From><User FriendlyName="Lazaro Augusto Buleriano da Cunha"/></From><To><User FriendlyName="Comercial l GRUPO GENESIS"/></To><Text Style="font-family:Segoe UI; color:#000000; ">so um minuto ja te atendo</Text></Message><Message Date="01/02/2013" Time="13:30:03" DateTime="2013-02-01T15:30:03.047Z" SessionID="2"><From><User FriendlyName="Comercial l GRUPO GENESIS"/></From><To><User FriendlyName="Lazaro Augusto Buleriano da Cunha"/></To><Text Style="font-family:Segoe UI; color:#000000; ">ok,aguardo</Text></Message><Message Date="01/02/2013" Time="14:00:55" DateTime="2013-02-01T16:00:55.395Z" SessionID="2"><From><User FriendlyName="Comercial l GRUPO GENESIS"/></From><To><User FriendlyName="Lazaro Augusto Buleriano da Cunha"/></To><Text Style="font-family:Segoe UI; color:#000000; ">ola?</Text></Message><Message Date="01/02/2013" Time="14:05:06" DateTime="2013-02-01T16:05:06.351Z" SessionID="2"><From><User FriendlyName="Lazaro Augusto Buleriano da Cunha"/></From><To><User FriendlyName="Comercial l GRUPO GENESIS"/></To><Text Style="font-family:Segoe UI; color:#000000; ">opa</Text></Message><Message Date="01/02/2013" Time="14:05:08" DateTime="2013-02-01T16:05:08.513Z" SessionID="2"><From><User FriendlyName="Lazaro Augusto Buleriano da Cunha"/></From><To><User FriendlyName="Comercial l GRUPO GENESIS"/></To><Text Style="font-family:Segoe UI; color:#000000; ">pode falar</Text></Message><Message Date="01/02/2013" Time="14:06:37" DateTime="2013-02-01T16:06:37.800Z" SessionID="2"><From><User FriendlyName="Comercial l GRUPO GENESIS"/></From><To><User FriendlyName="Lazaro Augusto Buleriano da Cunha"/></To><Text Style="font-family:Segoe UI; color:#000000; ">lazaro te liguei mais cedo mais voce nao atendeu..
ontem te liguei lembra?pra perguntar se voce ja sabia,quem ficaria com a segunda semana de campanha..voce ou seu amigo</Text></Message><Message Date="01/02/2013" Time="14:06:48" DateTime="2013-02-01T16:06:48.243Z" SessionID="2"><From><User FriendlyName="Comercial l GRUPO GENESIS"/></From><To><User FriendlyName="Lazaro Augusto Buleriano da Cunha"/></To><Text Style="font-family:Segoe UI; color:#000000; ">voce me disse que teria a resposta hoje a tarede</Text></Message><Message Date="01/02/2013" Time="14:06:51" DateTime="2013-02-01T16:06:51.343Z" SessionID="2"><From><User FriendlyName="Comercial l GRUPO GENESIS"/></From><To><User FriendlyName="Lazaro Augusto Buleriano da Cunha"/></To><Text Style="font-family:Segoe UI; color:#000000; ">tarde*</Text></Message><Message Date="01/02/2013" Time="14:06:59" DateTime="2013-02-01T16:06:59.233Z" SessionID="2"><From><User FriendlyName="Comercial l GRUPO GENESIS"/></From><To><User FriendlyName="Lazaro Augusto Buleriano da Cunha"/></To><Text Style="font-family:Segoe UI; color:#000000; ">já sabe me dizer?</Text></Message><Message Date="01/02/2013" Time="14:07:50" DateTime="2013-02-01T16:07:50.247Z" SessionID="2"><From><User FriendlyName="Lazaro Augusto Buleriano da Cunha"/></From><To><User FriendlyName="Comercial l GRUPO GENESIS"/></To><Text Style="font-family:Segoe UI; color:#000000; ">entao eu nao consegui falar com ele mas a principio deixa pra mim mesmo</Text></Message><Message Date="01/02/2013" Time="14:08:05" DateTime="2013-02-01T16:08:05.084Z" SessionID="2"><From><User FriendlyName="Lazaro Augusto Buleriano da Cunha"/></From><To><User FriendlyName="Comercial l GRUPO GENESIS"/></To><Text Style="font-family:Segoe UI; color:#000000; ">se conseguir falar com ele ai eu te falo posteriormente</Text></Message><Message Date="01/02/2013" Time="14:13:26" DateTime="2013-02-01T16:13:26.042Z" SessionID="2"><From><User FriendlyName="Comercial l GRUPO GENESIS"/></From><To><User FriendlyName="Lazaro Augusto Buleriano da Cunha"/></To><Text Style="font-family:Segoe UI; color:#000000; ">entaão ta</Text></Message><Message Date="01/02/2013" Time="14:14:00" DateTime="2013-02-01T16:14:00.729Z" SessionID="2"><From><User FriendlyName="Comercial l GRUPO GENESIS"/></From><To><User FriendlyName="Lazaro Augusto Buleriano da Cunha"/></To><Text Style="font-family:Segoe UI; color:#000000; ">só preciso agora que o senhor me passe esse formulario que vou te enviar preenchido com as informaçoes das 2 escolas</Text></Message><Message Date="01/02/2013" Time="14:14:08" DateTime="2013-02-01T16:14:08.592Z" SessionID="2"><From><User FriendlyName="Comercial l GRUPO GENESIS"/></From><To><User FriendlyName="Lazaro Augusto Buleriano da Cunha"/></To><Text Style="font-family:Segoe UI; color:#000000; ">no caso 2 formularios</Text></Message><Message Date="01/02/2013" Time="14:14:29" DateTime="2013-02-01T16:14:29.658Z" SessionID="2"><From><User FriendlyName="Comercial l GRUPO GENESIS"/></From><To><User FriendlyName="Lazaro Augusto Buleriano da Cunha"/></To><Text Style="font-family:Segoe UI; color:#000000; ">cada um com as informações das mesmas</Text></Message><Message Date="01/02/2013" Time="14:14:47" DateTime="2013-02-01T16:14:47.528Z" SessionID="2"><From><User FriendlyName="Lazaro Augusto Buleriano da Cunha"/></From><To><User FriendlyName="Comercial l GRUPO GENESIS"/></To><Text Style="font-family:Segoe UI; color:#000000; ">ok manda ai pro meu email</Text></Message><Message Date="01/02/2013" Time="14:15:35" DateTime="2013-02-01T16:15:35.968Z" SessionID="2"><From><User FriendlyName="Comercial l GRUPO GENESIS"/></From><To><User FriendlyName="Lazaro Augusto Buleriano da Cunha"/></To><Text Style="font-family:Segoe UI; color:#000000; ">posso te mandar por aqui</Text></Message><Message Date="01/02/2013" Time="14:15:41" DateTime="2013-02-01T16:15:41.724Z" SessionID="2"><From><User FriendlyName="Comercial l GRUPO GENESIS"/></From><To><User FriendlyName="Lazaro Augusto Buleriano da Cunha"/></To><Text Style="font-family:Segoe UI; color:#000000; ">tudo bemw</Text></Message><Message Date="01/02/2013" Time="14:15:43" DateTime="2013-02-01T16:15:43.384Z" SessionID="2"><From><User FriendlyName="Comercial l GRUPO GENESIS"/></From><To><User FriendlyName="Lazaro Augusto Buleriano da Cunha"/></To><Text Style="font-family:Segoe UI; color:#000000; ">?</Text></Message><Message Date="01/02/2013" Time="14:16:02" DateTime="2013-02-01T16:16:02.683Z" SessionID="2"><From><User FriendlyName="Lazaro Augusto Buleriano da Cunha"/></From><To><User FriendlyName="Comercial l GRUPO GENESIS"/></To><Text Style="font-family:Segoe UI; color:#000000; ">manda pro meu email porque estou em um cliente</Text></Message><Message Date="01/02/2013" Time="14:16:10" DateTime="2013-02-01T16:16:10.640Z" SessionID="2"><From><User FriendlyName="Comercial l GRUPO GENESIS"/></From><To><User FriendlyName="Lazaro Augusto Buleriano da Cunha"/></To><Text Style="font-family:Segoe UI; color:#000000; ">sim</Text></Message><Message Date="01/02/2013" Time="14:16:14" DateTime="2013-02-01T16:16:14.593Z" SessionID="2"><From><User FriendlyName="Comercial l GRUPO GENESIS"/></From><To><User FriendlyName="Lazaro Augusto Buleriano da Cunha"/></To><Text Style="font-family:Segoe UI; color:#000000; ">vou enviar</Text></Message><Message Date="01/02/2013" Time="14:16:39" DateTime="2013-02-01T16:16:39.474Z" SessionID="2"><From><User FriendlyName="Comercial l GRUPO GENESIS"/></From><To><User FriendlyName="Lazaro Augusto Buleriano da Cunha"/></To><Text Style="font-family:Segoe UI; color:#000000; ">ai salva, e faz duas copias</Text></Message><Message Date="01/02/2013" Time="14:16:49" DateTime="2013-02-01T16:16:49.545Z" SessionID="2"><From><User FriendlyName="Comercial l GRUPO GENESIS"/></From><To><User FriendlyName="Lazaro Augusto Buleriano da Cunha"/></To><Text Style="font-family:Segoe UI; color:#000000; ">ai cada copia uma escola</Text></Message><Message Date="01/02/2013" Time="14:16:54" DateTime="2013-02-01T16:16:54.108Z" SessionID="2"><From><User FriendlyName="Comercial l GRUPO GENESIS"/></From><To><User FriendlyName="Lazaro Augusto Buleriano da Cunha"/></To><Text Style="font-family:Segoe UI; color:#000000; ">ok?</Text></Message><Message Date="01/02/2013" Time="14:17:09" DateTime="2013-02-01T16:17:09.992Z" SessionID="2"><From><User FriendlyName="Lazaro Augusto Buleriano da Cunha"/></From><To><User FriendlyName="Comercial l GRUPO GENESIS"/></To><Text Style="font-family:Segoe UI; color:#000000; ">ok</Text></Message><Message Date="01/02/2013" Time="14:17:15" DateTime="2013-02-01T16:17:15.331Z" SessionID="2"><From><User FriendlyName="Comercial l GRUPO GENESIS"/></From><To><User FriendlyName="Lazaro Augusto Buleriano da Cunha"/></To><Text Style="font-family:Segoe UI; color:#000000; ">obrigado</Text></Message><Message Date="01/02/2013" Time="14:17:26" DateTime="2013-02-01T16:17:26.791Z" SessionID="2"><From><User FriendlyName="Comercial l GRUPO GENESIS"/></From><To><User FriendlyName="Lazaro Augusto Buleriano da Cunha"/></To><Text Style="font-family:Segoe UI; color:#000000; ">um bom final de semana e até mais</Text></Message><Message Date="01/02/2013" Time="14:17:31" DateTime="2013-02-01T16:17:31.861Z" SessionID="2"><From><User FriendlyName="Lazaro Augusto Buleriano da Cunha"/></From><To><User FriendlyName="Comercial l GRUPO GENESIS"/></To><Text Style="font-family:Segoe UI; color:#000000; ">igualmente</Text></Message><Message Date="01/02/2013" Time="14:17:33" DateTime="2013-02-01T16:17:33.218Z" SessionID="2"><From><User FriendlyName="Comercial l GRUPO GENESIS"/></From><To><User FriendlyName="Lazaro Augusto Buleriano da Cunha"/></To><Text Style="font-family:Segoe UI; color:#000000; ">aguardo os formularios</Text></Message><Message Date="05/02/2013" Time="15:42:39" DateTime="2013-02-05T17:42:39.498Z" SessionID="3"><From><User FriendlyName="Comercial l GRUPO GENESIS"/></From><To><User FriendlyName="Lazaro Augusto Buleriano da Cunha"/></To><Text Style="font-family:Segoe UI; color:#000000; ">ola</Text></Message><Message Date="05/02/2013" Time="15:42:42" DateTime="2013-02-05T17:42:42.275Z" SessionID="3"><From><User FriendlyName="Comercial l GRUPO GENESIS"/></From><To><User FriendlyName="Lazaro Augusto Buleriano da Cunha"/></To><Text Style="font-family:Segoe UI; color:#000000; ">boa tarde</Text></Message><Message Date="05/02/2013" Time="15:44:53" DateTime="2013-02-05T17:44:53.098Z" SessionID="3"><From><User FriendlyName="Comercial l GRUPO GENESIS"/></From><To><User FriendlyName="Lazaro Augusto Buleriano da Cunha"/></To><Text Style="font-family:Segoe UI; color:#000000; ">Lazaro?</Text></Message><Message Date="13/02/2013" Time="14:35:43" DateTime="2013-02-13T17:35:43.220Z" SessionID="4"><From><User FriendlyName="Comercial l GRUPO GENESIS"/></From><To><User FriendlyName="Lazaro Augusto Buleriano da Cunha"/></To><Text Style="font-family:Segoe UI; color:#000000; ">ola lazaro</Text></Message><Message Date="13/02/2013" Time="14:35:47" DateTime="2013-02-13T17:35:47.728Z" SessionID="4"><From><User FriendlyName="Comercial l GRUPO GENESIS"/></From><To><User FriendlyName="Lazaro Augusto Buleriano da Cunha"/></To><Text Style="font-family:Segoe UI; color:#000000; ">tudo bem?</Text></Message><Message Date="14/02/2013" Time="16:32:30" DateTime="2013-02-14T19:32:30.510Z" SessionID="5"><From><User FriendlyName="Comercial l GRUPO GENESIS"/></From><To><User FriendlyName="Lazaro Augusto Buleriano da Cunha"/></To><Text Style="font-family:Segoe UI; color:#000000; ">ooi</Text></Message><Message Date="14/02/2013" Time="17:08:43" DateTime="2013-02-14T20:08:43.716Z" SessionID="5"><From><User FriendlyName="Comercial l GRUPO GENESIS"/></From><To><User FriendlyName="Lazaro Augusto Buleriano da Cunha"/></To><Text Style="font-family:Segoe UI; color:#000000; ">lazaro</Text></Message><Message Date="14/02/2013" Time="17:08:46" DateTime="2013-02-14T20:08:46.804Z" SessionID="5"><From><User FriendlyName="Comercial l GRUPO GENESIS"/></From><To><User FriendlyName="Lazaro Augusto Buleriano da Cunha"/></To><Text Style="font-family:Segoe UI; color:#000000; ">????</Text></Message><Message Date="20/02/2013" Time="14:40:34" DateTime="2013-02-20T17:40:34.999Z" SessionID="6"><From><User FriendlyName="Comercial l GRUPO GENESIS"/></From><To><User FriendlyName="Lazaro Augusto Buleriano da Cunha"/></To><Text Style="font-family:Segoe UI; color:#000000; ">Oi lazaro</Text></Message><Message Date="20/02/2013" Time="14:40:46" DateTime="2013-02-20T17:40:46.547Z" SessionID="6"><From><User FriendlyName="Comercial l GRUPO GENESIS"/></From><To><User FriendlyName="Lazaro Augusto Buleriano da Cunha"/></To><Text Style="font-family:Segoe UI; color:#000000; ">ainda nao me passou os documentos</Text></Message><Message Date="06/03/2013" Time="09:37:52" DateTime="2013-03-06T12:37:52.912Z" SessionID="7"><From><User FriendlyName="Comercial l GRUPO GENESIS"/></From><To><User FriendlyName="Lazaro Augusto Buleriano da Cunha"/></To><Text Style="font-family:Segoe UI; color:#000000; ">LAZARO?</Text></Message><Message Date="06/03/2013" Time="09:39:05" DateTime="2013-03-06T12:39:05.826Z" SessionID="7"><From><User FriendlyName="Comercial l GRUPO GENESIS"/></From><To><User FriendlyName="Lazaro Augusto Buleriano da Cunha"/></To><Text Style="font-family:Segoe UI; color:#000000; ">CONSEGUIU OS DOCUMENTOS?</Text></Message><Message Date="06/03/2013" Time="17:20:08" DateTime="2013-03-06T20:20:08.534Z" SessionID="8"><From><User FriendlyName="Comercial l GRUPO GENESIS"/></From><To><User FriendlyName="Lazaro Augusto Buleriano da Cunha"/></To><Text Style="font-family:Segoe UI; color:#000000; ">lazaro?</Text></Message></Log>
