<?xml version="1.0"?>
<?xml-stylesheet type='text/xsl' href='MessageLog.xsl'?>
<Log FirstSessionID="1" LastSessionID="5"><Message Date="17/01/2013" Time="08:48:57" DateTime="2013-01-17T10:48:57.807Z" SessionID="1"><From><User FriendlyName="Comercial l GRUPO GENESIS"/></From><To><User FriendlyName="Patricio- Agua Doce ano que vem 2012"/></To><Text Style="font-family:Segoe UI; color:#000000; ">Oi</Text></Message><Message Date="17/01/2013" Time="08:49:00" DateTime="2013-01-17T10:49:00.933Z" SessionID="1"><From><User FriendlyName="Comercial l GRUPO GENESIS"/></From><To><User FriendlyName="Patricio- Agua Doce ano que vem 2012"/></To><Text Style="font-family:Segoe UI; color:#000000; ">Bom Dia</Text></Message><Message Date="25/01/2013" Time="13:54:51" DateTime="2013-01-25T15:54:51.412Z" SessionID="2"><From><User FriendlyName="Comercial l GRUPO GENESIS"/></From><To><User FriendlyName="Patricio- Agua Doce ano que vem 2012"/></To><Text Style="font-family:Segoe UI; color:#000000; ">Oi </Text></Message><Message Date="25/01/2013" Time="13:55:10" DateTime="2013-01-25T15:55:10.242Z" SessionID="2"><From><User FriendlyName="Comercial l GRUPO GENESIS"/></From><To><User FriendlyName="Patricio- Agua Doce ano que vem 2012"/></To><Text Style="font-family:Segoe UI; color:#000000; ">Boa Tarde</Text></Message><Message Date="25/01/2013" Time="14:14:30" DateTime="2013-01-25T16:14:30.877Z" SessionID="2"><From><User FriendlyName="Comercial l GRUPO GENESIS"/></From><To><User FriendlyName="Patricio- Agua Doce ano que vem 2012"/></To><Text Style="font-family:Segoe UI; color:#000000; ">olaaaaa</Text></Message><Message Date="30/01/2013" Time="09:24:43" DateTime="2013-01-30T11:24:43.830Z" SessionID="3"><From><User FriendlyName="Comercial l GRUPO GENESIS"/></From><To><User FriendlyName="Patricio- Agua Doce ano que vem 2012"/></To><Text Style="font-family:Segoe UI; color:#000000; ">Oi</Text></Message><Message Date="30/01/2013" Time="09:24:46" DateTime="2013-01-30T11:24:46.701Z" SessionID="3"><From><User FriendlyName="Comercial l GRUPO GENESIS"/></From><To><User FriendlyName="Patricio- Agua Doce ano que vem 2012"/></To><Text Style="font-family:Segoe UI; color:#000000; ">Bom DiA</Text></Message><Message Date="21/02/2013" Time="09:05:24" DateTime="2013-02-21T12:05:24.698Z" SessionID="4"><From><User FriendlyName="Comercial l GRUPO GENESIS"/></From><To><User FriendlyName="Patricio- Agua Doce ano que vem 2012"/></To><Text Style="font-family:Segoe UI; color:#000000; ">ola</Text></Message><Message Date="21/02/2013" Time="09:05:27" DateTime="2013-02-21T12:05:27.116Z" SessionID="4"><From><User FriendlyName="Comercial l GRUPO GENESIS"/></From><To><User FriendlyName="Patricio- Agua Doce ano que vem 2012"/></To><Text Style="font-family:Segoe UI; color:#000000; ">bom dia</Text></Message><Message Date="30/04/2013" Time="10:20:51" DateTime="2013-04-30T13:20:51.171Z" SessionID="5"><From><User FriendlyName="Comercial l GRUPO GENESIS"/></From><To><User FriendlyName="Patricio- Agua Doce ano que vem 2012"/></To><Text Style="font-family:Segoe UI; color:#000000; ">Oi</Text></Message><Message Date="30/04/2013" Time="10:20:53" DateTime="2013-04-30T13:20:53.277Z" SessionID="5"><From><User FriendlyName="Comercial l GRUPO GENESIS"/></From><To><User FriendlyName="Patricio- Agua Doce ano que vem 2012"/></To><Text Style="font-family:Segoe UI; color:#000000; ">bom dia</Text></Message></Log>
