<?xml version="1.0"?>
<?xml-stylesheet type='text/xsl' href='MessageLog.xsl'?>
<Log FirstSessionID="1" LastSessionID="8"><Message Date="18/01/2013" Time="10:28:48" DateTime="2013-01-18T12:28:48.915Z" SessionID="1"><From><User FriendlyName="Comercial l GRUPO GENESIS"/></From><To><User FriendlyName="Paulo - Teresópolis Rio de Janeiro"/></To><Text Style="font-family:Segoe UI; color:#000000; ">ola paulo</Text></Message><Message Date="18/01/2013" Time="10:28:50" DateTime="2013-01-18T12:28:50.655Z" SessionID="1"><From><User FriendlyName="Comercial l GRUPO GENESIS"/></From><To><User FriendlyName="Paulo - Teresópolis Rio de Janeiro"/></To><Text Style="font-family:Segoe UI; color:#000000; ">bom dia</Text></Message><Message Date="18/01/2013" Time="10:29:01" DateTime="2013-01-18T12:29:01.775Z" SessionID="1"><From><User FriendlyName="Comercial l GRUPO GENESIS"/></From><To><User FriendlyName="Paulo - Teresópolis Rio de Janeiro"/></To><Text Style="font-family:Segoe UI; color:#000000; ">podemos conversar?</Text></Message><Message Date="18/01/2013" Time="10:29:11" DateTime="2013-01-18T12:29:11.995Z" SessionID="1"><From><User FriendlyName="Comercial l GRUPO GENESIS"/></From><To><User FriendlyName="Paulo - Teresópolis Rio de Janeiro"/></To><Text Style="font-family:Segoe UI; color:#000000; ">é sobre sua data de agendamento</Text></Message><Message Date="18/01/2013" Time="10:29:43" DateTime="2013-01-18T12:29:43.505Z" SessionID="1"><From><User FriendlyName="Paulo - Teresópolis Rio de Janeiro"/></From><To><User FriendlyName="Comercial l GRUPO GENESIS"/></To><Text Style="font-family:Segoe UI; color:#000000; ">claro.....</Text></Message><Message Date="18/01/2013" Time="10:29:47" DateTime="2013-01-18T12:29:47.455Z" SessionID="1"><From><User FriendlyName="Paulo - Teresópolis Rio de Janeiro"/></From><To><User FriendlyName="Comercial l GRUPO GENESIS"/></To><Text Style="font-family:Segoe UI; color:#000000; ">pode falar?</Text></Message><Message Date="18/01/2013" Time="10:31:46" DateTime="2013-01-18T12:31:46.473Z" SessionID="1"><From><User FriendlyName="Comercial l GRUPO GENESIS"/></From><To><User FriendlyName="Paulo - Teresópolis Rio de Janeiro"/></To><Text Style="font-family:Segoe UI; color:#000000; ">Lembra que sua data era para a semana do dia 11 de fev.</Text></Message><Message Date="18/01/2013" Time="10:32:22" DateTime="2013-01-18T12:32:22.528Z" SessionID="1"><From><User FriendlyName="Comercial l GRUPO GENESIS"/></From><To><User FriendlyName="Paulo - Teresópolis Rio de Janeiro"/></To><Text Style="font-family:Segoe UI; color:#000000; ">mais nosso Diretor de marketing,ligou e te explicou que não daria para fazer,pois é semana de carnaval</Text></Message><Message Date="18/01/2013" Time="10:33:13" DateTime="2013-01-18T12:33:13.758Z" SessionID="1"><From><User FriendlyName="Paulo - Teresópolis Rio de Janeiro"/></From><To><User FriendlyName="Comercial l GRUPO GENESIS"/></To><Text Style="font-family:Segoe UI; color:#000000; ">lembro, porém vc me lembrou que é carnaval e aí sugeri a semana de 04/03/13 a 09/03/13 e vc ficou de confirmar.</Text></Message><Message Date="18/01/2013" Time="10:34:11" DateTime="2013-01-18T12:34:11.378Z" SessionID="1"><From><User FriendlyName="Comercial l GRUPO GENESIS"/></From><To><User FriendlyName="Paulo - Teresópolis Rio de Janeiro"/></To><Text Style="font-family:Segoe UI; color:#000000; ">Então,sou estou entrando em contato pra avisar que conseguimos essa data do dia 04/03,e queria saber se posso confirmar</Text></Message><Message Date="18/01/2013" Time="10:34:29" DateTime="2013-01-18T12:34:29.858Z" SessionID="1"><From><User FriendlyName="Paulo - Teresópolis Rio de Janeiro"/></From><To><User FriendlyName="Comercial l GRUPO GENESIS"/></To><Text Style="font-family:Segoe UI; color:#000000; ">pode sim......</Text></Message><Message Date="18/01/2013" Time="10:34:45" DateTime="2013-01-18T12:34:45.728Z" SessionID="1"><From><User FriendlyName="Paulo - Teresópolis Rio de Janeiro"/></From><To><User FriendlyName="Comercial l GRUPO GENESIS"/></To><Text Style="font-family:Segoe UI; color:#000000; ">o projeto será nas escolas estaduais e municipais, certo?</Text></Message><Message Date="18/01/2013" Time="10:36:08" DateTime="2013-01-18T12:36:08.128Z" SessionID="1"><From><User FriendlyName="Comercial l GRUPO GENESIS"/></From><To><User FriendlyName="Paulo - Teresópolis Rio de Janeiro"/></To><Text Style="font-family:Segoe UI; color:#000000; ">isso]</Text></Message><Message Date="18/01/2013" Time="10:37:07" DateTime="2013-01-18T12:37:07.338Z" SessionID="1"><From><User FriendlyName="Paulo - Teresópolis Rio de Janeiro"/></From><To><User FriendlyName="Comercial l GRUPO GENESIS"/></To><Text Style="font-family:Segoe UI; color:#000000; ">certo, já sabe o nome do divulgador que vem? Pois gostaria de conversar com ele antes para evitarmos problemas com a divulgação durante a semana aqui na cidade.</Text></Message><Message Date="18/01/2013" Time="10:42:26" DateTime="2013-01-18T12:42:26.207Z" SessionID="1"><From><User FriendlyName="Comercial l GRUPO GENESIS"/></From><To><User FriendlyName="Paulo - Teresópolis Rio de Janeiro"/></To><Text Style="font-family:Segoe UI; color:#000000; ">Nosso gerente chega na terça feira em sua escola, e tem uma reunião completa para conher todos os benefícios da sua escola, em seguida ele vai agregar esses benefícios ao nosso projeto, durante a semana ele visita as escolas abertas pelo senhor, faz a divulgação com os alunos, importante lembrar que não entramos em sala de aula, não pegamos nome e nem telefone dos alunos, apenas reunimos alguns aleatoriamente em uma sala separada, explicamos os benefícios do Portal e da sua escola, entregamos um convite para identificar os beneficiados e convidamos todos a comparecerem no sábado com seus responsáveis para finalizar o credenciamento ao Projeto.</Text></Message><Message Date="18/01/2013" Time="10:42:49" DateTime="2013-01-18T12:42:49.767Z" SessionID="1"><From><User FriendlyName="Comercial l GRUPO GENESIS"/></From><To><User FriendlyName="Paulo - Teresópolis Rio de Janeiro"/></To><Text Style="font-family:Segoe UI; color:#000000; ">Ja fazemos campanhas de sucesso no Rio,então vamos seguir o mesmo padrão</Text></Message><Message Date="18/01/2013" Time="10:43:32" DateTime="2013-01-18T12:43:32.655Z" SessionID="1"><From><User FriendlyName="Comercial l GRUPO GENESIS"/></From><To><User FriendlyName="Paulo - Teresópolis Rio de Janeiro"/></To><Text Style="font-family:Segoe UI; color:#000000; ">o nome do Gerente de marketing é André.</Text></Message><Message Date="18/01/2013" Time="10:48:20" DateTime="2013-01-18T12:48:20.668Z" SessionID="1"><From><User FriendlyName="Paulo - Teresópolis Rio de Janeiro"/></From><To><User FriendlyName="Comercial l GRUPO GENESIS"/></To><Text Style="font-family:Segoe UI; color:#000000; ">Certo.....</Text></Message><Message Date="18/01/2013" Time="10:49:33" DateTime="2013-01-18T12:49:33.986Z" SessionID="1"><From><User FriendlyName="Paulo - Teresópolis Rio de Janeiro"/></From><To><User FriendlyName="Comercial l GRUPO GENESIS"/></To><Text Style="font-family:Segoe UI; color:#000000; ">Só não tenho esse tempo para ir nas escolas, fizemos um projeto aqui em 2012 de um preparatório militar que foi um sucesso, o divulgador veio, conversou com as diretoras, uma ou outra escola não permitiu, coloquei uma pessoa para acompanhar de carro nas escolas e deu muito certo....</Text></Message><Message Date="18/01/2013" Time="10:49:47" DateTime="2013-01-18T12:49:47.026Z" SessionID="1"><From><User FriendlyName="Paulo - Teresópolis Rio de Janeiro"/></From><To><User FriendlyName="Comercial l GRUPO GENESIS"/></To><Text Style="font-family:Segoe UI; color:#000000; ">gostaria de definir isso com ele.....</Text></Message><Message Date="18/01/2013" Time="10:53:10" DateTime="2013-01-18T12:53:10.258Z" SessionID="1"><From><User FriendlyName="Comercial l GRUPO GENESIS"/></From><To><User FriendlyName="Paulo - Teresópolis Rio de Janeiro"/></To><Text Style="font-family:Segoe UI; color:#000000; ">Paulo,a sua escola é bem vista pelas unidades escolares??</Text></Message><Message Date="18/01/2013" Time="10:55:47" DateTime="2013-01-18T12:55:47.421Z" SessionID="1"><From><User FriendlyName="Paulo - Teresópolis Rio de Janeiro"/></From><To><User FriendlyName="Comercial l GRUPO GENESIS"/></To><Text Style="font-family:Segoe UI; color:#000000; ">não tenho problemas com nenhuma escola da cidade.</Text></Message><Message Date="18/01/2013" Time="10:58:47" DateTime="2013-01-18T12:58:47.291Z" SessionID="1"><From><User FriendlyName="Comercial l GRUPO GENESIS"/></From><To><User FriendlyName="Paulo - Teresópolis Rio de Janeiro"/></To><Text Style="font-family:Segoe UI; color:#000000; ">pergunto isso,porque a garantia do sucesso depende de ulguns fatores,eo bom relacionamento com as escolas é importante.
se voce conseguir que vá algum gerente,coordenador..alguem só pra nos dar a garantia que podemos entrar nas escolas..</Text></Message><Message Date="18/01/2013" Time="11:00:44" DateTime="2013-01-18T13:00:44.501Z" SessionID="1"><From><User FriendlyName="Paulo - Teresópolis Rio de Janeiro"/></From><To><User FriendlyName="Comercial l GRUPO GENESIS"/></To><Text Style="font-family:Segoe UI; color:#000000; ">Qual o seu nome?</Text></Message><Message Date="18/01/2013" Time="11:01:21" DateTime="2013-01-18T13:01:21.995Z" SessionID="1"><From><User FriendlyName="Comercial l GRUPO GENESIS"/></From><To><User FriendlyName="Paulo - Teresópolis Rio de Janeiro"/></To><Text Style="font-family:Segoe UI; color:#000000; ">Daiana</Text></Message><Message Date="18/01/2013" Time="11:02:01" DateTime="2013-01-18T13:02:01.615Z" SessionID="1"><From><User FriendlyName="Paulo - Teresópolis Rio de Janeiro"/></From><To><User FriendlyName="Comercial l GRUPO GENESIS"/></To><Text Style="font-family:Segoe UI; color:#000000; ">Então Daiana, como eu te disse, terá alguém para levar seu divulgador nas escolas, mais este servirá apenas de motorista.....</Text></Message><Message Date="18/01/2013" Time="11:02:39" DateTime="2013-01-18T13:02:39.765Z" SessionID="1"><From><User FriendlyName="Paulo - Teresópolis Rio de Janeiro"/></From><To><User FriendlyName="Comercial l GRUPO GENESIS"/></To><Text Style="font-family:Segoe UI; color:#000000; ">todas as divulgações que fiz na cidade onde foram programadas deram certo, as que não foram conversadas foram um fracasso....</Text></Message><Message Date="18/01/2013" Time="11:02:50" DateTime="2013-01-18T13:02:50.065Z" SessionID="1"><From><User FriendlyName="Paulo - Teresópolis Rio de Janeiro"/></From><To><User FriendlyName="Comercial l GRUPO GENESIS"/></To><Text Style="font-family:Segoe UI; color:#000000; ">por isso minha insistência em falar com o André.</Text></Message><Message Date="18/01/2013" Time="11:13:18" DateTime="2013-01-18T13:13:18.340Z" SessionID="1"><From><User FriendlyName="Comercial l GRUPO GENESIS"/></From><To><User FriendlyName="Paulo - Teresópolis Rio de Janeiro"/></To><Text Style="font-family:Segoe UI; color:#000000; ">Agora nosso Diretor de Marketing está em reunião,mais no periodo da tarde,ele vai poder te atender</Text></Message><Message Date="18/01/2013" Time="11:13:37" DateTime="2013-01-18T13:13:37.182Z" SessionID="1"><From><User FriendlyName="Paulo - Teresópolis Rio de Janeiro"/></From><To><User FriendlyName="Comercial l GRUPO GENESIS"/></To><Text Style="font-family:Segoe UI; color:#000000; ">ok... pede ele para  me chamar aqui ok?</Text></Message><Message Date="18/01/2013" Time="11:15:05" DateTime="2013-01-18T13:15:05.454Z" SessionID="1"><From><User FriendlyName="Comercial l GRUPO GENESIS"/></From><To><User FriendlyName="Paulo - Teresópolis Rio de Janeiro"/></To><Text Style="font-family:Segoe UI; color:#000000; ">Ele vai te ligar,pois sou do comercial e tenho bastante trabalho o dia inteiro.
ligando voce tira suas duvidas e conversa melhor</Text></Message><Message Date="18/01/2013" Time="11:16:57" DateTime="2013-01-18T13:16:57.708Z" SessionID="1"><From><User FriendlyName="Paulo - Teresópolis Rio de Janeiro"/></From><To><User FriendlyName="Comercial l GRUPO GENESIS"/></To><Text Style="font-family:Segoe UI; color:#000000; ">pefeit.</Text></Message><Message Date="18/01/2013" Time="11:17:01" DateTime="2013-01-18T13:17:01.986Z" SessionID="1"><From><User FriendlyName="Paulo - Teresópolis Rio de Janeiro"/></From><To><User FriendlyName="Comercial l GRUPO GENESIS"/></To><Text Style="font-family:Segoe UI; color:#000000; ">*perfeito</Text></Message><Message Date="18/01/2013" Time="11:17:27" DateTime="2013-01-18T13:17:27.828Z" SessionID="1"><From><User FriendlyName="Comercial l GRUPO GENESIS"/></From><To><User FriendlyName="Paulo - Teresópolis Rio de Janeiro"/></To><Text Style="font-family:Segoe UI; color:#000000; ">a tarde entraremos em contato.</Text></Message><Message Date="18/01/2013" Time="11:17:32" DateTime="2013-01-18T13:17:32.628Z" SessionID="1"><From><User FriendlyName="Comercial l GRUPO GENESIS"/></From><To><User FriendlyName="Paulo - Teresópolis Rio de Janeiro"/></To><Text Style="font-family:Segoe UI; color:#000000; ">até mais</Text></Message><Message Date="19/02/2013" Time="10:14:42" DateTime="2013-02-19T13:14:42.243Z" SessionID="2"><From><User FriendlyName="Paulo - Teresópolis Rio de Janeiro"/></From><To><User FriendlyName="Comercial l GRUPO GENESIS"/></To><Text Style="font-family:Segoe UI; color:#000000; ">Bom dia!</Text></Message><Message Date="19/02/2013" Time="10:15:09" DateTime="2013-02-19T13:15:09.806Z" SessionID="2"><From><User FriendlyName="Paulo - Teresópolis Rio de Janeiro"/></From><To><User FriendlyName="Comercial l GRUPO GENESIS"/></To><Text Style="font-family:Segoe UI; color:#000000; ">Gostaria de saber se tnho alguma data agendada para divulgação em nossa cidade com sua empresa, falo de Teresópolis/RJ</Text></Message><Message Date="19/02/2013" Time="10:16:10" DateTime="2013-02-19T13:16:10.659Z" SessionID="2"><From><User FriendlyName="Comercial l GRUPO GENESIS"/></From><To><User FriendlyName="Paulo - Teresópolis Rio de Janeiro"/></To><Text Style="font-family:Segoe UI; color:#000000; ">sim,inclusive ia te ligar agora para falar sobre a passagem
dia 04 de abril</Text></Message><Message Date="19/02/2013" Time="10:16:28" DateTime="2013-02-19T13:16:28.630Z" SessionID="2"><From><User FriendlyName="Comercial l GRUPO GENESIS"/></From><To><User FriendlyName="Paulo - Teresópolis Rio de Janeiro"/></To><Text Style="font-family:Segoe UI; color:#000000; ">nao,04 de março</Text></Message><Message Date="19/02/2013" Time="10:16:33" DateTime="2013-02-19T13:16:33.653Z" SessionID="2"><From><User FriendlyName="Comercial l GRUPO GENESIS"/></From><To><User FriendlyName="Paulo - Teresópolis Rio de Janeiro"/></To><Text Style="font-family:Segoe UI; color:#000000; ">perdão</Text></Message><Message Date="19/02/2013" Time="10:18:08" DateTime="2013-02-19T13:18:08.148Z" SessionID="2"><From><User FriendlyName="Paulo - Teresópolis Rio de Janeiro"/></From><To><User FriendlyName="Comercial l GRUPO GENESIS"/></To><Text Style="font-family:Segoe UI; color:#000000; ">Tenho algumas perguntas para fazer antes, fizemos um trabalho em 2012 que não foi tão organizado quanto eu gostaria que fosse, para evitar o mesmo erro, gostaria de acertar algumas coisas antes.....</Text></Message><Message Date="19/02/2013" Time="10:18:24" DateTime="2013-02-19T13:18:24.877Z" SessionID="2"><From><User FriendlyName="Comercial l GRUPO GENESIS"/></From><To><User FriendlyName="Paulo - Teresópolis Rio de Janeiro"/></To><Text Style="font-family:Segoe UI; color:#000000; ">sim,diga</Text></Message><Message Date="19/02/2013" Time="10:24:31" DateTime="2013-02-19T13:24:31.434Z" SessionID="2"><From><User FriendlyName="Paulo - Teresópolis Rio de Janeiro"/></From><To><User FriendlyName="Comercial l GRUPO GENESIS"/></To><Text Style="font-family:Segoe UI; color:#000000; ">então...</Text></Message><Message Date="19/02/2013" Time="10:25:02" DateTime="2013-02-19T13:25:02.753Z" SessionID="2"><From><User FriendlyName="Paulo - Teresópolis Rio de Janeiro"/></From><To><User FriendlyName="Comercial l GRUPO GENESIS"/></To><Text Style="font-family:Segoe UI; color:#000000; ">trabalho será feito nas escolas municipais e estaduais nos turnos da manhã, tarde e noite certo?</Text></Message><Message Date="19/02/2013" Time="10:25:14" DateTime="2013-02-19T13:25:14.641Z" SessionID="2"><From><User FriendlyName="Paulo - Teresópolis Rio de Janeiro"/></From><To><User FriendlyName="Comercial l GRUPO GENESIS"/></To><Text Style="font-family:Segoe UI; color:#000000; ">o divulgador que virá está preparado para isso?</Text></Message><Message Date="19/02/2013" Time="10:26:50" DateTime="2013-02-19T13:26:50.374Z" SessionID="2"><From><User FriendlyName="Comercial l GRUPO GENESIS"/></From><To><User FriendlyName="Paulo - Teresópolis Rio de Janeiro"/></To><Text Style="font-family:Segoe UI; color:#000000; ">Manha e tarde</Text></Message><Message Date="19/02/2013" Time="10:27:37" DateTime="2013-02-19T13:27:37.299Z" SessionID="2"><From><User FriendlyName="Comercial l GRUPO GENESIS"/></From><To><User FriendlyName="Paulo - Teresópolis Rio de Janeiro"/></To><Text Style="font-family:Segoe UI; color:#000000; "> em alguns casos a noite</Text></Message><Message Date="19/02/2013" Time="10:28:00" DateTime="2013-02-19T13:28:00.240Z" SessionID="2"><From><User FriendlyName="Comercial l GRUPO GENESIS"/></From><To><User FriendlyName="Paulo - Teresópolis Rio de Janeiro"/></To><Text Style="font-family:Segoe UI; color:#000000; ">Pode combinar com o gerente na semana!</Text></Message><Message Date="19/02/2013" Time="10:29:41" DateTime="2013-02-19T13:29:41.221Z" SessionID="2"><From><User FriendlyName="Paulo - Teresópolis Rio de Janeiro"/></From><To><User FriendlyName="Comercial l GRUPO GENESIS"/></To><Text Style="font-family:Segoe UI; color:#000000; ">prefiro combinar antes....</Text></Message><Message Date="19/02/2013" Time="10:29:45" DateTime="2013-02-19T13:29:45.358Z" SessionID="2"><From><User FriendlyName="Paulo - Teresópolis Rio de Janeiro"/></From><To><User FriendlyName="Comercial l GRUPO GENESIS"/></To><Text Style="font-family:Segoe UI; color:#000000; ">pode me colocar me contato com ele, ou seja, pedi para me ligar.....</Text></Message><Message Date="19/02/2013" Time="10:31:55" DateTime="2013-02-19T13:31:55.410Z" SessionID="2"><From><User FriendlyName="Comercial l GRUPO GENESIS"/></From><To><User FriendlyName="Paulo - Teresópolis Rio de Janeiro"/></To><Text Style="font-family:Segoe UI; color:#000000; ">ele está em campanha</Text></Message><Message Date="19/02/2013" Time="10:32:29" DateTime="2013-02-19T13:32:29.215Z" SessionID="2"><From><User FriendlyName="Comercial l GRUPO GENESIS"/></From><To><User FriendlyName="Paulo - Teresópolis Rio de Janeiro"/></To><Text Style="font-family:Segoe UI; color:#000000; ">Mais quem irá éo andré,nosso diretor de marketing..
</Text></Message><Message Date="19/02/2013" Time="10:32:42" DateTime="2013-02-19T13:32:42.990Z" SessionID="2"><From><User FriendlyName="Comercial l GRUPO GENESIS"/></From><To><User FriendlyName="Paulo - Teresópolis Rio de Janeiro"/></To><Text Style="font-family:Segoe UI; color:#000000; ">ele sempre sabe oque é melhor pra campanha</Text></Message><Message Date="19/02/2013" Time="10:47:35" DateTime="2013-02-19T13:47:35.923Z" SessionID="2"><From><User FriendlyName="Paulo - Teresópolis Rio de Janeiro"/></From><To><User FriendlyName="Comercial l GRUPO GENESIS"/></To><Text Style="font-family:Segoe UI; color:#000000; ">ele sempre sabe....entendi.....</Text></Message><Message Date="19/02/2013" Time="10:48:34" DateTime="2013-02-19T13:48:34.332Z" SessionID="2"><From><User FriendlyName="Comercial l GRUPO GENESIS"/></From><To><User FriendlyName="Paulo - Teresópolis Rio de Janeiro"/></To><Text Style="font-family:Segoe UI; color:#000000; ">mais alguma questão?</Text></Message><Message Date="19/02/2013" Time="10:50:01" DateTime="2013-02-19T13:50:01.239Z" SessionID="2"><From><User FriendlyName="Paulo - Teresópolis Rio de Janeiro"/></From><To><User FriendlyName="Comercial l GRUPO GENESIS"/></To><Text Style="font-family:Segoe UI; color:#000000; ">posso alterar data da divulgação para segunda semana de março, as aulas aqui na cidade não começaram hoje e devem começar apenas na próxima semana, ficará muito em cima e tenho receios do André encontrar dificuldades nas escolas junto os diretores.</Text></Message><Message Date="19/02/2013" Time="10:51:49" DateTime="2013-02-19T13:51:49.229Z" SessionID="2"><From><User FriendlyName="Comercial l GRUPO GENESIS"/></From><To><User FriendlyName="Paulo - Teresópolis Rio de Janeiro"/></To><Text Style="font-family:Segoe UI; color:#000000; ">Paulo voce está na melhor data,e não tenho como mecher na agenda,pois a unica semana que tenho livre nesse momento é 10 de junho</Text></Message><Message Date="19/02/2013" Time="10:56:36" DateTime="2013-02-19T13:56:36.873Z" SessionID="2"><From><User FriendlyName="Paulo - Teresópolis Rio de Janeiro"/></From><To><User FriendlyName="Comercial l GRUPO GENESIS"/></To><Text Style="font-family:Segoe UI; color:#000000; ">o problema é quem farei um investimento que pra mim faz diferença e o André não conseguirá fazer todas as escolas......</Text></Message><Message Date="19/02/2013" Time="11:01:58" DateTime="2013-02-19T14:01:58.650Z" SessionID="2"><From><User FriendlyName="Comercial l GRUPO GENESIS"/></From><To><User FriendlyName="Paulo - Teresópolis Rio de Janeiro"/></To><Text Style="font-family:Segoe UI; color:#000000; ">o André esta muito motivado,e vai dar um grande resultado.
Ja fizemos um logistica e não pode faltar.
se sair dessa semana vai cair em junho,pois so tenho essa data livre.
vc esta na melhor data do ano</Text></Message><Message Date="19/02/2013" Time="11:16:27" DateTime="2013-02-19T14:16:27.621Z" SessionID="2"><From><User FriendlyName="Paulo - Teresópolis Rio de Janeiro"/></From><To><User FriendlyName="Comercial l GRUPO GENESIS"/></To><Text Style="font-family:Segoe UI; color:#000000; ">então mantenha, ano passado mandei o dinheiro e vcs compraram a passagem por aí, possp fazer dessa maneira tbm?</Text></Message><Message Date="19/02/2013" Time="14:02:07" DateTime="2013-02-19T17:02:07.996Z" SessionID="2"><From><User FriendlyName="Comercial l GRUPO GENESIS"/></From><To><User FriendlyName="Paulo - Teresópolis Rio de Janeiro"/></To><Text Style="font-family:Segoe UI; color:#000000; ">só preciso conferir o valor da passagem e te mando</Text></Message><Message Date="19/02/2013" Time="14:02:36" DateTime="2013-02-19T17:02:36.671Z" SessionID="2"><From><User FriendlyName="Comercial l GRUPO GENESIS"/></From><To><User FriendlyName="Paulo - Teresópolis Rio de Janeiro"/></To><Text Style="font-family:Segoe UI; color:#000000; ">ai quando voce depositar me envie o comprovante</Text></Message><Message Date="19/02/2013" Time="14:02:43" DateTime="2013-02-19T17:02:43.457Z" SessionID="2"><From><User FriendlyName="Comercial l GRUPO GENESIS"/></From><To><User FriendlyName="Paulo - Teresópolis Rio de Janeiro"/></To><Text Style="font-family:Segoe UI; color:#000000; ">ai compro aqui</Text></Message><Message Date="19/02/2013" Time="14:19:38" DateTime="2013-02-19T17:19:38.113Z" SessionID="2"><From><User FriendlyName="Paulo - Teresópolis Rio de Janeiro"/></From><To><User FriendlyName="Comercial l GRUPO GENESIS"/></To><Text Style="font-family:Segoe UI; color:#000000; "> noite costuma ser mais barato certo?</Text></Message><Message Date="19/02/2013" Time="14:19:49" DateTime="2013-02-19T17:19:49.173Z" SessionID="2"><From><User FriendlyName="Paulo - Teresópolis Rio de Janeiro"/></From><To><User FriendlyName="Comercial l GRUPO GENESIS"/></To><Text Style="font-family:Segoe UI; color:#000000; ">tente algo que facilite o custo.</Text></Message><Message Date="19/02/2013" Time="14:19:50" DateTime="2013-02-19T17:19:50.597Z" SessionID="2"><From><User FriendlyName="Comercial l GRUPO GENESIS"/></From><To><User FriendlyName="Paulo - Teresópolis Rio de Janeiro"/></To><Text Style="font-family:Segoe UI; color:#000000; ">sim</Text></Message><Message Date="20/02/2013" Time="09:05:52" DateTime="2013-02-20T12:05:52.752Z" SessionID="3"><From><User FriendlyName="Comercial l GRUPO GENESIS"/></From><To><User FriendlyName="Paulo - Teresópolis Rio de Janeiro"/></To><Text Style="font-family:Segoe UI; color:#000000; ">Bom Dia Paulo</Text></Message><Message Date="20/02/2013" Time="09:26:49" DateTime="2013-02-20T12:26:49.579Z" SessionID="3"><From><User FriendlyName="Comercial l GRUPO GENESIS"/></From><To><User FriendlyName="Paulo - Teresópolis Rio de Janeiro"/></To><Text Style="font-family:Segoe UI; color:#000000; ">olaa</Text></Message><Message Date="20/02/2013" Time="09:30:57" DateTime="2013-02-20T12:30:57.982Z" SessionID="3"><From><User FriendlyName="Paulo - Teresópolis Rio de Janeiro"/></From><To><User FriendlyName="Comercial l GRUPO GENESIS"/></To><Text Style="font-family:Segoe UI; color:#000000; ">bom dia!</Text></Message><Message Date="20/02/2013" Time="09:31:11" DateTime="2013-02-20T12:31:11.992Z" SessionID="3"><From><User FriendlyName="Comercial l GRUPO GENESIS"/></From><To><User FriendlyName="Paulo - Teresópolis Rio de Janeiro"/></To><Text Style="font-family:Segoe UI; color:#000000; ">recebeu meu e-mail?</Text></Message><Message Date="20/02/2013" Time="09:36:21" DateTime="2013-02-20T12:36:21.416Z" SessionID="3"><From><User FriendlyName="Paulo - Teresópolis Rio de Janeiro"/></From><To><User FriendlyName="Comercial l GRUPO GENESIS"/></To><Text Style="font-family:Segoe UI; color:#000000; ">recebi sim. já estou providenciando......</Text></Message><Message Date="20/02/2013" Time="09:37:07" DateTime="2013-02-20T12:37:07.300Z" SessionID="3"><From><User FriendlyName="Comercial l GRUPO GENESIS"/></From><To><User FriendlyName="Paulo - Teresópolis Rio de Janeiro"/></To><Text Style="font-family:Segoe UI; color:#000000; ">Os valores aumentam a cada dia,seria bom depositar para não aumentar</Text></Message><Message Date="20/02/2013" Time="09:38:51" DateTime="2013-02-20T12:38:51.767Z" SessionID="3"><From><User FriendlyName="Paulo - Teresópolis Rio de Janeiro"/></From><To><User FriendlyName="Comercial l GRUPO GENESIS"/></To><Text Style="font-family:Segoe UI; color:#000000; ">Você pode pedir par o ANdré me ligar hoje? Quero acertar algumas coisas com ele antes dele chegar aqui...</Text></Message><Message Date="20/02/2013" Time="09:39:31" DateTime="2013-02-20T12:39:31.031Z" SessionID="3"><From><User FriendlyName="Comercial l GRUPO GENESIS"/></From><To><User FriendlyName="Paulo - Teresópolis Rio de Janeiro"/></To><Text Style="font-family:Segoe UI; color:#000000; ">o andré esta em campanha,não tem como ligar para outros clientes</Text></Message><Message Date="20/02/2013" Time="09:40:13" DateTime="2013-02-20T12:40:13.445Z" SessionID="3"><From><User FriendlyName="Paulo - Teresópolis Rio de Janeiro"/></From><To><User FriendlyName="Comercial l GRUPO GENESIS"/></To><Text Style="font-family:Segoe UI; color:#000000; ">.Te confesso que não gostei da idéia de quando ele chegar ver o que é melhor para a semana, o cara não tem conhecimento da cidade, não sabe a história do local e pode tomar uma atitude certa que me ajudará bastante ou errada e comprometer o ano, porque aqui na cidade as escolas tem o costume de deixar entrar somente uma vez por ano.....</Text></Message><Message Date="20/02/2013" Time="09:40:19" DateTime="2013-02-20T12:40:19.346Z" SessionID="3"><From><User FriendlyName="Paulo - Teresópolis Rio de Janeiro"/></From><To><User FriendlyName="Comercial l GRUPO GENESIS"/></To><Text Style="font-family:Segoe UI; color:#000000; ">por isso minha preocupação.....</Text></Message><Message Date="20/02/2013" Time="09:40:41" DateTime="2013-02-20T12:40:41.731Z" SessionID="3"><From><User FriendlyName="Paulo - Teresópolis Rio de Janeiro"/></From><To><User FriendlyName="Comercial l GRUPO GENESIS"/></To><Text Style="font-family:Segoe UI; color:#000000; ">se eu não deixar tudo muito certo, perderei minha única oportunidade de entrar nas escolas esse ano.....</Text></Message><Message Date="20/02/2013" Time="09:41:31" DateTime="2013-02-20T12:41:31.791Z" SessionID="3"><From><User FriendlyName="Comercial l GRUPO GENESIS"/></From><To><User FriendlyName="Paulo - Teresópolis Rio de Janeiro"/></To><Text Style="font-family:Segoe UI; color:#000000; ">Mais oque o nosso diretor de marketing poderia fazer e prejudicar sua escola,por exemplo?</Text></Message><Message Date="20/02/2013" Time="09:44:47" DateTime="2013-02-20T12:44:47.228Z" SessionID="3"><From><User FriendlyName="Paulo - Teresópolis Rio de Janeiro"/></From><To><User FriendlyName="Comercial l GRUPO GENESIS"/></To><Text Style="font-family:Segoe UI; color:#000000; ">Se ele não consegue acesso nas escolas ou em boa parte delas, o número e matrículas fica comprometido. Fiz uma divulgação ano passado para um curso preparatório militar que o divulgador entendeu o que eu quiz dizer, foram 180 matrículas, sucesso total e já tenho agendado para o meio do ano novamente, a organização do divulgador contou para que o trabalho desse certo como deu..... </Text></Message><Message Date="20/02/2013" Time="09:50:22" DateTime="2013-02-20T12:50:22.268Z" SessionID="3"><From><User FriendlyName="Comercial l GRUPO GENESIS"/></From><To><User FriendlyName="Paulo - Teresópolis Rio de Janeiro"/></To><Text Style="font-family:Segoe UI; color:#000000; ">Olha..posso te tranquilizar que ninguem fala nada doque não foi combinado</Text></Message><Message Date="20/02/2013" Time="09:50:34" DateTime="2013-02-20T12:50:34.234Z" SessionID="3"><From><User FriendlyName="Comercial l GRUPO GENESIS"/></From><To><User FriendlyName="Paulo - Teresópolis Rio de Janeiro"/></To><Text Style="font-family:Segoe UI; color:#000000; ">o andré é experiente</Text></Message><Message Date="20/02/2013" Time="09:51:12" DateTime="2013-02-20T12:51:12.966Z" SessionID="3"><From><User FriendlyName="Comercial l GRUPO GENESIS"/></From><To><User FriendlyName="Paulo - Teresópolis Rio de Janeiro"/></To><Text Style="font-family:Segoe UI; color:#000000; ">e se quizer te passo referencias de escolas q já fizeram trabalho com agente e foi o andré quem fez a campanha</Text></Message><Message Date="20/02/2013" Time="09:51:13" DateTime="2013-02-20T12:51:13.060Z" SessionID="3"><From><User FriendlyName="Paulo - Teresópolis Rio de Janeiro"/></From><To><User FriendlyName="Comercial l GRUPO GENESIS"/></To><Text Style="font-family:Segoe UI; color:#000000; ">certo....</Text></Message><Message Date="20/02/2013" Time="09:51:35" DateTime="2013-02-20T12:51:35.766Z" SessionID="3"><From><User FriendlyName="Paulo - Teresópolis Rio de Janeiro"/></From><To><User FriendlyName="Comercial l GRUPO GENESIS"/></To><Text Style="font-family:Segoe UI; color:#000000; ">se não se importar, poderia me passar de preferência aqui no Rio?</Text></Message><Message Date="20/02/2013" Time="09:51:52" DateTime="2013-02-20T12:51:52.810Z" SessionID="3"><From><User FriendlyName="Comercial l GRUPO GENESIS"/></From><To><User FriendlyName="Paulo - Teresópolis Rio de Janeiro"/></To><Text Style="font-family:Segoe UI; color:#000000; ">sim</Text></Message><Message Date="20/02/2013" Time="09:53:04" DateTime="2013-02-20T12:53:04.975Z" SessionID="3"><From><User FriendlyName="Comercial l GRUPO GENESIS"/></From><To><User FriendlyName="Paulo - Teresópolis Rio de Janeiro"/></To><Text Style="font-family:Segoe UI; color:#000000; ">NET MIDIA
21 3739-1191
Magé
Falar com Lucilene</Text></Message><Message Date="20/02/2013" Time="10:19:08" DateTime="2013-02-20T13:19:08.363Z" SessionID="3"><From><User FriendlyName="Paulo - Teresópolis Rio de Janeiro"/></From><To><User FriendlyName="Comercial l GRUPO GENESIS"/></To><Text Style="font-family:Segoe UI; color:#000000; ">Quando foi a última divulgação feita em Magé?</Text></Message><Message Date="20/02/2013" Time="10:20:33" DateTime="2013-02-20T13:20:33.822Z" SessionID="3"><From><User FriendlyName="Comercial l GRUPO GENESIS"/></From><To><User FriendlyName="Paulo - Teresópolis Rio de Janeiro"/></To><Text Style="font-family:Segoe UI; color:#000000; ">agosto de 2012
e na mesma semana que sua campanha,tem uma para a escola dela tambem</Text></Message><Message Date="20/02/2013" Time="10:46:32" DateTime="2013-02-20T13:46:32.291Z" SessionID="3"><From><User FriendlyName="Paulo - Teresópolis Rio de Janeiro"/></From><To><User FriendlyName="Comercial l GRUPO GENESIS"/></To><Text Style="font-family:Segoe UI; color:#000000; ">entendi.....</Text></Message><Message Date="04/03/2013" Time="16:44:33" DateTime="2013-03-04T19:44:33.071Z" SessionID="4"><From><User FriendlyName="Paulo - Teresópolis Rio de Janeiro"/></From><To><User FriendlyName="Comercial l GRUPO GENESIS"/></To><Text Style="font-family:Segoe UI; color:#000000; ">boa tarde!</Text></Message><Message Date="04/03/2013" Time="16:44:52" DateTime="2013-03-04T19:44:52.973Z" SessionID="4"><From><User FriendlyName="Comercial l GRUPO GENESIS"/></From><To><User FriendlyName="Paulo - Teresópolis Rio de Janeiro"/></To><Text Style="font-family:Segoe UI; color:#000000; ">Boa Trde</Text></Message><Message Date="04/03/2013" Time="16:44:54" DateTime="2013-03-04T19:44:54.549Z" SessionID="4"><From><User FriendlyName="Paulo - Teresópolis Rio de Janeiro"/></From><To><User FriendlyName="Comercial l GRUPO GENESIS"/></To><Text Style="font-family:Segoe UI; color:#000000; ">Estou tentando ligar para o André e ver a hora que ele chegará, mais está dando desligado.</Text></Message><Message Date="04/03/2013" Time="16:45:56" DateTime="2013-03-04T19:45:56.547Z" SessionID="4"><From><User FriendlyName="Paulo - Teresópolis Rio de Janeiro"/></From><To><User FriendlyName="Comercial l GRUPO GENESIS"/></To><Text Style="font-family:Segoe UI; color:#000000; ">Preciso saber a hora que ele chegará e em qual aeroporto ele virá.</Text></Message><Message Date="04/03/2013" Time="16:46:25" DateTime="2013-03-04T19:46:25.812Z" SessionID="4"><From><User FriendlyName="Comercial l GRUPO GENESIS"/></From><To><User FriendlyName="Paulo - Teresópolis Rio de Janeiro"/></To><Text Style="font-family:Segoe UI; color:#000000; ">ele vai chegar as 22:00 hrs da noite</Text></Message><Message Date="04/03/2013" Time="16:46:45" DateTime="2013-03-04T19:46:45.874Z" SessionID="4"><From><User FriendlyName="Paulo - Teresópolis Rio de Janeiro"/></From><To><User FriendlyName="Comercial l GRUPO GENESIS"/></To><Text Style="font-family:Segoe UI; color:#000000; ">certo, qual o aeroporto?</Text></Message><Message Date="04/03/2013" Time="16:46:52" DateTime="2013-03-04T19:46:52.941Z" SessionID="4"><From><User FriendlyName="Paulo - Teresópolis Rio de Janeiro"/></From><To><User FriendlyName="Comercial l GRUPO GENESIS"/></To><Text Style="font-family:Segoe UI; color:#000000; ">santos Dumont ou Galeão?</Text></Message><Message Date="04/03/2013" Time="16:46:57" DateTime="2013-03-04T19:46:57.090Z" SessionID="4"><From><User FriendlyName="Comercial l GRUPO GENESIS"/></From><To><User FriendlyName="Paulo - Teresópolis Rio de Janeiro"/></To><Text Style="font-family:Segoe UI; color:#000000; ">Galeão</Text></Message><Message Date="04/03/2013" Time="16:47:48" DateTime="2013-03-04T19:47:48.244Z" SessionID="4"><From><User FriendlyName="Comercial l GRUPO GENESIS"/></From><To><User FriendlyName="Paulo - Teresópolis Rio de Janeiro"/></To><Text Style="font-family:Segoe UI; color:#000000; ">mais alguma duvida?</Text></Message><Message Date="04/03/2013" Time="16:48:09" DateTime="2013-03-04T19:48:09.288Z" SessionID="4"><From><User FriendlyName="Paulo - Teresópolis Rio de Janeiro"/></From><To><User FriendlyName="Comercial l GRUPO GENESIS"/></To><Text Style="font-family:Segoe UI; color:#000000; ">9938-9179</Text></Message><Message Date="04/03/2013" Time="16:48:39" DateTime="2013-03-04T19:48:39.521Z" SessionID="4"><From><User FriendlyName="Comercial l GRUPO GENESIS"/></From><To><User FriendlyName="Paulo - Teresópolis Rio de Janeiro"/></To><Text Style="font-family:Segoe UI; color:#000000; ">(48)</Text></Message><Message Date="04/03/2013" Time="16:57:48" DateTime="2013-03-04T19:57:48.549Z" SessionID="4"><From><User FriendlyName="Paulo - Teresópolis Rio de Janeiro"/></From><To><User FriendlyName="Comercial l GRUPO GENESIS"/></To><Text Style="font-family:Segoe UI; color:#000000; ">mais estou ,ligando e não consigo falar.</Text></Message><Message Date="04/03/2013" Time="16:58:00" DateTime="2013-03-04T19:58:00.868Z" SessionID="4"><From><User FriendlyName="Paulo - Teresópolis Rio de Janeiro"/></From><To><User FriendlyName="Comercial l GRUPO GENESIS"/></To><Text Style="font-family:Segoe UI; color:#000000; ">gostaria de ligar pra ele quando ele chegasse.</Text></Message><Message Date="04/03/2013" Time="16:58:34" DateTime="2013-03-04T19:58:34.808Z" SessionID="4"><From><User FriendlyName="Comercial l GRUPO GENESIS"/></From><To><User FriendlyName="Paulo - Teresópolis Rio de Janeiro"/></To><Text Style="font-family:Segoe UI; color:#000000; ">o telefone dele esta sem bateria,e ele esta aqui na empresa</Text></Message><Message Date="04/03/2013" Time="16:58:41" DateTime="2013-03-04T19:58:41.500Z" SessionID="4"><From><User FriendlyName="Comercial l GRUPO GENESIS"/></From><To><User FriendlyName="Paulo - Teresópolis Rio de Janeiro"/></To><Text Style="font-family:Segoe UI; color:#000000; ">quando ele chear</Text></Message><Message Date="04/03/2013" Time="16:59:14" DateTime="2013-03-04T19:59:14.603Z" SessionID="4"><From><User FriendlyName="Paulo - Teresópolis Rio de Janeiro"/></From><To><User FriendlyName="Comercial l GRUPO GENESIS"/></To><Text Style="font-family:Segoe UI; color:#000000; ">então pede ele para dar uma carga que ligarei pra ele às 22:00 hs.</Text></Message><Message Date="07/03/2013" Time="13:19:50" DateTime="2013-03-07T16:19:50.713Z" SessionID="5"><From><User FriendlyName="Paulo - Teresópolis Rio de Janeiro"/></From><To><User FriendlyName="Comercial l GRUPO GENESIS"/></To><Text Style="font-family:Segoe UI; color:#000000; ">oi......</Text></Message><Message Date="07/03/2013" Time="13:20:42" DateTime="2013-03-07T16:20:42.465Z" SessionID="5"><From><User FriendlyName="Comercial l GRUPO GENESIS"/></From><To><User FriendlyName="Paulo - Teresópolis Rio de Janeiro"/></To><Text Style="font-family:Segoe UI; color:#000000; ">Oi</Text></Message><Message Date="07/03/2013" Time="13:20:45" DateTime="2013-03-07T16:20:45.195Z" SessionID="5"><From><User FriendlyName="Comercial l GRUPO GENESIS"/></From><To><User FriendlyName="Paulo - Teresópolis Rio de Janeiro"/></To><Text Style="font-family:Segoe UI; color:#000000; ">tudo bem?</Text></Message><Message Date="07/03/2013" Time="13:21:23" DateTime="2013-03-07T16:21:23.056Z" SessionID="5"><From><User FriendlyName="Paulo - Teresópolis Rio de Janeiro"/></From><To><User FriendlyName="Comercial l GRUPO GENESIS"/></To><Text Style="font-family:Segoe UI; color:#000000; ">tenho uma dúvida sobre pagamentos........</Text></Message><Message Date="07/03/2013" Time="13:21:48" DateTime="2013-03-07T16:21:48.516Z" SessionID="5"><From><User FriendlyName="Paulo - Teresópolis Rio de Janeiro"/></From><To><User FriendlyName="Comercial l GRUPO GENESIS"/></To><Text Style="font-family:Segoe UI; color:#000000; ">qual o valor que tenho que repassar para o André no sábado laém dos folders e da passagem?</Text></Message><Message Date="07/03/2013" Time="13:25:32" DateTime="2013-03-07T16:25:32.902Z" SessionID="5"><From><User FriendlyName="Paulo - Teresópolis Rio de Janeiro"/></From><To><User FriendlyName="Comercial l GRUPO GENESIS"/></To><Text Style="font-family:Segoe UI; color:#000000; ">?</Text></Message><Message Date="07/03/2013" Time="13:25:45" DateTime="2013-03-07T16:25:45.313Z" SessionID="5"><From><User FriendlyName="Paulo - Teresópolis Rio de Janeiro"/></From><To><User FriendlyName="Comercial l GRUPO GENESIS"/></To><Text Style="font-family:Segoe UI; color:#000000; ">me refiro em relação as matrículas</Text></Message><Message Date="07/03/2013" Time="13:30:28" DateTime="2013-03-07T16:30:28.509Z" SessionID="5"><From><User FriendlyName="Comercial l GRUPO GENESIS"/></From><To><User FriendlyName="Paulo - Teresópolis Rio de Janeiro"/></To><Text Style="font-family:Segoe UI; color:#000000; ">1° parcela das matricula + 25,00 reais</Text></Message><Message Date="07/03/2013" Time="13:30:53" DateTime="2013-03-07T16:30:53.071Z" SessionID="5"><From><User FriendlyName="Comercial l GRUPO GENESIS"/></From><To><User FriendlyName="Paulo - Teresópolis Rio de Janeiro"/></To><Text Style="font-family:Segoe UI; color:#000000; ">se caso o aluno não pagar todo esse valor,o senhor cobre</Text></Message><Message Date="07/03/2013" Time="13:31:01" DateTime="2013-03-07T16:31:01.417Z" SessionID="5"><From><User FriendlyName="Paulo - Teresópolis Rio de Janeiro"/></From><To><User FriendlyName="Comercial l GRUPO GENESIS"/></To><Text Style="font-family:Segoe UI; color:#000000; ">certo.</Text></Message><Message Date="07/03/2013" Time="13:31:23" DateTime="2013-03-07T16:31:23.678Z" SessionID="5"><From><User FriendlyName="Paulo - Teresópolis Rio de Janeiro"/></From><To><User FriendlyName="Comercial l GRUPO GENESIS"/></To><Text Style="font-family:Segoe UI; color:#000000; ">qual conta deposito o valor da passagem e do material usado?</Text></Message><Message Date="07/03/2013" Time="13:31:55" DateTime="2013-03-07T16:31:55.599Z" SessionID="5"><From><User FriendlyName="Comercial l GRUPO GENESIS"/></From><To><User FriendlyName="Paulo - Teresópolis Rio de Janeiro"/></To><Text Style="font-family:Segoe UI; color:#000000; ">no dia para o andré</Text></Message><Message Date="07/03/2013" Time="13:32:12" DateTime="2013-03-07T16:32:12.993Z" SessionID="5"><From><User FriendlyName="Paulo - Teresópolis Rio de Janeiro"/></From><To><User FriendlyName="Comercial l GRUPO GENESIS"/></To><Text Style="font-family:Segoe UI; color:#000000; ">certo.</Text></Message><Message Date="07/03/2013" Time="13:32:16" DateTime="2013-03-07T16:32:16.066Z" SessionID="5"><From><User FriendlyName="Paulo - Teresópolis Rio de Janeiro"/></From><To><User FriendlyName="Comercial l GRUPO GENESIS"/></To><Text Style="font-family:Segoe UI; color:#000000; ">ok......</Text></Message><Message Date="07/03/2013" Time="13:32:21" DateTime="2013-03-07T16:32:21.230Z" SessionID="5"><From><User FriendlyName="Paulo - Teresópolis Rio de Janeiro"/></From><To><User FriendlyName="Comercial l GRUPO GENESIS"/></To><Text Style="font-family:Segoe UI; color:#000000; ">obrigado.</Text></Message><Message Date="07/03/2013" Time="13:33:59" DateTime="2013-03-07T16:33:59.510Z" SessionID="5"><From><User FriendlyName="Comercial l GRUPO GENESIS"/></From><To><User FriendlyName="Paulo - Teresópolis Rio de Janeiro"/></To><Text Style="font-family:Segoe UI; color:#000000; ">mais alguma duvida?</Text></Message><Message Date="07/03/2013" Time="13:34:45" DateTime="2013-03-07T16:34:45.982Z" SessionID="5"><From><User FriendlyName="Paulo - Teresópolis Rio de Janeiro"/></From><To><User FriendlyName="Comercial l GRUPO GENESIS"/></To><Text Style="font-family:Segoe UI; color:#000000; ">nenhuma. obrigado.</Text></Message><Message Date="07/03/2013" Time="13:34:58" DateTime="2013-03-07T16:34:58.594Z" SessionID="5"><From><User FriendlyName="Comercial l GRUPO GENESIS"/></From><To><User FriendlyName="Paulo - Teresópolis Rio de Janeiro"/></To><Text Style="font-family:Segoe UI; color:#000000; ">eu que agradeço.</Text></Message><Message Date="07/03/2013" Time="13:35:03" DateTime="2013-03-07T16:35:03.243Z" SessionID="5"><From><User FriendlyName="Comercial l GRUPO GENESIS"/></From><To><User FriendlyName="Paulo - Teresópolis Rio de Janeiro"/></To><Text Style="font-family:Segoe UI; color:#000000; ">mais uma coisa</Text></Message><Message Date="07/03/2013" Time="13:35:10" DateTime="2013-03-07T16:35:10.029Z" SessionID="5"><From><User FriendlyName="Paulo - Teresópolis Rio de Janeiro"/></From><To><User FriendlyName="Comercial l GRUPO GENESIS"/></To><Text Style="font-family:Segoe UI; color:#000000; ">diga....</Text></Message><Message Date="07/03/2013" Time="13:35:21" DateTime="2013-03-07T16:35:21.198Z" SessionID="5"><From><User FriendlyName="Comercial l GRUPO GENESIS"/></From><To><User FriendlyName="Paulo - Teresópolis Rio de Janeiro"/></To><Text Style="font-family:Segoe UI; color:#000000; ">como está indo a campanha?tudo certo?</Text></Message><Message Date="07/03/2013" Time="13:36:39" DateTime="2013-03-07T16:36:39.620Z" SessionID="5"><From><User FriendlyName="Paulo - Teresópolis Rio de Janeiro"/></From><To><User FriendlyName="Comercial l GRUPO GENESIS"/></To><Text Style="font-family:Segoe UI; color:#000000; ">prefiro aguardar o sábado às 16:00 hs....</Text></Message><Message Date="07/03/2013" Time="13:37:08" DateTime="2013-03-07T16:37:08.143Z" SessionID="5"><From><User FriendlyName="Comercial l GRUPO GENESIS"/></From><To><User FriendlyName="Paulo - Teresópolis Rio de Janeiro"/></To><Text Style="font-family:Segoe UI; color:#000000; ">mais esta indo tudo bem?</Text></Message><Message Date="07/03/2013" Time="13:42:28" DateTime="2013-03-07T16:42:28.669Z" SessionID="5"><From><User FriendlyName="Paulo - Teresópolis Rio de Janeiro"/></From><To><User FriendlyName="Comercial l GRUPO GENESIS"/></To><Text Style="font-family:Segoe UI; color:#000000; ">sim...</Text></Message><Message Date="07/03/2013" Time="13:42:35" DateTime="2013-03-07T16:42:35.972Z" SessionID="5"><From><User FriendlyName="Paulo - Teresópolis Rio de Janeiro"/></From><To><User FriendlyName="Comercial l GRUPO GENESIS"/></To><Text Style="font-family:Segoe UI; color:#000000; ">ele começou as escolas hoje</Text></Message><Message Date="08/03/2013" Time="17:27:58" DateTime="2013-03-08T20:27:58.550Z" SessionID="6"><From><User FriendlyName="Paulo - Teresópolis Rio de Janeiro"/></From><To><User FriendlyName="Comercial l GRUPO GENESIS"/></To><Text Style="font-family:Segoe UI; color:#000000; ">Boa tarde!</Text></Message><Message Date="08/03/2013" Time="17:29:03" DateTime="2013-03-08T20:29:03.162Z" SessionID="6"><From><User FriendlyName="Comercial l GRUPO GENESIS"/></From><To><User FriendlyName="Paulo - Teresópolis Rio de Janeiro"/></To><Text Style="font-family:Segoe UI; color:#000000; ">BOA TARDE</Text></Message><Message Date="08/03/2013" Time="17:29:55" DateTime="2013-03-08T20:29:55.484Z" SessionID="6"><From><User FriendlyName="Comercial l GRUPO GENESIS"/></From><To><User FriendlyName="Paulo - Teresópolis Rio de Janeiro"/></To><Text Style="font-family:Segoe UI; color:#000000; ">posso ajudar?</Text></Message><Message Date="08/03/2013" Time="17:30:53" DateTime="2013-03-08T20:30:53.969Z" SessionID="6"><From><User FriendlyName="Paulo - Teresópolis Rio de Janeiro"/></From><To><User FriendlyName="Comercial l GRUPO GENESIS"/></To><Text Style="font-family:Segoe UI; color:#000000; ">O dono da escola deixou para acerto o cheque da esposa, pára evitar qualquer tipo de problema no sábado a tarde, já quero deixar informado sobre a situação...... </Text></Message><Message Date="08/03/2013" Time="17:32:54" DateTime="2013-03-08T20:32:54.308Z" SessionID="6"><From><User FriendlyName="Comercial l GRUPO GENESIS"/></From><To><User FriendlyName="Paulo - Teresópolis Rio de Janeiro"/></To><Text Style="font-family:Segoe UI; color:#000000; ">isso é com o gerente andré</Text></Message><Message Date="08/03/2013" Time="17:36:01" DateTime="2013-03-08T20:36:01.743Z" SessionID="6"><From><User FriendlyName="Paulo - Teresópolis Rio de Janeiro"/></From><To><User FriendlyName="Comercial l GRUPO GENESIS"/></To><Text Style="font-family:Segoe UI; color:#000000; ">Patrícia Ferreira Rodrigues, algum problema?</Text></Message><Message Date="08/03/2013" Time="17:37:25" DateTime="2013-03-08T20:37:25.952Z" SessionID="6"><From><User FriendlyName="Paulo - Teresópolis Rio de Janeiro"/></From><To><User FriendlyName="Comercial l GRUPO GENESIS"/></To><Text Style="font-family:Segoe UI; color:#000000; ">sem problemas, verei com ele. obrigado.</Text></Message><Message Date="11/03/2013" Time="14:28:36" DateTime="2013-03-11T17:28:36.906Z" SessionID="7"><From><User FriendlyName="Paulo - Teresópolis Rio de Janeiro"/></From><To><User FriendlyName="Comercial l GRUPO GENESIS"/></To><Text Style="font-family:Segoe UI; color:#000000; ">Boa tarde!</Text></Message><Message Date="11/03/2013" Time="14:29:16" DateTime="2013-03-11T17:29:16.484Z" SessionID="7"><From><User FriendlyName="Paulo - Teresópolis Rio de Janeiro"/></From><To><User FriendlyName="Comercial l GRUPO GENESIS"/></To><Text Style="font-family:Segoe UI; color:#000000; ">Gostaria de agendar uma nova data para continuarmos o trabalho aqui na cidade.</Text></Message><Message Date="12/03/2013" Time="14:18:32" DateTime="2013-03-12T17:18:32.776Z" SessionID="8"><From><User FriendlyName="Paulo - Teresópolis Rio de Janeiro"/></From><To><User FriendlyName="Comercial l GRUPO GENESIS"/></To><Text Style="font-family:Segoe UI; color:#000000; ">Boa tarde!</Text></Message><Message Date="12/03/2013" Time="14:18:44" DateTime="2013-03-12T17:18:44.802Z" SessionID="8"><From><User FriendlyName="Comercial l GRUPO GENESIS"/></From><To><User FriendlyName="Paulo - Teresópolis Rio de Janeiro"/></To><Text Style="font-family:Segoe UI; color:#000000; ">Oi</Text></Message><Message Date="12/03/2013" Time="14:18:47" DateTime="2013-03-12T17:18:47.859Z" SessionID="8"><From><User FriendlyName="Comercial l GRUPO GENESIS"/></From><To><User FriendlyName="Paulo - Teresópolis Rio de Janeiro"/></To><Text Style="font-family:Segoe UI; color:#000000; ">boa tarde</Text></Message><Message Date="12/03/2013" Time="14:18:48" DateTime="2013-03-12T17:18:48.889Z" SessionID="8"><From><User FriendlyName="Paulo - Teresópolis Rio de Janeiro"/></From><To><User FriendlyName="Comercial l GRUPO GENESIS"/></To><Text Style="font-family:Segoe UI; color:#000000; ">Conseguiu agendar para próxima semana com o André?</Text></Message><Message Date="12/03/2013" Time="14:19:41" DateTime="2013-03-12T17:19:41.382Z" SessionID="8"><From><User FriendlyName="Comercial l GRUPO GENESIS"/></From><To><User FriendlyName="Paulo - Teresópolis Rio de Janeiro"/></To><Text Style="font-family:Segoe UI; color:#000000; ">não,houve um problema com um antido gerente de vendas daqui e não consiguiremos mandar semana que vem</Text></Message><Message Date="12/03/2013" Time="14:23:21" DateTime="2013-03-12T17:23:21.740Z" SessionID="8"><From><User FriendlyName="Paulo - Teresópolis Rio de Janeiro"/></From><To><User FriendlyName="Comercial l GRUPO GENESIS"/></To><Text Style="font-family:Segoe UI; color:#000000; ">pode ser na primeira semana de abril?</Text></Message><Message Date="12/03/2013" Time="14:23:31" DateTime="2013-03-12T17:23:31.401Z" SessionID="8"><From><User FriendlyName="Paulo - Teresópolis Rio de Janeiro"/></From><To><User FriendlyName="Comercial l GRUPO GENESIS"/></To><Text Style="font-family:Segoe UI; color:#000000; ">01/04/13 à 06/04/13.</Text></Message><Message Date="12/03/2013" Time="14:24:13" DateTime="2013-03-12T17:24:13.269Z" SessionID="8"><From><User FriendlyName="Comercial l GRUPO GENESIS"/></From><To><User FriendlyName="Paulo - Teresópolis Rio de Janeiro"/></To><Text Style="font-family:Segoe UI; color:#000000; ">vou ter que verificar com ele na segunda</Text></Message><Message Date="12/03/2013" Time="14:26:37" DateTime="2013-03-12T17:26:37.850Z" SessionID="8"><From><User FriendlyName="Paulo - Teresópolis Rio de Janeiro"/></From><To><User FriendlyName="Comercial l GRUPO GENESIS"/></To><Text Style="font-family:Segoe UI; color:#000000; ">quando me a resposta?</Text></Message><Message Date="12/03/2013" Time="14:27:18" DateTime="2013-03-12T17:27:18.625Z" SessionID="8"><From><User FriendlyName="Comercial l GRUPO GENESIS"/></From><To><User FriendlyName="Paulo - Teresópolis Rio de Janeiro"/></To><Text Style="font-family:Segoe UI; color:#000000; ">segunda vou falar com ele sobre</Text></Message><Message Date="12/03/2013" Time="14:27:24" DateTime="2013-03-12T17:27:24.335Z" SessionID="8"><From><User FriendlyName="Comercial l GRUPO GENESIS"/></From><To><User FriendlyName="Paulo - Teresópolis Rio de Janeiro"/></To><Text Style="font-family:Segoe UI; color:#000000; ">ai na terça te falo</Text></Message><Message Date="12/03/2013" Time="14:27:39" DateTime="2013-03-12T17:27:39.904Z" SessionID="8"><From><User FriendlyName="Paulo - Teresópolis Rio de Janeiro"/></From><To><User FriendlyName="Comercial l GRUPO GENESIS"/></To><Text Style="font-family:Segoe UI; color:#000000; ">ok, vou esperar.</Text></Message><Message Date="12/03/2013" Time="15:01:41" DateTime="2013-03-12T18:01:41.015Z" SessionID="8"><From><User FriendlyName="Comercial l GRUPO GENESIS"/></From><To><User FriendlyName="Paulo - Teresópolis Rio de Janeiro"/></To><Text Style="font-family:Segoe UI; color:#000000; ">Paulo te enviei por email os sites dos tablets em conta</Text></Message><Message Date="12/03/2013" Time="15:37:28" DateTime="2013-03-12T18:37:28.512Z" SessionID="8"><From><User FriendlyName="Paulo - Teresópolis Rio de Janeiro"/></From><To><User FriendlyName="Comercial l GRUPO GENESIS"/></To><Text Style="font-family:Segoe UI; color:#000000; ">Obrigado, vou ver e comprar um para teste.</Text></Message><Message Date="12/03/2013" Time="15:38:01" DateTime="2013-03-12T18:38:01.136Z" SessionID="8"><From><User FriendlyName="Comercial l GRUPO GENESIS"/></From><To><User FriendlyName="Paulo - Teresópolis Rio de Janeiro"/></To><Text Style="font-family:Segoe UI; color:#000000; ">Sim.</Text></Message><Message Date="12/03/2013" Time="15:38:22" DateTime="2013-03-12T18:38:22.508Z" SessionID="8"><From><User FriendlyName="Comercial l GRUPO GENESIS"/></From><To><User FriendlyName="Paulo - Teresópolis Rio de Janeiro"/></To><Text Style="font-family:Segoe UI; color:#000000; ">me avise se gostar,posso recomendar para mais clientes</Text></Message><Message Date="12/03/2013" Time="15:38:35" DateTime="2013-03-12T18:38:35.753Z" SessionID="8"><From><User FriendlyName="Paulo - Teresópolis Rio de Janeiro"/></From><To><User FriendlyName="Comercial l GRUPO GENESIS"/></To><Text Style="font-family:Segoe UI; color:#000000; ">deixa coigo.</Text></Message><Message Date="12/03/2013" Time="15:38:39" DateTime="2013-03-12T18:38:39.465Z" SessionID="8"><From><User FriendlyName="Paulo - Teresópolis Rio de Janeiro"/></From><To><User FriendlyName="Comercial l GRUPO GENESIS"/></To><Text Style="font-family:Segoe UI; color:#000000; ">*comigo</Text></Message><Message Date="12/03/2013" Time="15:39:31" DateTime="2013-03-12T18:39:31.538Z" SessionID="8"><From><User FriendlyName="Comercial l GRUPO GENESIS"/></From><To><User FriendlyName="Paulo - Teresópolis Rio de Janeiro"/></To><Text Style="font-family:Segoe UI; color:#000000; ">obrigado</Text></Message><Message Date="12/03/2013" Time="15:39:36" DateTime="2013-03-12T18:39:36.546Z" SessionID="8"><From><User FriendlyName="Comercial l GRUPO GENESIS"/></From><To><User FriendlyName="Paulo - Teresópolis Rio de Janeiro"/></To><Text Style="font-family:Segoe UI; color:#000000; ">= )</Text></Message><Message Date="12/03/2013" Time="15:42:15" DateTime="2013-03-12T18:42:15.204Z" SessionID="8"><From><User FriendlyName="Paulo - Teresópolis Rio de Janeiro"/></From><To><User FriendlyName="Comercial l GRUPO GENESIS"/></To><Text Style="font-family:Segoe UI; color:#000000; ">vê com André se dá para fazermos  na 1ª semana de abril, seria uma ótima data pois pegaríamos o 5° dia útil e os pais estaram recebendo.</Text></Message><Message Date="12/03/2013" Time="15:42:51" DateTime="2013-03-12T18:42:51.905Z" SessionID="8"><From><User FriendlyName="Comercial l GRUPO GENESIS"/></From><To><User FriendlyName="Paulo - Teresópolis Rio de Janeiro"/></To><Text Style="font-family:Segoe UI; color:#000000; ">sim,vou fazer o possivel para agendar nessa data</Text></Message><Message Date="12/03/2013" Time="15:43:22" DateTime="2013-03-12T18:43:22.700Z" SessionID="8"><From><User FriendlyName="Paulo - Teresópolis Rio de Janeiro"/></From><To><User FriendlyName="Comercial l GRUPO GENESIS"/></To><Text Style="font-family:Segoe UI; color:#000000; ">obrigado.</Text></Message><Message Date="12/03/2013" Time="15:43:35" DateTime="2013-03-12T18:43:35.757Z" SessionID="8"><From><User FriendlyName="Comercial l GRUPO GENESIS"/></From><To><User FriendlyName="Paulo - Teresópolis Rio de Janeiro"/></To><Text Style="font-family:Segoe UI; color:#000000; ">eu que agradeço a atenção</Text></Message><Message Date="14/03/2013" Time="15:20:41" DateTime="2013-03-14T18:20:41.252Z" SessionID="9"><From><User FriendlyName="Comercial l GRUPO GENESIS"/></From><To><User FriendlyName="Paulo - Teresópolis Rio de Janeiro"/></To><Text Style="font-family:Segoe UI; color:#000000; ">Paulo está aqui o email do Gabriel do financeiro</Text></Message><Message Date="14/03/2013" Time="15:20:44" DateTime="2013-03-14T18:20:44.525Z" SessionID="9"><From><User FriendlyName="Comercial l GRUPO GENESIS"/></From><To><User FriendlyName="Paulo - Teresópolis Rio de Janeiro"/></To><Text Style="font-family:Segoe UI; color:#000000; ">financeiro@educagenesis.com.br</Text></Message><Message Date="19/03/2013" Time="08:37:35" DateTime="2013-03-19T11:37:35.340Z" SessionID="10"><From><User FriendlyName="Paulo - Teresópolis Rio de Janeiro"/></From><To><User FriendlyName="Comercial l GRUPO GENESIS"/></To><Text Style="font-family:Segoe UI; color:#000000; ">Bom dia!</Text></Message><Message Date="19/03/2013" Time="08:37:44" DateTime="2013-03-19T11:37:44.616Z" SessionID="10"><From><User FriendlyName="Paulo - Teresópolis Rio de Janeiro"/></From><To><User FriendlyName="Comercial l GRUPO GENESIS"/></To><Text Style="font-family:Segoe UI; color:#000000; ">Tudo certo para a 1ª semana de abril?</Text></Message><Message Date="19/03/2013" Time="10:52:39" DateTime="2013-03-19T13:52:39.733Z" SessionID="10"><From><User FriendlyName="Paulo - Teresópolis Rio de Janeiro"/></From><To><User FriendlyName="Comercial l GRUPO GENESIS"/></To><Text Style="font-family:Segoe UI; color:#000000; ">??????????</Text></Message><Message Date="19/03/2013" Time="10:52:54" DateTime="2013-03-19T13:52:54.711Z" SessionID="10"><From><User FriendlyName="Paulo - Teresópolis Rio de Janeiro"/></From><To><User FriendlyName="Comercial l GRUPO GENESIS"/></To><Text Style="font-family:Segoe UI; color:#000000; ">Pode me responder?</Text></Message><Message Date="19/03/2013" Time="10:52:58" DateTime="2013-03-19T13:52:58.675Z" SessionID="10"><From><User FriendlyName="Comercial l GRUPO GENESIS"/></From><To><User FriendlyName="Paulo - Teresópolis Rio de Janeiro"/></To><Text Style="font-family:Segoe UI; color:#000000; ">Oi</Text></Message><Message Date="19/03/2013" Time="10:53:03" DateTime="2013-03-19T13:53:03.445Z" SessionID="10"><From><User FriendlyName="Comercial l GRUPO GENESIS"/></From><To><User FriendlyName="Paulo - Teresópolis Rio de Janeiro"/></To><Text Style="font-family:Segoe UI; color:#000000; ">desculpa</Text></Message><Message Date="19/03/2013" Time="10:53:25" DateTime="2013-03-19T13:53:25.718Z" SessionID="10"><From><User FriendlyName="Comercial l GRUPO GENESIS"/></From><To><User FriendlyName="Paulo - Teresópolis Rio de Janeiro"/></To><Text Style="font-family:Segoe UI; color:#000000; ">não tem nada confirmado ainda</Text></Message><Message Date="19/03/2013" Time="10:54:11" DateTime="2013-03-19T13:54:11.681Z" SessionID="10"><From><User FriendlyName="Paulo - Teresópolis Rio de Janeiro"/></From><To><User FriendlyName="Comercial l GRUPO GENESIS"/></To><Text Style="font-family:Segoe UI; color:#000000; ">algum problema com nossa empresa que impede a confirmação?</Text></Message><Message Date="19/03/2013" Time="10:55:25" DateTime="2013-03-19T13:55:25.344Z" SessionID="10"><From><User FriendlyName="Comercial l GRUPO GENESIS"/></From><To><User FriendlyName="Paulo - Teresópolis Rio de Janeiro"/></To><Text Style="font-family:Segoe UI; color:#000000; ">Nenhum,só que o andré tem que estar com a agenda aberta nessa data pra ir ai, e por enquanto ele ja estava agendado com outra cidade
assim que ele conseguir,uma abertura ainda em abril,ele quer ir ai</Text></Message><Message Date="19/03/2013" Time="10:56:20" DateTime="2013-03-19T13:56:20.269Z" SessionID="10"><From><User FriendlyName="Paulo - Teresópolis Rio de Janeiro"/></From><To><User FriendlyName="Comercial l GRUPO GENESIS"/></To><Text Style="font-family:Segoe UI; color:#000000; ">certo....</Text></Message><Message Date="08/04/2013" Time="10:27:09" DateTime="2013-04-08T13:27:09.929Z" SessionID="11"><From><User FriendlyName="Paulo - Teresópolis Rio de Janeiro"/></From><To><User FriendlyName="Comercial l GRUPO GENESIS"/></To><Text Style="font-family:Segoe UI; color:#000000; ">bom dia!</Text></Message><Message Date="08/04/2013" Time="10:27:29" DateTime="2013-04-08T13:27:29.695Z" SessionID="11"><From><User FriendlyName="Paulo - Teresópolis Rio de Janeiro"/></From><To><User FriendlyName="Comercial l GRUPO GENESIS"/></To><Text Style="font-family:Segoe UI; color:#000000; ">tem recado na minha mesa pedindo para te chamar.......</Text></Message><Message Date="08/04/2013" Time="10:29:10" DateTime="2013-04-08T13:29:10.769Z" SessionID="11"><From><User FriendlyName="Comercial l GRUPO GENESIS"/></From><To><User FriendlyName="Paulo - Teresópolis Rio de Janeiro"/></To><Text Style="font-family:Segoe UI; color:#000000; ">Sim,liguei sexta feira
pra saber se voce vai ter a carta para agente fazer o trabalho ai?
tenho uma vaga na agenda do andré,na semana que vem e posso te colocar</Text></Message><Message Date="09/05/2013" Time="10:49:43" DateTime="2013-05-09T13:49:43.109Z" SessionID="12"><From><User FriendlyName="Paulo - Teresópolis Rio de Janeiro"/></From><To><User FriendlyName="Comercial l GRUPO GENESIS"/></To><Text Style="font-family:Segoe UI; color:#000000; ">Bom dia!</Text></Message><Message Date="09/05/2013" Time="10:49:59" DateTime="2013-05-09T13:49:59.511Z" SessionID="12"><From><User FriendlyName="Comercial l GRUPO GENESIS"/></From><To><User FriendlyName="Paulo - Teresópolis Rio de Janeiro"/></To><Text Style="font-family:Segoe UI; color:#000000; ">oI</Text></Message><Message Date="09/05/2013" Time="10:50:01" DateTime="2013-05-09T13:50:01.586Z" SessionID="12"><From><User FriendlyName="Comercial l GRUPO GENESIS"/></From><To><User FriendlyName="Paulo - Teresópolis Rio de Janeiro"/></To><Text Style="font-family:Segoe UI; color:#000000; ">BOM DIA</Text></Message><Message Date="09/05/2013" Time="10:50:25" DateTime="2013-05-09T13:50:25.439Z" SessionID="12"><From><User FriendlyName="Paulo - Teresópolis Rio de Janeiro"/></From><To><User FriendlyName="Comercial l GRUPO GENESIS"/></To><Text Style="font-family:Segoe UI; color:#000000; ">Só para efeito de registro, qual nossa data de divulgação?</Text></Message><Message Date="09/05/2013" Time="10:50:57" DateTime="2013-05-09T13:50:57.341Z" SessionID="12"><From><User FriendlyName="Comercial l GRUPO GENESIS"/></From><To><User FriendlyName="Paulo - Teresópolis Rio de Janeiro"/></To><Text Style="font-family:Segoe UI; color:#000000; ">17 a 22 junho</Text></Message><Message Date="09/05/2013" Time="10:53:50" DateTime="2013-05-09T13:53:50.691Z" SessionID="12"><From><User FriendlyName="Paulo - Teresópolis Rio de Janeiro"/></From><To><User FriendlyName="Comercial l GRUPO GENESIS"/></To><Text Style="font-family:Segoe UI; color:#000000; ">Existe alguma possibilidade de mudarmos para a semana do 5º dia útil, ou seja, de 03/06/13 a 08/06/13?</Text></Message><Message Date="09/05/2013" Time="10:55:02" DateTime="2013-05-09T13:55:02.599Z" SessionID="12"><From><User FriendlyName="Comercial l GRUPO GENESIS"/></From><To><User FriendlyName="Paulo - Teresópolis Rio de Janeiro"/></To><Text Style="font-family:Segoe UI; color:#000000; ">nessa data não tem lugar na agenda,mais posso mudar pro dia 10 a 15 de junho</Text></Message><Message Date="09/05/2013" Time="10:58:52" DateTime="2013-05-09T13:58:52.397Z" SessionID="12"><From><User FriendlyName="Paulo - Teresópolis Rio de Janeiro"/></From><To><User FriendlyName="Comercial l GRUPO GENESIS"/></To><Text Style="font-family:Segoe UI; color:#000000; ">Por favor, faça isso........</Text></Message><Message Date="09/05/2013" Time="10:59:41" DateTime="2013-05-09T13:59:41.694Z" SessionID="12"><From><User FriendlyName="Paulo - Teresópolis Rio de Janeiro"/></From><To><User FriendlyName="Comercial l GRUPO GENESIS"/></To><Text Style="font-family:Segoe UI; color:#000000; ">assim ficamos mais próximos do 5º dia útil e pegamos os pais com parte de seus salários em mãos. </Text></Message><Message Date="09/05/2013" Time="11:00:22" DateTime="2013-05-09T14:00:22.778Z" SessionID="12"><From><User FriendlyName="Comercial l GRUPO GENESIS"/></From><To><User FriendlyName="Paulo - Teresópolis Rio de Janeiro"/></To><Text Style="font-family:Segoe UI; color:#000000; ">sim,ja mudei</Text></Message><Message Date="09/05/2013" Time="11:00:46" DateTime="2013-05-09T14:00:46.397Z" SessionID="12"><From><User FriendlyName="Comercial l GRUPO GENESIS"/></From><To><User FriendlyName="Paulo - Teresópolis Rio de Janeiro"/></To><Text Style="font-family:Segoe UI; color:#000000; ">a campanha vai ser na semana do dia 10 a 15 de junho</Text></Message><Message Date="09/05/2013" Time="11:03:27" DateTime="2013-05-09T14:03:27.772Z" SessionID="12"><From><User FriendlyName="Paulo - Teresópolis Rio de Janeiro"/></From><To><User FriendlyName="Comercial l GRUPO GENESIS"/></To><Text Style="font-family:Segoe UI; color:#000000; ">ok. cobinado...</Text></Message><Message Date="09/05/2013" Time="11:08:43" DateTime="2013-05-09T14:08:43.572Z" SessionID="12"><From><User FriendlyName="Paulo - Teresópolis Rio de Janeiro"/></From><To><User FriendlyName="Comercial l GRUPO GENESIS"/></To><Text Style="font-family:Segoe UI; color:#000000; ">*combinado</Text></Message></Log>