<?xml version="1.0"?>
<?xml-stylesheet type='text/xsl' href='MessageLog.xsl'?>
<Log FirstSessionID="1" LastSessionID="2"><Message Date="04/02/2013" Time="09:04:28" DateTime="2013-02-04T11:04:28.841Z" SessionID="1"><From><User FriendlyName="Comercial l GRUPO GENESIS"/></From><To><User FriendlyName="QI Informatica -- Palotina"/></To><Text Style="font-family:Segoe UI; color:#000000; ">ola</Text></Message><Message Date="04/02/2013" Time="09:04:30" DateTime="2013-02-04T11:04:30.962Z" SessionID="1"><From><User FriendlyName="Comercial l GRUPO GENESIS"/></From><To><User FriendlyName="QI Informatica -- Palotina"/></To><Text Style="font-family:Segoe UI; color:#000000; ">bom dia</Text></Message><Message Date="04/02/2013" Time="09:05:23" DateTime="2013-02-04T11:05:23.458Z" SessionID="1"><From><User FriendlyName="QI Informatica -- Palotina"/></From><To><User FriendlyName="Comercial l GRUPO GENESIS"/></To><Text Style="font-family:Segoe UI; color:#000000; ">Oi, Bom dia!</Text></Message><Message Date="04/02/2013" Time="09:08:55" DateTime="2013-02-04T11:08:55.422Z" SessionID="1"><From><User FriendlyName="Comercial l GRUPO GENESIS"/></From><To><User FriendlyName="QI Informatica -- Palotina"/></To><Text Style="font-family:Segoe UI; color:#000000; ">tudo bem?</Text></Message><Message Date="04/02/2013" Time="09:11:17" DateTime="2013-02-04T11:11:17.237Z" SessionID="1"><From><User FriendlyName="QI Informatica -- Palotina"/></From><To><User FriendlyName="Comercial l GRUPO GENESIS"/></To><Text Style="font-family:Segoe UI; color:#000000; ">Tudo bem, e vocês?</Text></Message><Message Date="04/02/2013" Time="09:12:49" DateTime="2013-02-04T11:12:49.640Z" SessionID="1"><From><User FriendlyName="Comercial l GRUPO GENESIS"/></From><To><User FriendlyName="QI Informatica -- Palotina"/></To><Text Style="font-family:Segoe UI; color:#000000; ">que bom</Text></Message><Message Date="04/02/2013" Time="09:12:53" DateTime="2013-02-04T11:12:53.587Z" SessionID="1"><From><User FriendlyName="Comercial l GRUPO GENESIS"/></From><To><User FriendlyName="QI Informatica -- Palotina"/></To><Text Style="font-family:Segoe UI; color:#000000; ">tudo otimo</Text></Message><Message Date="04/02/2013" Time="10:51:01" DateTime="2013-02-04T12:51:01.209Z" SessionID="1"><From><User FriendlyName="Comercial l GRUPO GENESIS"/></From><To><User FriendlyName="QI Informatica -- Palotina"/></To><Text Style="font-family:Segoe UI; color:#000000; ">Ja agendou a campanha 2013?</Text></Message><Message Date="04/02/2013" Time="10:52:01" DateTime="2013-02-04T12:52:01.485Z" SessionID="1"><From><User FriendlyName="QI Informatica -- Palotina"/></From><To><User FriendlyName="Comercial l GRUPO GENESIS"/></To><Text Style="font-family:Segoe UI; color:#000000; ">Não sei te dizer, isso é somente com o Senhor Osmar Cantu.</Text></Message><Message Date="04/02/2013" Time="10:52:23" DateTime="2013-02-04T12:52:23.524Z" SessionID="1"><From><User FriendlyName="Comercial l GRUPO GENESIS"/></From><To><User FriendlyName="QI Informatica -- Palotina"/></To><Text Style="font-family:Segoe UI; color:#000000; ">Entendi,ele esta por ai</Text></Message><Message Date="04/02/2013" Time="10:52:25" DateTime="2013-02-04T12:52:25.544Z" SessionID="1"><From><User FriendlyName="Comercial l GRUPO GENESIS"/></From><To><User FriendlyName="QI Informatica -- Palotina"/></To><Text Style="font-family:Segoe UI; color:#000000; ">?</Text></Message><Message Date="04/02/2013" Time="10:52:44" DateTime="2013-02-04T12:52:44.089Z" SessionID="1"><From><User FriendlyName="QI Informatica -- Palotina"/></From><To><User FriendlyName="Comercial l GRUPO GENESIS"/></To><Text Style="font-family:Segoe UI; color:#000000; ">Sim</Text></Message><Message Date="04/02/2013" Time="10:53:44" DateTime="2013-02-04T12:53:44.407Z" SessionID="1"><From><User FriendlyName="Comercial l GRUPO GENESIS"/></From><To><User FriendlyName="QI Informatica -- Palotina"/></To><Text Style="font-family:Segoe UI; color:#000000; ">como posso fazer pra falar diretamente com ele?</Text></Message><Message Date="04/02/2013" Time="10:59:43" DateTime="2013-02-04T12:59:43.491Z" SessionID="1"><From><User FriendlyName="QI Informatica -- Palotina"/></From><To><User FriendlyName="Comercial l GRUPO GENESIS"/></To><Text Style="font-family:Segoe UI; color:#000000; ">Só um momento, ele ta em atendimento agora. Mas vocês podem ligar para o nosso número, se ele estiver disponível a gente passa a ligação.</Text></Message><Message Date="04/02/2013" Time="14:01:27" DateTime="2013-02-04T16:01:27.891Z" SessionID="1"><From><User FriendlyName="QI Informatica -- Palotina"/></From><To><User FriendlyName="Comercial l GRUPO GENESIS"/></To><Text Style="font-family:Segoe UI; color:#000000; ">Boa tarde,</Text></Message><Message Date="04/02/2013" Time="14:03:26" DateTime="2013-02-04T16:03:26.518Z" SessionID="1"><From><User FriendlyName="QI Informatica -- Palotina"/></From><To><User FriendlyName="Comercial l GRUPO GENESIS"/></To><Text Style="font-family:Segoe UI; color:#000000; ">O Seu Osmar vai pra Francisco Alves agora, e deve retornar por volta das 16:00 hrs</Text></Message><Message Date="04/02/2013" Time="14:03:50" DateTime="2013-02-04T16:03:50.085Z" SessionID="1"><From><User FriendlyName="QI Informatica -- Palotina"/></From><To><User FriendlyName="Comercial l GRUPO GENESIS"/></To><Text Style="font-family:Segoe UI; color:#000000; ">Caso queira marcar um horário com ele, eu repasso a ele</Text></Message><Message Date="04/02/2013" Time="14:04:11" DateTime="2013-02-04T16:04:11.821Z" SessionID="1"><From><User FriendlyName="QI Informatica -- Palotina"/></From><To><User FriendlyName="Comercial l GRUPO GENESIS"/></To><Text Style="font-family:Segoe UI; color:#000000; ">Ou então, ligue depois do horário previsto</Text></Message><Message Date="04/02/2013" Time="16:03:38" DateTime="2013-02-04T18:03:38.877Z" SessionID="1"><From><User FriendlyName="Comercial l GRUPO GENESIS"/></From><To><User FriendlyName="QI Informatica -- Palotina"/></To><Text Style="font-family:Segoe UI; color:#000000; ">ola</Text></Message><Message Date="04/02/2013" Time="16:03:47" DateTime="2013-02-04T18:03:47.296Z" SessionID="1"><From><User FriendlyName="Comercial l GRUPO GENESIS"/></From><To><User FriendlyName="QI Informatica -- Palotina"/></To><Text Style="font-family:Segoe UI; color:#000000; ">sr osmar ja esta ai?</Text></Message><Message Date="04/02/2013" Time="16:12:56" DateTime="2013-02-04T18:12:56.268Z" SessionID="1"><From><User FriendlyName="QI Informatica -- Palotina"/></From><To><User FriendlyName="Comercial l GRUPO GENESIS"/></To><Text Style="font-family:Segoe UI; color:#000000; ">Ainda não retornou!</Text></Message><Message Date="04/02/2013" Time="16:13:46" DateTime="2013-02-04T18:13:46.984Z" SessionID="1"><From><User FriendlyName="Comercial l GRUPO GENESIS"/></From><To><User FriendlyName="QI Informatica -- Palotina"/></To><Text Style="font-family:Segoe UI; color:#000000; ">certo,obrigado</Text></Message><Message Date="04/02/2013" Time="16:20:07" DateTime="2013-02-04T18:20:07.388Z" SessionID="1"><From><User FriendlyName="QI Informatica -- Palotina"/></From><To><User FriendlyName="Comercial l GRUPO GENESIS"/></To><Text Style="font-family:Segoe UI; color:#000000; ">Acabou de chegar</Text></Message><Message Date="04/02/2013" Time="16:20:37" DateTime="2013-02-04T18:20:37.372Z" SessionID="1"><From><User FriendlyName="Comercial l GRUPO GENESIS"/></From><To><User FriendlyName="QI Informatica -- Palotina"/></To><Text Style="font-family:Segoe UI; color:#000000; ">ele pode falar cmg?</Text></Message><Message Date="04/02/2013" Time="16:21:31" DateTime="2013-02-04T18:21:31.765Z" SessionID="1"><From><User FriendlyName="QI Informatica -- Palotina"/></From><To><User FriendlyName="Comercial l GRUPO GENESIS"/></To><Text Style="font-family:Segoe UI; color:#000000; ">Vou verificar</Text></Message><Message Date="04/02/2013" Time="16:21:47" DateTime="2013-02-04T18:21:47.070Z" SessionID="1"><From><User FriendlyName="Comercial l GRUPO GENESIS"/></From><To><User FriendlyName="QI Informatica -- Palotina"/></To><Text Style="font-family:Segoe UI; color:#000000; ">ok,obrigado</Text></Message><Message Date="04/02/2013" Time="16:40:51" DateTime="2013-02-04T18:40:51.730Z" SessionID="1"><From><User FriendlyName="QI Informatica -- Palotina"/></From><To><User FriendlyName="Comercial l GRUPO GENESIS"/></To><Text Style="font-family:Segoe UI; color:#000000; ">Oi! Ele disse que se vocês quiserem podem ligar agora</Text></Message><Message Date="04/02/2013" Time="16:56:41" DateTime="2013-02-04T18:56:41.089Z" SessionID="1"><From><User FriendlyName="QI Informatica -- Palotina"/></From><To><User FriendlyName="Comercial l GRUPO GENESIS"/></To><Text Style="font-family:Segoe UI; color:#000000; ">3649 1486</Text></Message><Message Date="10/04/2013" Time="08:56:16" DateTime="2013-04-10T11:56:16.331Z" SessionID="2"><From><User FriendlyName="Comercial l GRUPO GENESIS"/></From><To><User FriendlyName="QI Informatica -- Palotina"/></To><Text Style="font-family:Segoe UI; color:#000000; ">Oi</Text></Message><Message Date="10/04/2013" Time="08:56:18" DateTime="2013-04-10T11:56:18.250Z" SessionID="2"><From><User FriendlyName="Comercial l GRUPO GENESIS"/></From><To><User FriendlyName="QI Informatica -- Palotina"/></To><Text Style="font-family:Segoe UI; color:#000000; ">bom dia</Text></Message><Message Date="10/04/2013" Time="08:56:32" DateTime="2013-04-10T11:56:32.506Z" SessionID="2"><From><User FriendlyName="QI Informatica -- Palotina"/></From><To><User FriendlyName="Comercial l GRUPO GENESIS"/></To><Text>Bom dia</Text></Message><Message Date="10/04/2013" Time="08:56:41" DateTime="2013-04-10T11:56:41.730Z" SessionID="2"><From><User FriendlyName="Comercial l GRUPO GENESIS"/></From><To><User FriendlyName="QI Informatica -- Palotina"/></To><Text Style="font-family:Segoe UI; color:#000000; ">tudo bem?</Text></Message><Message Date="10/04/2013" Time="08:56:57" DateTime="2013-04-10T11:56:57.923Z" SessionID="2"><From><User FriendlyName="QI Informatica -- Palotina"/></From><To><User FriendlyName="Comercial l GRUPO GENESIS"/></To><Text>Tudo bem sim, e você?</Text></Message><Message Date="10/04/2013" Time="08:57:07" DateTime="2013-04-10T11:57:07.359Z" SessionID="2"><From><User FriendlyName="Comercial l GRUPO GENESIS"/></From><To><User FriendlyName="QI Informatica -- Palotina"/></To><Text Style="font-family:Segoe UI; color:#000000; ">que bom</Text></Message><Message Date="10/04/2013" Time="08:57:10" DateTime="2013-04-10T11:57:10.859Z" SessionID="2"><From><User FriendlyName="Comercial l GRUPO GENESIS"/></From><To><User FriendlyName="QI Informatica -- Palotina"/></To><Text Style="font-family:Segoe UI; color:#000000; ">tudo ótimo</Text></Message><Message Date="10/04/2013" Time="08:58:55" DateTime="2013-04-10T11:58:55.603Z" SessionID="2"><From><User FriendlyName="Comercial l GRUPO GENESIS"/></From><To><User FriendlyName="QI Informatica -- Palotina"/></To><Text Style="font-family:Segoe UI; color:#000000; ">o senhor osmar esta por ai?
</Text></Message><Message Date="10/04/2013" Time="08:59:57" DateTime="2013-04-10T11:59:57.176Z" SessionID="2"><From><User FriendlyName="QI Informatica -- Palotina"/></From><To><User FriendlyName="Comercial l GRUPO GENESIS"/></To><Text>está sim</Text></Message><Message Date="10/04/2013" Time="09:00:48" DateTime="2013-04-10T12:00:48.787Z" SessionID="2"><From><User FriendlyName="Comercial l GRUPO GENESIS"/></From><To><User FriendlyName="QI Informatica -- Palotina"/></To><Text Style="font-family:Segoe UI; color:#000000; ">ele pode falar comigo aqui,ou tem outro msn ou skype? </Text></Message><Message Date="10/04/2013" Time="09:12:29" DateTime="2013-04-10T12:12:29.005Z" SessionID="2"><From><User FriendlyName="Comercial l GRUPO GENESIS"/></From><To><User FriendlyName="QI Informatica -- Palotina"/></To><Text Style="font-family:Segoe UI; color:#000000; ">?</Text></Message><Message Date="10/04/2013" Time="09:17:50" DateTime="2013-04-10T12:17:50.377Z" SessionID="2"><From><User FriendlyName="QI Informatica -- Palotina"/></From><To><User FriendlyName="Comercial l GRUPO GENESIS"/></To><Text>só por telefone</Text></Message><Message Date="10/04/2013" Time="09:18:46" DateTime="2013-04-10T12:18:46.714Z" SessionID="2"><From><User FriendlyName="QI Informatica -- Palotina"/></From><To><User FriendlyName="Comercial l GRUPO GENESIS"/></To><Text>443649-1486</Text></Message><Message Date="10/04/2013" Time="09:19:35" DateTime="2013-04-10T12:19:35.431Z" SessionID="2"><From><User FriendlyName="Comercial l GRUPO GENESIS"/></From><To><User FriendlyName="QI Informatica -- Palotina"/></To><Text Style="font-family:Segoe UI; color:#000000; ">SIM</Text></Message><Message Date="10/04/2013" Time="09:20:01" DateTime="2013-04-10T12:20:01.133Z" SessionID="2"><From><User FriendlyName="Comercial l GRUPO GENESIS"/></From><To><User FriendlyName="QI Informatica -- Palotina"/></To><Text Style="font-family:Segoe UI; color:#000000; ">vou passar um email,éo mesmo do msn?</Text></Message><Message Date="10/04/2013" Time="09:22:00" DateTime="2013-04-10T12:22:00.502Z" SessionID="2"><From><User FriendlyName="QI Informatica -- Palotina"/></From><To><User FriendlyName="Comercial l GRUPO GENESIS"/></To><Text>sim</Text></Message><Message Date="10/04/2013" Time="09:22:23" DateTime="2013-04-10T12:22:23.523Z" SessionID="2"><From><User FriendlyName="QI Informatica -- Palotina"/></From><To><User FriendlyName="Comercial l GRUPO GENESIS"/></To><Text>você quer enviar no e-mail nosso</Text></Message><Message Date="10/04/2013" Time="09:22:27" DateTime="2013-04-10T12:22:27.792Z" SessionID="2"><From><User FriendlyName="QI Informatica -- Palotina"/></From><To><User FriendlyName="Comercial l GRUPO GENESIS"/></To><Text>agente passa pra</Text></Message><Message Date="10/04/2013" Time="09:22:29" DateTime="2013-04-10T12:22:29.598Z" SessionID="2"><From><User FriendlyName="QI Informatica -- Palotina"/></From><To><User FriendlyName="Comercial l GRUPO GENESIS"/></To><Text>ele</Text></Message><Message Date="10/04/2013" Time="09:24:06" DateTime="2013-04-10T12:24:06.512Z" SessionID="2"><From><User FriendlyName="Comercial l GRUPO GENESIS"/></From><To><User FriendlyName="QI Informatica -- Palotina"/></To><Text Style="font-family:Segoe UI; color:#000000; ">qual email que dele?</Text></Message><Message Date="10/04/2013" Time="09:24:30" DateTime="2013-04-10T12:24:30.583Z" SessionID="2"><From><User FriendlyName="QI Informatica -- Palotina"/></From><To><User FriendlyName="Comercial l GRUPO GENESIS"/></To><Text>osmar@redeqi.com.br</Text></Message><Message Date="10/04/2013" Time="09:27:40" DateTime="2013-04-10T12:27:40.753Z" SessionID="2"><From><User FriendlyName="Comercial l GRUPO GENESIS"/></From><To><User FriendlyName="QI Informatica -- Palotina"/></To><Text Style="font-family:Segoe UI; color:#000000; ">obrigado</Text></Message></Log>
