<?xml version="1.0"?>
<?xml-stylesheet type='text/xsl' href='MessageLog.xsl'?>
<Log FirstSessionID="1" LastSessionID="1"><Message Date="09/01/2013" Time="16:27:08" DateTime="2013-01-09T18:27:08.350Z" SessionID="1"><From><User FriendlyName="Comercial l GRUPO GENESIS"/></From><To><User FriendlyName="Ricardo RD NFORMATICA São João batistaSC"/></To><Text Style="font-family:Segoe UI; color:#000000; ">ola</Text></Message><Message Date="09/01/2013" Time="16:27:12" DateTime="2013-01-09T18:27:12.688Z" SessionID="1"><From><User FriendlyName="Comercial l GRUPO GENESIS"/></From><To><User FriendlyName="Ricardo RD NFORMATICA São João batistaSC"/></To><Text Style="font-family:Segoe UI; color:#000000; ">boa tarde</Text></Message><Message Date="09/01/2013" Time="16:27:16" DateTime="2013-01-09T18:27:16.414Z" SessionID="1"><From><User FriendlyName="Comercial l GRUPO GENESIS"/></From><To><User FriendlyName="Ricardo RD NFORMATICA São João batistaSC"/></To><Text Style="font-family:Segoe UI; color:#000000; ">tudo bem?7</Text></Message><Message Date="09/01/2013" Time="16:27:24" DateTime="2013-01-09T18:27:24.946Z" SessionID="1"><From><User FriendlyName="Ricardo RD NFORMATICA São João batistaSC"/></From><To><User FriendlyName="Comercial l GRUPO GENESIS"/></To><Text Style="font-family:Segoe UI; color:#000000; ">tudo  vc</Text></Message><Message Date="09/01/2013" Time="16:27:38" DateTime="2013-01-09T18:27:38.620Z" SessionID="1"><From><User FriendlyName="Comercial l GRUPO GENESIS"/></From><To><User FriendlyName="Ricardo RD NFORMATICA São João batistaSC"/></To><Text Style="font-family:Segoe UI; color:#000000; ">que bom </Text></Message><Message Date="09/01/2013" Time="16:27:42" DateTime="2013-01-09T18:27:42.053Z" SessionID="1"><From><User FriendlyName="Comercial l GRUPO GENESIS"/></From><To><User FriendlyName="Ricardo RD NFORMATICA São João batistaSC"/></To><Text Style="font-family:Segoe UI; color:#000000; ">tudo ótimo</Text></Message><Message Date="09/01/2013" Time="16:29:28" DateTime="2013-01-09T18:29:28.469Z" SessionID="1"><From><User FriendlyName="Comercial l GRUPO GENESIS"/></From><To><User FriendlyName="Ricardo RD NFORMATICA São João batistaSC"/></To><Text Style="font-family:Segoe UI; color:#000000; ">Voce esta sabendo que estamos com nossa agenda abertas pra campanha?
e já quer deixar sua data agendada?</Text></Message><Message Date="09/01/2013" Time="16:29:59" DateTime="2013-01-09T18:29:59.924Z" SessionID="1"><From><User FriendlyName="Ricardo RD NFORMATICA São João batistaSC"/></From><To><User FriendlyName="Comercial l GRUPO GENESIS"/></To><Text Style="font-family:Segoe UI; color:#000000; ">to sabendo mas nao vou querer nao</Text></Message><Message Date="09/01/2013" Time="16:30:03" DateTime="2013-01-09T18:30:03.214Z" SessionID="1"><From><User FriendlyName="Ricardo RD NFORMATICA São João batistaSC"/></From><To><User FriendlyName="Comercial l GRUPO GENESIS"/></To><Text Style="font-family:Segoe UI; color:#000000; ">obrigado</Text></Message><Message Date="09/01/2013" Time="16:30:12" DateTime="2013-01-09T18:30:12.274Z" SessionID="1"><From><User FriendlyName="Comercial l GRUPO GENESIS"/></From><To><User FriendlyName="Ricardo RD NFORMATICA São João batistaSC"/></To><Text Style="font-family:Segoe UI; color:#000000; ">mas por qual motivo?</Text></Message><Message Date="09/01/2013" Time="16:31:18" DateTime="2013-01-09T18:31:18.869Z" SessionID="1"><From><User FriendlyName="Ricardo RD NFORMATICA São João batistaSC"/></From><To><User FriendlyName="Comercial l GRUPO GENESIS"/></To><Text Style="font-family:Segoe UI; color:#000000; ">nao gostei da campanha</Text></Message><Message Date="09/01/2013" Time="16:32:17" DateTime="2013-01-09T18:32:17.878Z" SessionID="1"><From><User FriendlyName="Comercial l GRUPO GENESIS"/></From><To><User FriendlyName="Ricardo RD NFORMATICA São João batistaSC"/></To><Text Style="font-family:Segoe UI; color:#000000; ">jura?</Text></Message><Message Date="09/01/2013" Time="16:32:24" DateTime="2013-01-09T18:32:24.683Z" SessionID="1"><From><User FriendlyName="Ricardo RD NFORMATICA São João batistaSC"/></From><To><User FriendlyName="Comercial l GRUPO GENESIS"/></To><Text Style="font-family:Segoe UI; color:#000000; ">juro</Text></Message><Message Date="09/01/2013" Time="16:32:27" DateTime="2013-01-09T18:32:27.637Z" SessionID="1"><From><User FriendlyName="Comercial l GRUPO GENESIS"/></From><To><User FriendlyName="Ricardo RD NFORMATICA São João batistaSC"/></To><Text Style="font-family:Segoe UI; color:#000000; ">mas oque ela tem de eraado?</Text></Message><Message Date="09/01/2013" Time="16:32:46" DateTime="2013-01-09T18:32:46.056Z" SessionID="1"><From><User FriendlyName="Ricardo RD NFORMATICA São João batistaSC"/></From><To><User FriendlyName="Comercial l GRUPO GENESIS"/></To><Text Style="font-family:Segoe UI; color:#000000; ">qual seu nom??</Text></Message><Message Date="09/01/2013" Time="16:32:55" DateTime="2013-01-09T18:32:55.800Z" SessionID="1"><From><User FriendlyName="Comercial l GRUPO GENESIS"/></From><To><User FriendlyName="Ricardo RD NFORMATICA São João batistaSC"/></To><Text Style="font-family:Segoe UI; color:#000000; ">Daiana</Text></Message><Message Date="09/01/2013" Time="16:33:31" DateTime="2013-01-09T18:33:31.721Z" SessionID="1"><From><User FriendlyName="Ricardo RD NFORMATICA São João batistaSC"/></From><To><User FriendlyName="Comercial l GRUPO GENESIS"/></To><Text Style="font-family:Segoe UI; color:#000000; ">o daiana pra nao perder nem o meu tempo nem o seu....ja foi conversado com o gabriel tudo o motivo deu nao fazer uma campanha com vcs denovo</Text></Message><Message Date="09/01/2013" Time="16:33:42" DateTime="2013-01-09T18:33:42.103Z" SessionID="1"><From><User FriendlyName="Ricardo RD NFORMATICA São João batistaSC"/></From><To><User FriendlyName="Comercial l GRUPO GENESIS"/></To><Text Style="font-family:Segoe UI; color:#000000; ">foi muita mentira muita enrolaçao </Text></Message><Message Date="09/01/2013" Time="16:34:07" DateTime="2013-01-09T18:34:07.113Z" SessionID="1"><From><User FriendlyName="Comercial l GRUPO GENESIS"/></From><To><User FriendlyName="Ricardo RD NFORMATICA São João batistaSC"/></To><Text Style="font-family:Segoe UI; color:#000000; ">Desculpa,não estava sabendo</Text></Message><Message Date="09/01/2013" Time="16:34:10" DateTime="2013-01-09T18:34:10.904Z" SessionID="1"><From><User FriendlyName="Comercial l GRUPO GENESIS"/></From><To><User FriendlyName="Ricardo RD NFORMATICA São João batistaSC"/></To><Text Style="font-family:Segoe UI; color:#000000; ">sou nova aqui</Text></Message><Message Date="09/01/2013" Time="16:34:31" DateTime="2013-01-09T18:34:31.155Z" SessionID="1"><From><User FriendlyName="Ricardo RD NFORMATICA São João batistaSC"/></From><To><User FriendlyName="Comercial l GRUPO GENESIS"/></To><Text Style="font-family:Segoe UI; color:#000000; ">uhumm o consultor de vcs chegou aqui na cidade prometeu um netbook pra cada aluno iscrito</Text></Message><Message Date="09/01/2013" Time="16:34:35" DateTime="2013-01-09T18:34:35.905Z" SessionID="1"><From><User FriendlyName="Ricardo RD NFORMATICA São João batistaSC"/></From><To><User FriendlyName="Comercial l GRUPO GENESIS"/></To><Text Style="font-family:Segoe UI; color:#000000; ">teve pai que me botou na justiça</Text></Message><Message Date="09/01/2013" Time="16:35:21" DateTime="2013-01-09T18:35:21.252Z" SessionID="1"><From><User FriendlyName="Comercial l GRUPO GENESIS"/></From><To><User FriendlyName="Ricardo RD NFORMATICA São João batistaSC"/></To><Text Style="font-family:Segoe UI; color:#000000; ">Nao estou por dentro dessa historia,sinto muito</Text></Message><Message Date="09/01/2013" Time="16:35:34" DateTime="2013-01-09T18:35:34.790Z" SessionID="1"><From><User FriendlyName="Ricardo RD NFORMATICA São João batistaSC"/></From><To><User FriendlyName="Comercial l GRUPO GENESIS"/></To><Text Style="font-family:Segoe UI; color:#000000; ">teve ate dois amigos meus que iam fazer a campanha deles depois da minha e acabaram cancelando por causa disso</Text></Message><Message Date="09/01/2013" Time="16:36:13" DateTime="2013-01-09T18:36:13.070Z" SessionID="1"><From><User FriendlyName="Ricardo RD NFORMATICA São João batistaSC"/></From><To><User FriendlyName="Comercial l GRUPO GENESIS"/></To><Text Style="font-family:Segoe UI; color:#000000; ">dai o gabriel falou que depois da campanha teria um suporte  nao sei o que</Text></Message><Message Date="09/01/2013" Time="16:36:16" DateTime="2013-01-09T18:36:16.110Z" SessionID="1"><From><User FriendlyName="Ricardo RD NFORMATICA São João batistaSC"/></From><To><User FriendlyName="Comercial l GRUPO GENESIS"/></To><Text Style="font-family:Segoe UI; color:#000000; ">nunca teve nada</Text></Message><Message Date="09/01/2013" Time="16:36:25" DateTime="2013-01-09T18:36:25.430Z" SessionID="1"><From><User FriendlyName="Ricardo RD NFORMATICA São João batistaSC"/></From><To><User FriendlyName="Comercial l GRUPO GENESIS"/></To><Text Style="font-family:Segoe UI; color:#000000; ">somandou eu imprimir um cartao pra dar para os alunos</Text></Message><Message Date="09/01/2013" Time="16:36:29" DateTime="2013-01-09T18:36:29.438Z" SessionID="1"><From><User FriendlyName="Ricardo RD NFORMATICA São João batistaSC"/></From><To><User FriendlyName="Comercial l GRUPO GENESIS"/></To><Text Style="font-family:Segoe UI; color:#000000; ">coisa que eu ja fazia</Text></Message><Message Date="09/01/2013" Time="16:36:44" DateTime="2013-01-09T18:36:44.354Z" SessionID="1"><From><User FriendlyName="Ricardo RD NFORMATICA São João batistaSC"/></From><To><User FriendlyName="Comercial l GRUPO GENESIS"/></To><Text Style="font-family:Segoe UI; color:#000000; ">alem de tudo muito caro,nao dao descontos m matriculas zeradas</Text></Message><Message Date="09/01/2013" Time="16:37:10" DateTime="2013-01-09T18:37:10.211Z" SessionID="1"><From><User FriendlyName="Comercial l GRUPO GENESIS"/></From><To><User FriendlyName="Ricardo RD NFORMATICA São João batistaSC"/></To><Text Style="font-family:Segoe UI; color:#000000; ">  Sim,o Pos campanha e sistema de indicação</Text></Message><Message Date="09/01/2013" Time="16:37:20" DateTime="2013-01-09T18:37:20.234Z" SessionID="1"><From><User FriendlyName="Comercial l GRUPO GENESIS"/></From><To><User FriendlyName="Ricardo RD NFORMATICA São João batistaSC"/></To><Text Style="font-family:Segoe UI; color:#000000; ">e nao fazem matriculas nao pagas</Text></Message><Message Date="09/01/2013" Time="16:37:25" DateTime="2013-01-09T18:37:25.244Z" SessionID="1"><From><User FriendlyName="Ricardo RD NFORMATICA São João batistaSC"/></From><To><User FriendlyName="Comercial l GRUPO GENESIS"/></To><Text Style="font-family:Segoe UI; color:#000000; ">eu so cobri os chequis mesmo,pq sou homem de palavra pq o certo teria sido cancelar os chequis</Text></Message><Message Date="09/01/2013" Time="16:37:54" DateTime="2013-01-09T18:37:54.135Z" SessionID="1"><From><User FriendlyName="Ricardo RD NFORMATICA São João batistaSC"/></From><To><User FriendlyName="Comercial l GRUPO GENESIS"/></To><Text Style="font-family:Segoe UI; color:#000000; ">isso e que o gabriel tinha me prometido que matriculas zeradas na dia o consultor empurrou tudo aquo seriam feitas..chegou n</Text></Message><Message Date="09/01/2013" Time="16:38:11" DateTime="2013-01-09T18:38:11.979Z" SessionID="1"><From><User FriendlyName="Ricardo RD NFORMATICA São João batistaSC"/></From><To><User FriendlyName="Comercial l GRUPO GENESIS"/></To><Text Style="font-family:Segoe UI; color:#000000; ">no dia o consultor impurrou tudoas </Text></Message><Message Date="09/01/2013" Time="16:38:29" DateTime="2013-01-09T18:38:29.142Z" SessionID="1"><From><User FriendlyName="Ricardo RD NFORMATICA São João batistaSC"/></From><To><User FriendlyName="Comercial l GRUPO GENESIS"/></To><Text Style="font-family:Segoe UI; color:#000000; ">tenhu ate hj aqui as promissorias que nunca foram pagas</Text></Message><Message Date="09/01/2013" Time="16:38:38" DateTime="2013-01-09T18:38:38.019Z" SessionID="1"><From><User FriendlyName="Ricardo RD NFORMATICA São João batistaSC"/></From><To><User FriendlyName="Comercial l GRUPO GENESIS"/></To><Text Style="font-family:Segoe UI; color:#000000; ">2 mil reais so de matriculas zeradas</Text></Message><Message Date="09/01/2013" Time="16:39:23" DateTime="2013-01-09T18:39:23.349Z" SessionID="1"><From><User FriendlyName="Comercial l GRUPO GENESIS"/></From><To><User FriendlyName="Ricardo RD NFORMATICA São João batistaSC"/></To><Text Style="font-family:Segoe UI; color:#000000; ">nossa eu sinto muito..nao sabia mesmo</Text></Message><Message Date="09/01/2013" Time="16:39:29" DateTime="2013-01-09T18:39:29.355Z" SessionID="1"><From><User FriendlyName="Comercial l GRUPO GENESIS"/></From><To><User FriendlyName="Ricardo RD NFORMATICA São João batistaSC"/></To><Text Style="font-family:Segoe UI; color:#000000; ">desculpa te encomodar</Text></Message><Message Date="09/01/2013" Time="16:39:40" DateTime="2013-01-09T18:39:40.087Z" SessionID="1"><From><User FriendlyName="Ricardo RD NFORMATICA São João batistaSC"/></From><To><User FriendlyName="Comercial l GRUPO GENESIS"/></To><Text Style="font-family:Segoe UI; color:#000000; ">se puder ja exclui ai o meu msn por favor</Text></Message><Message Date="09/01/2013" Time="16:39:58" DateTime="2013-01-09T18:39:58.059Z" SessionID="1"><From><User FriendlyName="Comercial l GRUPO GENESIS"/></From><To><User FriendlyName="Ricardo RD NFORMATICA São João batistaSC"/></To><Text Style="font-family:Segoe UI; color:#000000; "> sim,vou fazer isso</Text></Message><Message Date="09/01/2013" Time="16:40:09" DateTime="2013-01-09T18:40:09.805Z" SessionID="1"><From><User FriendlyName="Comercial l GRUPO GENESIS"/></From><To><User FriendlyName="Ricardo RD NFORMATICA São João batistaSC"/></To><Text Style="font-family:Segoe UI; color:#000000; ">foi um prazer falar com o Senhor</Text></Message><Message Date="09/01/2013" Time="16:40:16" DateTime="2013-01-09T18:40:16.591Z" SessionID="1"><From><User FriendlyName="Comercial l GRUPO GENESIS"/></From><To><User FriendlyName="Ricardo RD NFORMATICA São João batistaSC"/></To><Text Style="font-family:Segoe UI; color:#000000; ">um feliz ano novo</Text></Message><Message Date="09/01/2013" Time="16:40:19" DateTime="2013-01-09T18:40:19.431Z" SessionID="1"><From><User FriendlyName="Comercial l GRUPO GENESIS"/></From><To><User FriendlyName="Ricardo RD NFORMATICA São João batistaSC"/></To><Text Style="font-family:Segoe UI; color:#000000; ">até mais</Text></Message><Message Date="09/01/2013" Time="16:40:24" DateTime="2013-01-09T18:40:24.360Z" SessionID="1"><From><User FriendlyName="Ricardo RD NFORMATICA São João batistaSC"/></From><To><User FriendlyName="Comercial l GRUPO GENESIS"/></To><Text Style="font-family:Segoe UI; color:#000000; ">ok obrigado e bom trabalho pra vcs</Text></Message><Message Date="09/01/2013" Time="16:40:29" DateTime="2013-01-09T18:40:29.914Z" SessionID="1"><From><User FriendlyName="Comercial l GRUPO GENESIS"/></From><To><User FriendlyName="Ricardo RD NFORMATICA São João batistaSC"/></To><Text Style="font-family:Segoe UI; color:#000000; ">obrigado</Text></Message></Log>
