<?xml version="1.0"?>
<?xml-stylesheet type='text/xsl' href='MessageLog.xsl'?>
<Log FirstSessionID="1" LastSessionID="2"><Message Date="28/01/2013" Time="11:12:40" DateTime="2013-01-28T13:12:40.057Z" SessionID="1"><From><User FriendlyName="Comercial l GRUPO GENESIS"/></From><To><User FriendlyName="TAMIRIS escolas em SP"/></To><Text Style="font-family:Segoe UI; color:#000000; ">ola</Text></Message><Message Date="28/01/2013" Time="11:12:44" DateTime="2013-01-28T13:12:44.674Z" SessionID="1"><From><User FriendlyName="Comercial l GRUPO GENESIS"/></From><To><User FriendlyName="TAMIRIS escolas em SP"/></To><Text Style="font-family:Segoe UI; color:#000000; ">bom dia</Text></Message><Message Date="28/01/2013" Time="11:13:24" DateTime="2013-01-28T13:13:24.614Z" SessionID="1"><From><User FriendlyName="TAMIRIS escolas em SP"/></From><To><User FriendlyName="Comercial l GRUPO GENESIS"/></To><Text Style="font-family:Segoe UI; color:#000000; ">bom dia</Text></Message><Message Date="28/01/2013" Time="11:14:40" DateTime="2013-01-28T13:14:40.674Z" SessionID="1"><From><User FriendlyName="Comercial l GRUPO GENESIS"/></From><To><User FriendlyName="TAMIRIS escolas em SP"/></To><Text Style="font-family:Segoe UI; color:#000000; ">tudo bem?</Text></Message><Message Date="28/01/2013" Time="11:15:47" DateTime="2013-01-28T13:15:47.907Z" SessionID="1"><From><User FriendlyName="TAMIRIS escolas em SP"/></From><To><User FriendlyName="Comercial l GRUPO GENESIS"/></To><Text Style="font-family:Segoe UI; color:#000000; ">td sim e com vc ?</Text></Message><Message Date="28/01/2013" Time="11:16:09" DateTime="2013-01-28T13:16:09.879Z" SessionID="1"><From><User FriendlyName="Comercial l GRUPO GENESIS"/></From><To><User FriendlyName="TAMIRIS escolas em SP"/></To><Text Style="font-family:Segoe UI; color:#000000; ">que bom</Text></Message><Message Date="28/01/2013" Time="11:16:12" DateTime="2013-01-28T13:16:12.468Z" SessionID="1"><From><User FriendlyName="Comercial l GRUPO GENESIS"/></From><To><User FriendlyName="TAMIRIS escolas em SP"/></To><Text Style="font-family:Segoe UI; color:#000000; ">tudo bem</Text></Message><Message Date="28/01/2013" Time="11:19:48" DateTime="2013-01-28T13:19:48.739Z" SessionID="1"><From><User FriendlyName="Comercial l GRUPO GENESIS"/></From><To><User FriendlyName="TAMIRIS escolas em SP"/></To><Text Style="font-family:Segoe UI; color:#000000; ">ja agendou sua campanha 2013?</Text></Message><Message Date="28/01/2013" Time="11:21:02" DateTime="2013-01-28T13:21:02.129Z" SessionID="1"><From><User FriendlyName="TAMIRIS escolas em SP"/></From><To><User FriendlyName="Comercial l GRUPO GENESIS"/></To><Text Style="font-family:Segoe UI; color:#000000; ">ñ</Text></Message><Message Date="28/01/2013" Time="11:23:42" DateTime="2013-01-28T13:23:42.002Z" SessionID="1"><From><User FriendlyName="Comercial l GRUPO GENESIS"/></From><To><User FriendlyName="TAMIRIS escolas em SP"/></To><Text Style="font-family:Segoe UI; color:#000000; ">quer deixar sua data reservada?</Text></Message><Message Date="28/01/2013" Time="11:23:53" DateTime="2013-01-28T13:23:53.204Z" SessionID="1"><From><User FriendlyName="TAMIRIS escolas em SP"/></From><To><User FriendlyName="Comercial l GRUPO GENESIS"/></To><Text Style="font-family:Segoe UI; color:#000000; ">por enquanto ñ</Text></Message><Message Date="28/01/2013" Time="11:24:01" DateTime="2013-01-28T13:24:01.363Z" SessionID="1"><From><User FriendlyName="TAMIRIS escolas em SP"/></From><To><User FriendlyName="Comercial l GRUPO GENESIS"/></To><Text Style="font-family:Segoe UI; color:#000000; ">obrigada</Text></Message><Message Date="28/01/2013" Time="11:25:27" DateTime="2013-01-28T13:25:27.889Z" SessionID="1"><From><User FriendlyName="Comercial l GRUPO GENESIS"/></From><To><User FriendlyName="TAMIRIS escolas em SP"/></To><Text Style="font-family:Segoe UI; color:#000000; ">se precisar estou a disposição</Text></Message><Message Date="28/01/2013" Time="11:25:38" DateTime="2013-01-28T13:25:38.752Z" SessionID="1"><From><User FriendlyName="Comercial l GRUPO GENESIS"/></From><To><User FriendlyName="TAMIRIS escolas em SP"/></To><Text Style="font-family:Segoe UI; color:#000000; ">obrigado pela atenção</Text></Message><Message Date="28/01/2013" Time="11:25:41" DateTime="2013-01-28T13:25:41.615Z" SessionID="1"><From><User FriendlyName="Comercial l GRUPO GENESIS"/></From><To><User FriendlyName="TAMIRIS escolas em SP"/></To><Text Style="font-family:Segoe UI; color:#000000; ">até mais</Text></Message><Message Date="28/01/2013" Time="11:26:16" DateTime="2013-01-28T13:26:16.947Z" SessionID="1"><From><User FriendlyName="TAMIRIS escolas em SP"/></From><To><User FriendlyName="Comercial l GRUPO GENESIS"/></To><Text Style="font-family:Segoe UI; color:#000000; ">até</Text></Message><Message Date="11/04/2013" Time="14:51:15" DateTime="2013-04-11T17:51:15.633Z" SessionID="2"><From><User FriendlyName="Comercial l GRUPO GENESIS"/></From><To><User FriendlyName="TAMIRIS escolas em SP"/></To><Text Style="font-family:Segoe UI; color:#000000; ">Oi</Text></Message><Message Date="11/04/2013" Time="14:51:21" DateTime="2013-04-11T17:51:21.202Z" SessionID="2"><From><User FriendlyName="Comercial l GRUPO GENESIS"/></From><To><User FriendlyName="TAMIRIS escolas em SP"/></To><Text Style="font-family:Segoe UI; color:#000000; ">boa tarde</Text></Message><Message Date="11/04/2013" Time="14:58:14" DateTime="2013-04-11T17:58:14.468Z" SessionID="2"><From><User FriendlyName="TAMIRIS escolas em SP"/></From><To><User FriendlyName="Comercial l GRUPO GENESIS"/></To><Text>boa tarde</Text></Message><Message Date="11/04/2013" Time="14:58:23" DateTime="2013-04-11T17:58:23.074Z" SessionID="2"><From><User FriendlyName="Comercial l GRUPO GENESIS"/></From><To><User FriendlyName="TAMIRIS escolas em SP"/></To><Text Style="font-family:Segoe UI; color:#000000; ">TUDO BEN</Text></Message><Message Date="11/04/2013" Time="14:58:27" DateTime="2013-04-11T17:58:27.645Z" SessionID="2"><From><User FriendlyName="Comercial l GRUPO GENESIS"/></From><To><User FriendlyName="TAMIRIS escolas em SP"/></To><Text Style="font-family:Segoe UI; color:#000000; ">BEM*</Text></Message><Message Date="11/04/2013" Time="14:58:32" DateTime="2013-04-11T17:58:32.528Z" SessionID="2"><From><User FriendlyName="TAMIRIS escolas em SP"/></From><To><User FriendlyName="Comercial l GRUPO GENESIS"/></To><Text>sim e com vc ?</Text></Message><Message Date="11/04/2013" Time="14:59:50" DateTime="2013-04-11T17:59:50.007Z" SessionID="2"><From><User FriendlyName="Comercial l GRUPO GENESIS"/></From><To><User FriendlyName="TAMIRIS escolas em SP"/></To><Text Style="font-family:Segoe UI; color:#000000; ">que bom</Text></Message><Message Date="11/04/2013" Time="14:59:53" DateTime="2013-04-11T17:59:53.876Z" SessionID="2"><From><User FriendlyName="Comercial l GRUPO GENESIS"/></From><To><User FriendlyName="TAMIRIS escolas em SP"/></To><Text Style="font-family:Segoe UI; color:#000000; ">tudo ótimo</Text></Message><Message Date="11/04/2013" Time="15:00:07" DateTime="2013-04-11T18:00:07.043Z" SessionID="2"><From><User FriendlyName="Comercial l GRUPO GENESIS"/></From><To><User FriendlyName="TAMIRIS escolas em SP"/></To><Text Style="font-family:Segoe UI; color:#000000; ">você ja agndou sua campanha 2013?</Text></Message><Message Date="11/04/2013" Time="15:00:18" DateTime="2013-04-11T18:00:18.243Z" SessionID="2"><From><User FriendlyName="TAMIRIS escolas em SP"/></From><To><User FriendlyName="Comercial l GRUPO GENESIS"/></To><Text>ñ</Text></Message><Message Date="11/04/2013" Time="15:00:30" DateTime="2013-04-11T18:00:30.146Z" SessionID="2"><From><User FriendlyName="Comercial l GRUPO GENESIS"/></From><To><User FriendlyName="TAMIRIS escolas em SP"/></To><Text Style="font-family:Segoe UI; color:#000000; ">estamos com ótimas datas</Text></Message><Message Date="11/04/2013" Time="15:00:38" DateTime="2013-04-11T18:00:38.539Z" SessionID="2"><From><User FriendlyName="Comercial l GRUPO GENESIS"/></From><To><User FriendlyName="TAMIRIS escolas em SP"/></To><Text Style="font-family:Segoe UI; color:#000000; ">quer deixar a sua agendada?</Text></Message><Message Date="11/04/2013" Time="15:00:51" DateTime="2013-04-11T18:00:51.222Z" SessionID="2"><From><User FriendlyName="TAMIRIS escolas em SP"/></From><To><User FriendlyName="Comercial l GRUPO GENESIS"/></To><Text>qual o valor ?</Text></Message><Message Date="11/04/2013" Time="15:01:02" DateTime="2013-04-11T18:01:02.547Z" SessionID="2"><From><User FriendlyName="Comercial l GRUPO GENESIS"/></From><To><User FriendlyName="TAMIRIS escolas em SP"/></To><Text Style="font-family:Segoe UI; color:#000000; ">voce ja conhece a campanha?</Text></Message><Message Date="11/04/2013" Time="15:01:11" DateTime="2013-04-11T18:01:11.642Z" SessionID="2"><From><User FriendlyName="TAMIRIS escolas em SP"/></From><To><User FriendlyName="Comercial l GRUPO GENESIS"/></To><Text>+ ou-</Text></Message><Message Date="11/04/2013" Time="15:04:08" DateTime="2013-04-11T18:04:08.533Z" SessionID="2"><From><User FriendlyName="Comercial l GRUPO GENESIS"/></From><To><User FriendlyName="TAMIRIS escolas em SP"/></To><Text Style="font-family:Segoe UI; color:#000000; ">A campanha entre as que realizamos hoje destaca-se essa a Clube Estudantil, uma campanha vinculada ao portal , hoje mantemos professores online em matemática e português, para dar um reforço diferenciado aos alunos das escolas publicas, relembrando que ele é gratuito aos alunos credenciados da campanha, esses ficam isentos de taxas e manutenções... porém pagarão um valor de credenciamento para sua escola, um valor mensal que pode partir de R$ 49,90 e pode chegar a R$ 89,90, ou seja, voce deve escolher pacotes de cursos para vincular ao nosso portal, entendeu? </Text></Message><Message Date="11/04/2013" Time="15:05:27" DateTime="2013-04-11T18:05:27.750Z" SessionID="2"><From><User FriendlyName="TAMIRIS escolas em SP"/></From><To><User FriendlyName="Comercial l GRUPO GENESIS"/></To><Text>sim</Text></Message><Message Date="11/04/2013" Time="15:06:25" DateTime="2013-04-11T18:06:25.797Z" SessionID="2"><From><User FriendlyName="Comercial l GRUPO GENESIS"/></From><To><User FriendlyName="TAMIRIS escolas em SP"/></To><Text Style="font-family:Segoe UI; color:#000000; ">Para entender melhor nossa proposta financeiro, como não cobramos nenhum valor mensal pelo Portal Educacional, cobramos de cada alunos credenciado o valor da 1ª parcela que ele pagara no seu curso e mais R$ 25,00 de taxa administrativa cobrado do aluno, o diferencial do nosso grupo é cobrar dos alunos efetivados o valor total no ato da matricula, porém teremos casos de alunos que não conseguirão o valor total no dia, somente uma parte desse valor, nesse caso também liberamos o credenciamento ao aluno, mais o aluno sem valor não será efetivado, dessa forma evitamos as matriculas ruins, as famosas matriculas NÃO PAGAS, evitamos as desistências também.
O aluno credenciado que pagou uma parte do valor total no dia, precisamos da outra parte desse valor, daremos 3 opções para sua escola cobrir a diferença para nossa empresa, cheque em até 3x sem juros, á vista com ótimo desconto ou no cartão de crédito em até 12x sem juros.
</Text></Message><Message Date="11/04/2013" Time="15:09:19" DateTime="2013-04-11T18:09:19.891Z" SessionID="2"><From><User FriendlyName="Comercial l GRUPO GENESIS"/></From><To><User FriendlyName="TAMIRIS escolas em SP"/></To><Text Style="font-family:Segoe UI; color:#000000; ">algum,a</Text></Message><Message Date="11/04/2013" Time="15:09:32" DateTime="2013-04-11T18:09:32.245Z" SessionID="2"><From><User FriendlyName="Comercial l GRUPO GENESIS"/></From><To><User FriendlyName="TAMIRIS escolas em SP"/></To><Text Style="font-family:Segoe UI; color:#000000; ">alguma duvida até o momento?</Text></Message><Message Date="11/04/2013" Time="15:10:32" DateTime="2013-04-11T18:10:32.857Z" SessionID="2"><From><User FriendlyName="TAMIRIS escolas em SP"/></From><To><User FriendlyName="Comercial l GRUPO GENESIS"/></To><Text>ñ</Text></Message><Message Date="11/04/2013" Time="15:10:58" DateTime="2013-04-11T18:10:58.971Z" SessionID="2"><From><User FriendlyName="Comercial l GRUPO GENESIS"/></From><To><User FriendlyName="TAMIRIS escolas em SP"/></To><Text Style="font-family:Segoe UI; color:#000000; ">estamos com datas ótimas</Text></Message><Message Date="11/04/2013" Time="15:11:08" DateTime="2013-04-11T18:11:08.097Z" SessionID="2"><From><User FriendlyName="Comercial l GRUPO GENESIS"/></From><To><User FriendlyName="TAMIRIS escolas em SP"/></To><Text Style="font-family:Segoe UI; color:#000000; ">quer agendar a sua?</Text></Message><Message Date="11/04/2013" Time="15:11:12" DateTime="2013-04-11T18:11:12.575Z" SessionID="2"><From><User FriendlyName="Comercial l GRUPO GENESIS"/></From><To><User FriendlyName="TAMIRIS escolas em SP"/></To><Text Style="font-family:Segoe UI; color:#000000; ">oque achou?</Text></Message><Message Date="11/04/2013" Time="15:14:01" DateTime="2013-04-11T18:14:01.502Z" SessionID="2"><From><User FriendlyName="TAMIRIS escolas em SP"/></From><To><User FriendlyName="Comercial l GRUPO GENESIS"/></To><Text>legal, mas como vcs fazem a divulgação ???</Text></Message><Message Date="11/04/2013" Time="15:14:08" DateTime="2013-04-11T18:14:08.945Z" SessionID="2"><From><User FriendlyName="TAMIRIS escolas em SP"/></From><To><User FriendlyName="Comercial l GRUPO GENESIS"/></To><Text>para fechar as matriculas ??</Text></Message><Message Date="11/04/2013" Time="15:14:59" DateTime="2013-04-11T18:14:59.093Z" SessionID="2"><From><User FriendlyName="Comercial l GRUPO GENESIS"/></From><To><User FriendlyName="TAMIRIS escolas em SP"/></To><Text Style="font-family:Segoe UI; color:#000000; ">Nosso gerente chega na terça feira em sua escola, e tem uma reunião completa para conher todos os benefícios da sua escola, em seguida ele vai agregar esses benefícios ao nosso projeto, durante a semana ele visita as escolas abertas pelo senhor, faz a divulgação com os alunos, importante lembrar que não entramos em sala de aula, não pegamos nome e nem telefone dos alunos, apenas reunimos alguns aleatoriamente em uma sala separada, explicamos os benefícios do Portal e da sua escola, entregamos um convite para identificar os beneficiados e convidamos todos a comparecerem no sábado com seus responsáveis para finalizar o credenciamento ao Projeto.</Text></Message><Message Date="11/04/2013" Time="15:16:09" DateTime="2013-04-11T18:16:09.839Z" SessionID="2"><From><User FriendlyName="TAMIRIS escolas em SP"/></From><To><User FriendlyName="Comercial l GRUPO GENESIS"/></To><Text>no caso eu tenho q abrir as escolas, quais despesas a mais terei ?</Text></Message><Message Date="11/04/2013" Time="15:17:36" DateTime="2013-04-11T18:17:36.194Z" SessionID="2"><From><User FriendlyName="Comercial l GRUPO GENESIS"/></From><To><User FriendlyName="TAMIRIS escolas em SP"/></To><Text Style="font-family:Segoe UI; color:#000000; ">As escolas ai da cidade,tem que ter alguma permissao pra entrar?</Text></Message><Message Date="11/04/2013" Time="15:18:20" DateTime="2013-04-11T18:18:20.889Z" SessionID="2"><From><User FriendlyName="Comercial l GRUPO GENESIS"/></From><To><User FriendlyName="TAMIRIS escolas em SP"/></To><Text Style="font-family:Segoe UI; color:#000000; ">carta da secretaria DA EDUCAÇÃO</Text></Message><Message Date="11/04/2013" Time="15:18:36" DateTime="2013-04-11T18:18:36.457Z" SessionID="2"><From><User FriendlyName="TAMIRIS escolas em SP"/></From><To><User FriendlyName="Comercial l GRUPO GENESIS"/></To><Text>creio q sim</Text></Message><Message Date="11/04/2013" Time="15:18:51" DateTime="2013-04-11T18:18:51.636Z" SessionID="2"><From><User FriendlyName="Comercial l GRUPO GENESIS"/></From><To><User FriendlyName="TAMIRIS escolas em SP"/></To><Text Style="font-family:Segoe UI; color:#000000; ">é dificil a entrada entao</Text></Message><Message Date="11/04/2013" Time="15:19:24" DateTime="2013-04-11T18:19:24.225Z" SessionID="2"><From><User FriendlyName="Comercial l GRUPO GENESIS"/></From><To><User FriendlyName="TAMIRIS escolas em SP"/></To><Text Style="font-family:Segoe UI; color:#000000; ">é pq visitamos as escolas pra marcar o dia que vamos fazer a divulgação e tal</Text></Message><Message Date="11/04/2013" Time="15:19:36" DateTime="2013-04-11T18:19:36.346Z" SessionID="2"><From><User FriendlyName="Comercial l GRUPO GENESIS"/></From><To><User FriendlyName="TAMIRIS escolas em SP"/></To><Text Style="font-family:Segoe UI; color:#000000; ">e sem poder entrar nao tem como fazer</Text></Message><Message Date="11/04/2013" Time="16:48:40" DateTime="2013-04-11T19:48:40.741Z" SessionID="2"><From><User FriendlyName="Comercial l GRUPO GENESIS"/></From><To><User FriendlyName="TAMIRIS escolas em SP"/></To><Text Style="font-family:Segoe UI; color:#000000; ">entendeu?</Text></Message></Log>
