<?xml version="1.0"?>
<?xml-stylesheet type='text/xsl' href='MessageLog.xsl'?>
<Log FirstSessionID="1" LastSessionID="2"><Message Date="28/01/2013" Time="08:36:31" DateTime="2013-01-28T10:36:31.228Z" SessionID="1"><From><User FriendlyName="Comercial l GRUPO GENESIS"/></From><To><User FriendlyName="Rogério - Guaraciaba SC"/></To><Text Style="font-family:Segoe UI; color:#000000; ">Olá</Text></Message><Message Date="28/01/2013" Time="08:36:37" DateTime="2013-01-28T10:36:37.504Z" SessionID="1"><From><User FriendlyName="Comercial l GRUPO GENESIS"/></From><To><User FriendlyName="Rogério - Guaraciaba SC"/></To><Text Style="font-family:Segoe UI; color:#000000; ">Bom dia</Text></Message><Message Date="10/04/2013" Time="11:11:14" DateTime="2013-04-10T14:11:14.014Z" SessionID="2"><From><User FriendlyName="Comercial l GRUPO GENESIS"/></From><To><User FriendlyName="Rogério - Guaraciaba SC"/></To><Text Style="font-family:Segoe UI; color:#000000; ">Oi</Text></Message><Message Date="10/04/2013" Time="11:11:16" DateTime="2013-04-10T14:11:16.432Z" SessionID="2"><From><User FriendlyName="Comercial l GRUPO GENESIS"/></From><To><User FriendlyName="Rogério - Guaraciaba SC"/></To><Text Style="font-family:Segoe UI; color:#000000; ">bom dia</Text></Message></Log>
