<?xml version="1.0"?>
<?xml-stylesheet type='text/xsl' href='MessageLog.xsl'?>
<Log FirstSessionID="1" LastSessionID="4"><Message Date="09/04/2013" Time="10:04:09" DateTime="2013-04-09T13:04:09.434Z" SessionID="1"><From><User FriendlyName="Rony - New Life"/></From><To><User FriendlyName="Comercial l GRUPO GENESIS"/></To><Text>opa</Text></Message><Message Date="09/04/2013" Time="10:04:12" DateTime="2013-04-09T13:04:12.430Z" SessionID="1"><From><User FriendlyName="Rony - New Life"/></From><To><User FriendlyName="Comercial l GRUPO GENESIS"/></To><Text>bom dia</Text></Message><Message Date="09/04/2013" Time="10:04:29" DateTime="2013-04-09T13:04:29.323Z" SessionID="1"><From><User FriendlyName="Rony - New Life"/></From><To><User FriendlyName="Comercial l GRUPO GENESIS"/></To><Text>oq temos de novo para divulgar nas escolas ???</Text></Message><Message Date="09/04/2013" Time="10:15:19" DateTime="2013-04-09T13:15:19.061Z" SessionID="1"><From><User FriendlyName="Comercial l GRUPO GENESIS"/></From><To><User FriendlyName="Rony - New Life"/></To><Text Style="font-family:Segoe UI; color:#000000; ">Bom dia</Text></Message><Message Date="09/04/2013" Time="10:15:38" DateTime="2013-04-09T13:15:38.701Z" SessionID="1"><From><User FriendlyName="Rony - New Life"/></From><To><User FriendlyName="Comercial l GRUPO GENESIS"/></To><Text>oi</Text></Message><Message Date="09/04/2013" Time="10:15:49" DateTime="2013-04-09T13:15:49.200Z" SessionID="1"><From><User FriendlyName="Comercial l GRUPO GENESIS"/></From><To><User FriendlyName="Rony - New Life"/></To><Text Style="font-family:Segoe UI; color:#000000; ">Educação em foco</Text></Message><Message Date="09/04/2013" Time="10:16:02" DateTime="2013-04-09T13:16:02.192Z" SessionID="1"><From><User FriendlyName="Comercial l GRUPO GENESIS"/></From><To><User FriendlyName="Rony - New Life"/></To><Text Style="font-family:Segoe UI; color:#000000; ">a proposito,tenho uma data semana que vem</Text></Message><Message Date="09/04/2013" Time="10:16:10" DateTime="2013-04-09T13:16:10.735Z" SessionID="1"><From><User FriendlyName="Rony - New Life"/></From><To><User FriendlyName="Comercial l GRUPO GENESIS"/></To><Text>pois é</Text></Message><Message Date="09/04/2013" Time="10:16:17" DateTime="2013-04-09T13:16:17.907Z" SessionID="1"><From><User FriendlyName="Rony - New Life"/></From><To><User FriendlyName="Comercial l GRUPO GENESIS"/></To><Text>preciso divulgar</Text></Message><Message Date="09/04/2013" Time="10:16:22" DateTime="2013-04-09T13:16:22.545Z" SessionID="1"><From><User FriendlyName="Rony - New Life"/></From><To><User FriendlyName="Comercial l GRUPO GENESIS"/></To><Text>aqui em sao gabriel</Text></Message><Message Date="09/04/2013" Time="10:16:29" DateTime="2013-04-09T13:16:29.821Z" SessionID="1"><From><User FriendlyName="Rony - New Life"/></From><To><User FriendlyName="Comercial l GRUPO GENESIS"/></To><Text>mas preciso saber</Text></Message><Message Date="09/04/2013" Time="10:16:56" DateTime="2013-04-09T13:16:56.778Z" SessionID="1"><From><User FriendlyName="Rony - New Life"/></From><To><User FriendlyName="Comercial l GRUPO GENESIS"/></To><Text>qual a divulgacao, pq já fora feitas algumas aqui por vcs, ano retrasado e passado</Text></Message><Message Date="09/04/2013" Time="10:20:13" DateTime="2013-04-09T13:20:13.244Z" SessionID="1"><From><User FriendlyName="Comercial l GRUPO GENESIS"/></From><To><User FriendlyName="Rony - New Life"/></To><Text Style="font-family:Segoe UI; color:#000000; ">Sim,eu sei</Text></Message><Message Date="09/04/2013" Time="10:20:23" DateTime="2013-04-09T13:20:23.338Z" SessionID="1"><From><User FriendlyName="Comercial l GRUPO GENESIS"/></From><To><User FriendlyName="Rony - New Life"/></To><Text Style="font-family:Segoe UI; color:#000000; ">essa campanha que pretendo mandar é nova</Text></Message><Message Date="09/04/2013" Time="10:20:34" DateTime="2013-04-09T13:20:34.273Z" SessionID="1"><From><User FriendlyName="Comercial l GRUPO GENESIS"/></From><To><User FriendlyName="Rony - New Life"/></To><Text Style="font-family:Segoe UI; color:#000000; ">O educação em Foco</Text></Message><Message Date="09/04/2013" Time="10:21:28" DateTime="2013-04-09T13:21:28.608Z" SessionID="1"><From><User FriendlyName="Comercial l GRUPO GENESIS"/></From><To><User FriendlyName="Rony - New Life"/></To><Text Style="font-family:Segoe UI; color:#000000; ">tem portal tambem,mais a abordagem com os alunos é diferente,o gerente é diferente,o material de campanha diferente e a logo tbm.</Text></Message><Message Date="09/04/2013" Time="10:29:17" DateTime="2013-04-09T13:29:17.851Z" SessionID="1"><From><User FriendlyName="Rony - New Life"/></From><To><User FriendlyName="Comercial l GRUPO GENESIS"/></To><Text>pois é</Text></Message><Message Date="09/04/2013" Time="10:29:21" DateTime="2013-04-09T13:29:21.625Z" SessionID="1"><From><User FriendlyName="Rony - New Life"/></From><To><User FriendlyName="Comercial l GRUPO GENESIS"/></To><Text>qual o custo</Text></Message><Message Date="09/04/2013" Time="10:29:27" DateTime="2013-04-09T13:29:27.522Z" SessionID="1"><From><User FriendlyName="Rony - New Life"/></From><To><User FriendlyName="Comercial l GRUPO GENESIS"/></To><Text>dessa campanha?</Text></Message><Message Date="09/04/2013" Time="10:29:37" DateTime="2013-04-09T13:29:37.865Z" SessionID="1"><From><User FriendlyName="Comercial l GRUPO GENESIS"/></From><To><User FriendlyName="Rony - New Life"/></To><Text Style="font-family:Segoe UI; color:#000000; ">O mesmo da anterior</Text></Message><Message Date="09/04/2013" Time="10:29:53" DateTime="2013-04-09T13:29:53.153Z" SessionID="1"><From><User FriendlyName="Rony - New Life"/></From><To><User FriendlyName="Comercial l GRUPO GENESIS"/></To><Text>qual valor da mensalidade?</Text></Message><Message Date="09/04/2013" Time="10:30:09" DateTime="2013-04-09T13:30:09.580Z" SessionID="1"><From><User FriendlyName="Comercial l GRUPO GENESIS"/></From><To><User FriendlyName="Rony - New Life"/></To><Text Style="font-family:Segoe UI; color:#000000; ">o valor minimo?</Text></Message><Message Date="09/04/2013" Time="10:30:19" DateTime="2013-04-09T13:30:19.189Z" SessionID="1"><From><User FriendlyName="Rony - New Life"/></From><To><User FriendlyName="Comercial l GRUPO GENESIS"/></To><Text>isso</Text></Message><Message Date="09/04/2013" Time="10:31:17" DateTime="2013-04-09T13:31:17.424Z" SessionID="1"><From><User FriendlyName="Comercial l GRUPO GENESIS"/></From><To><User FriendlyName="Rony - New Life"/></To><Text Style="font-family:Segoe UI; color:#000000; ">49,90</Text></Message><Message Date="09/04/2013" Time="10:32:11" DateTime="2013-04-09T13:32:11.135Z" SessionID="1"><From><User FriendlyName="Rony - New Life"/></From><To><User FriendlyName="Comercial l GRUPO GENESIS"/></To><Text>muito</Text></Message><Message Date="09/04/2013" Time="10:32:12" DateTime="2013-04-09T13:32:12.592Z" SessionID="1"><From><User FriendlyName="Rony - New Life"/></From><To><User FriendlyName="Comercial l GRUPO GENESIS"/></To><Text>barato</Text></Message><Message Date="09/04/2013" Time="10:32:16" DateTime="2013-04-09T13:32:16.959Z" SessionID="1"><From><User FriendlyName="Rony - New Life"/></From><To><User FriendlyName="Comercial l GRUPO GENESIS"/></To><Text>sem condiçoes</Text></Message><Message Date="09/04/2013" Time="10:32:26" DateTime="2013-04-09T13:32:26.302Z" SessionID="1"><From><User FriendlyName="Rony - New Life"/></From><To><User FriendlyName="Comercial l GRUPO GENESIS"/></To><Text>tem q ser no minimo 59,90</Text></Message><Message Date="09/04/2013" Time="10:32:52" DateTime="2013-04-09T13:32:52.730Z" SessionID="1"><From><User FriendlyName="Rony - New Life"/></From><To><User FriendlyName="Comercial l GRUPO GENESIS"/></To><Text>minha cidade ja esta acostumada a pagar 79,90, 89,90 fora de campanha</Text></Message><Message Date="09/04/2013" Time="10:33:02" DateTime="2013-04-09T13:33:02.636Z" SessionID="1"><From><User FriendlyName="Rony - New Life"/></From><To><User FriendlyName="Comercial l GRUPO GENESIS"/></To><Text>entao se para menos</Text></Message><Message Date="09/04/2013" Time="10:33:04" DateTime="2013-04-09T13:33:04.555Z" SessionID="1"><From><User FriendlyName="Rony - New Life"/></From><To><User FriendlyName="Comercial l GRUPO GENESIS"/></To><Text>da</Text></Message><Message Date="09/04/2013" Time="10:33:20" DateTime="2013-04-09T13:33:20.810Z" SessionID="1"><From><User FriendlyName="Comercial l GRUPO GENESIS"/></From><To><User FriendlyName="Rony - New Life"/></To><Text Style="font-family:Segoe UI; color:#000000; ">Sim,podemos fazer dentro desse valor de 59,90</Text></Message><Message Date="09/04/2013" Time="10:42:52" DateTime="2013-04-09T13:42:52.414Z" SessionID="1"><From><User FriendlyName="Comercial l GRUPO GENESIS"/></From><To><User FriendlyName="Rony - New Life"/></To><Text Style="font-family:Segoe UI; color:#000000; ">entao?</Text></Message><Message Date="09/04/2013" Time="10:43:15" DateTime="2013-04-09T13:43:15.424Z" SessionID="1"><From><User FriendlyName="Rony - New Life"/></From><To><User FriendlyName="Comercial l GRUPO GENESIS"/></To><Text>perae</Text></Message><Message Date="09/04/2013" Time="10:43:22" DateTime="2013-04-09T13:43:22.888Z" SessionID="1"><From><User FriendlyName="Comercial l GRUPO GENESIS"/></From><To><User FriendlyName="Rony - New Life"/></To><Text Style="font-family:Segoe UI; color:#000000; ">sim</Text></Message><Message Date="09/04/2013" Time="13:13:51" DateTime="2013-04-09T16:13:51.639Z" SessionID="1"><From><User FriendlyName="Comercial l GRUPO GENESIS"/></From><To><User FriendlyName="Rony - New Life"/></To><Text Style="font-family:Segoe UI; color:#000000; ">Oi</Text></Message><Message Date="09/04/2013" Time="13:13:56" DateTime="2013-04-09T16:13:56.538Z" SessionID="1"><From><User FriendlyName="Comercial l GRUPO GENESIS"/></From><To><User FriendlyName="Rony - New Life"/></To><Text Style="font-family:Segoe UI; color:#000000; ">boa tarde</Text></Message><Message Date="09/04/2013" Time="15:32:42" DateTime="2013-04-09T18:32:42.174Z" SessionID="1"><From><User FriendlyName="Comercial l GRUPO GENESIS"/></From><To><User FriendlyName="Rony - New Life"/></To><Text Style="font-family:Segoe UI; color:#000000; ">Oi rony</Text></Message><Message Date="10/04/2013" Time="14:36:51" DateTime="2013-04-10T17:36:51.935Z" SessionID="2"><From><User FriendlyName="Comercial l GRUPO GENESIS"/></From><To><User FriendlyName="Rony - New Life"/></To><Text Style="font-family:Segoe UI; color:#000000; ">Oi</Text></Message><Message Date="10/04/2013" Time="14:36:54" DateTime="2013-04-10T17:36:54.587Z" SessionID="2"><From><User FriendlyName="Comercial l GRUPO GENESIS"/></From><To><User FriendlyName="Rony - New Life"/></To><Text Style="font-family:Segoe UI; color:#000000; ">boa tarde</Text></Message><Message Date="17/04/2013" Time="15:05:46" DateTime="2013-04-17T18:05:46.719Z" SessionID="3"><From><User FriendlyName="Comercial l GRUPO GENESIS"/></From><To><User FriendlyName="Rony - New Life"/></To><Text Style="font-family:Segoe UI; color:#000000; ">Oi</Text></Message><Message Date="17/04/2013" Time="15:05:50" DateTime="2013-04-17T18:05:50.214Z" SessionID="3"><From><User FriendlyName="Comercial l GRUPO GENESIS"/></From><To><User FriendlyName="Rony - New Life"/></To><Text Style="font-family:Segoe UI; color:#000000; ">boa tarde</Text></Message><Message Date="17/04/2013" Time="15:07:24" DateTime="2013-04-17T18:07:24.204Z" SessionID="3"><From><User FriendlyName="Rony - New Life"/></From><To><User FriendlyName="Comercial l GRUPO GENESIS"/></To><Text>opa</Text></Message><Message Date="17/04/2013" Time="15:07:59" DateTime="2013-04-17T18:07:59.665Z" SessionID="3"><From><User FriendlyName="Comercial l GRUPO GENESIS"/></From><To><User FriendlyName="Rony - New Life"/></To><Text Style="font-family:Segoe UI; color:#000000; ">Rony,voce estava querendo agendar uma camapanha</Text></Message><Message Date="17/04/2013" Time="15:08:07" DateTime="2013-04-17T18:08:07.138Z" SessionID="3"><From><User FriendlyName="Rony - New Life"/></From><To><User FriendlyName="Comercial l GRUPO GENESIS"/></To><Text>pois é</Text></Message><Message Date="17/04/2013" Time="15:08:09" DateTime="2013-04-17T18:08:09.134Z" SessionID="3"><From><User FriendlyName="Rony - New Life"/></From><To><User FriendlyName="Comercial l GRUPO GENESIS"/></To><Text>preciso</Text></Message><Message Date="17/04/2013" Time="15:08:12" DateTime="2013-04-17T18:08:12.379Z" SessionID="3"><From><User FriendlyName="Rony - New Life"/></From><To><User FriendlyName="Comercial l GRUPO GENESIS"/></To><Text>divulgar</Text></Message><Message Date="17/04/2013" Time="15:08:30" DateTime="2013-04-17T18:08:30.959Z" SessionID="3"><From><User FriendlyName="Rony - New Life"/></From><To><User FriendlyName="Comercial l GRUPO GENESIS"/></To><Text>mas tem q iniciarmos segunda 22</Text></Message><Message Date="17/04/2013" Time="15:08:33" DateTime="2013-04-17T18:08:33.954Z" SessionID="3"><From><User FriendlyName="Rony - New Life"/></From><To><User FriendlyName="Comercial l GRUPO GENESIS"/></To><Text>tem como</Text></Message><Message Date="17/04/2013" Time="15:35:28" DateTime="2013-04-17T18:35:28.654Z" SessionID="3"><From><User FriendlyName="Rony - New Life"/></From><To><User FriendlyName="Comercial l GRUPO GENESIS"/></To><Text>olá</Text></Message><Message Date="17/04/2013" Time="15:35:40" DateTime="2013-04-17T18:35:40.251Z" SessionID="3"><From><User FriendlyName="Rony - New Life"/></From><To><User FriendlyName="Comercial l GRUPO GENESIS"/></To><Text>tens vaga</Text></Message><Message Date="17/04/2013" Time="15:35:44" DateTime="2013-04-17T18:35:44.764Z" SessionID="3"><From><User FriendlyName="Rony - New Life"/></From><To><User FriendlyName="Comercial l GRUPO GENESIS"/></To><Text>pra semana q vem</Text></Message><Message Date="17/04/2013" Time="15:45:59" DateTime="2013-04-17T18:45:59.743Z" SessionID="3"><From><User FriendlyName="Comercial l GRUPO GENESIS"/></From><To><User FriendlyName="Rony - New Life"/></To><Text Style="font-family:Segoe UI; color:#000000; ">TENHO QUE VERIFICAR</Text></Message><Message Date="17/04/2013" Time="15:46:08" DateTime="2013-04-17T18:46:08.650Z" SessionID="3"><From><User FriendlyName="Rony - New Life"/></From><To><User FriendlyName="Comercial l GRUPO GENESIS"/></To><Text>ve pra mim</Text></Message><Message Date="17/04/2013" Time="15:46:40" DateTime="2013-04-17T18:46:40.822Z" SessionID="3"><From><User FriendlyName="Comercial l GRUPO GENESIS"/></From><To><User FriendlyName="Rony - New Life"/></To><Text Style="font-family:Segoe UI; color:#000000; ">sim</Text></Message><Message Date="17/04/2013" Time="16:19:22" DateTime="2013-04-17T19:19:22.772Z" SessionID="3"><From><User FriendlyName="Comercial l GRUPO GENESIS"/></From><To><User FriendlyName="Rony - New Life"/></To><Text Style="font-family:Segoe UI; color:#000000; ">qual cidades que vc quer fazer rony?</Text></Message><Message Date="17/04/2013" Time="16:19:35" DateTime="2013-04-17T19:19:35.478Z" SessionID="3"><From><User FriendlyName="Rony - New Life"/></From><To><User FriendlyName="Comercial l GRUPO GENESIS"/></To><Text>SAO GABRIEL</Text></Message><Message Date="17/04/2013" Time="16:19:57" DateTime="2013-04-17T19:19:57.084Z" SessionID="3"><From><User FriendlyName="Rony - New Life"/></From><To><User FriendlyName="Comercial l GRUPO GENESIS"/></To><Text>de imediato</Text></Message><Message Date="17/04/2013" Time="16:21:01" DateTime="2013-04-17T19:21:01.679Z" SessionID="3"><From><User FriendlyName="Comercial l GRUPO GENESIS"/></From><To><User FriendlyName="Rony - New Life"/></To><Text Style="font-family:Segoe UI; color:#000000; ">certo</Text></Message><Message Date="17/04/2013" Time="16:21:19" DateTime="2013-04-17T19:21:19.187Z" SessionID="3"><From><User FriendlyName="Comercial l GRUPO GENESIS"/></From><To><User FriendlyName="Rony - New Life"/></To><Text Style="font-family:Segoe UI; color:#000000; ">quantas escolas abertas tem na cidade pra realizar a campanha?</Text></Message><Message Date="17/04/2013" Time="16:22:58" DateTime="2013-04-17T19:22:58.411Z" SessionID="3"><From><User FriendlyName="Comercial l GRUPO GENESIS"/></From><To><User FriendlyName="Rony - New Life"/></To><Text Style="font-family:Segoe UI; color:#000000; ">??</Text></Message><Message Date="17/04/2013" Time="16:28:47" DateTime="2013-04-17T19:28:47.836Z" SessionID="3"><From><User FriendlyName="Rony - New Life"/></From><To><User FriendlyName="Comercial l GRUPO GENESIS"/></To><Text>umas 15</Text></Message><Message Date="17/04/2013" Time="16:29:09" DateTime="2013-04-17T19:29:09.317Z" SessionID="3"><From><User FriendlyName="Comercial l GRUPO GENESIS"/></From><To><User FriendlyName="Rony - New Life"/></To><Text Style="font-family:Segoe UI; color:#000000; ">ótimo</Text></Message><Message Date="17/04/2013" Time="16:29:19" DateTime="2013-04-17T19:29:19.209Z" SessionID="3"><From><User FriendlyName="Comercial l GRUPO GENESIS"/></From><To><User FriendlyName="Rony - New Life"/></To><Text Style="font-family:Segoe UI; color:#000000; ">so mais uma coisa e podemos fechar</Text></Message><Message Date="17/04/2013" Time="16:40:09" DateTime="2013-04-17T19:40:09.817Z" SessionID="3"><From><User FriendlyName="Comercial l GRUPO GENESIS"/></From><To><User FriendlyName="Rony - New Life"/></To><Text Style="font-family:Segoe UI; color:#000000; ">As formas de pagamento liberadas pelo financeiro faram:
cheque PF ou PF em 3X sem juros
12X no cartao de credito s
Ou á vista com um bom desconto</Text></Message><Message Date="17/04/2013" Time="16:42:29" DateTime="2013-04-17T19:42:29.682Z" SessionID="3"><From><User FriendlyName="Rony - New Life"/></From><To><User FriendlyName="Comercial l GRUPO GENESIS"/></To><Text>ok</Text></Message><Message Date="17/04/2013" Time="16:43:38" DateTime="2013-04-17T19:43:38.530Z" SessionID="3"><From><User FriendlyName="Comercial l GRUPO GENESIS"/></From><To><User FriendlyName="Rony - New Life"/></To><Text Style="font-family:Segoe UI; color:#000000; ">qual voce escolhe?</Text></Message><Message Date="17/04/2013" Time="16:46:31" DateTime="2013-04-17T19:46:31.811Z" SessionID="3"><From><User FriendlyName="Rony - New Life"/></From><To><User FriendlyName="Comercial l GRUPO GENESIS"/></To><Text>cheq</Text></Message><Message Date="17/04/2013" Time="16:46:35" DateTime="2013-04-17T19:46:35.396Z" SessionID="3"><From><User FriendlyName="Rony - New Life"/></From><To><User FriendlyName="Comercial l GRUPO GENESIS"/></To><Text>em 3x</Text></Message><Message Date="17/04/2013" Time="16:47:52" DateTime="2013-04-17T19:47:52.577Z" SessionID="3"><From><User FriendlyName="Comercial l GRUPO GENESIS"/></From><To><User FriendlyName="Rony - New Life"/></To><Text Style="font-family:Segoe UI; color:#000000; ">pj ou pf?</Text></Message><Message Date="17/04/2013" Time="16:48:04" DateTime="2013-04-17T19:48:04.433Z" SessionID="3"><From><User FriendlyName="Rony - New Life"/></From><To><User FriendlyName="Comercial l GRUPO GENESIS"/></To><Text>juridica</Text></Message><Message Date="17/04/2013" Time="16:48:19" DateTime="2013-04-17T19:48:19.939Z" SessionID="3"><From><User FriendlyName="Comercial l GRUPO GENESIS"/></From><To><User FriendlyName="Rony - New Life"/></To><Text Style="font-family:Segoe UI; color:#000000; ">ok</Text></Message><Message Date="17/04/2013" Time="16:48:25" DateTime="2013-04-17T19:48:25.353Z" SessionID="3"><From><User FriendlyName="Comercial l GRUPO GENESIS"/></From><To><User FriendlyName="Rony - New Life"/></To><Text Style="font-family:Segoe UI; color:#000000; ">esta confirmado</Text></Message><Message Date="17/04/2013" Time="16:48:30" DateTime="2013-04-17T19:48:30.703Z" SessionID="3"><From><User FriendlyName="Rony - New Life"/></From><To><User FriendlyName="Comercial l GRUPO GENESIS"/></To><Text>mas</Text></Message><Message Date="17/04/2013" Time="16:48:32" DateTime="2013-04-17T19:48:32.497Z" SessionID="3"><From><User FriendlyName="Rony - New Life"/></From><To><User FriendlyName="Comercial l GRUPO GENESIS"/></To><Text>seguinte</Text></Message><Message Date="17/04/2013" Time="16:48:35" DateTime="2013-04-17T19:48:35.742Z" SessionID="3"><From><User FriendlyName="Rony - New Life"/></From><To><User FriendlyName="Comercial l GRUPO GENESIS"/></To><Text>me passa</Text></Message><Message Date="17/04/2013" Time="16:48:40" DateTime="2013-04-17T19:48:40.609Z" SessionID="3"><From><User FriendlyName="Rony - New Life"/></From><To><User FriendlyName="Comercial l GRUPO GENESIS"/></To><Text>um gerente</Text></Message><Message Date="17/04/2013" Time="16:48:41" DateTime="2013-04-17T19:48:41.561Z" SessionID="3"><From><User FriendlyName="Rony - New Life"/></From><To><User FriendlyName="Comercial l GRUPO GENESIS"/></To><Text>bom</Text></Message><Message Date="17/04/2013" Time="16:48:47" DateTime="2013-04-17T19:48:47.843Z" SessionID="3"><From><User FriendlyName="Rony - New Life"/></From><To><User FriendlyName="Comercial l GRUPO GENESIS"/></To><Text>e q tenha voltade</Text></Message><Message Date="17/04/2013" Time="16:48:51" DateTime="2013-04-17T19:48:51.642Z" SessionID="3"><From><User FriendlyName="Rony - New Life"/></From><To><User FriendlyName="Comercial l GRUPO GENESIS"/></To><Text>de bota aluno</Text></Message><Message Date="17/04/2013" Time="16:49:09" DateTime="2013-04-17T19:49:09.199Z" SessionID="3"><From><User FriendlyName="Comercial l GRUPO GENESIS"/></From><To><User FriendlyName="Rony - New Life"/></To><Text Style="font-family:Segoe UI; color:#000000; ">claro</Text></Message><Message Date="17/04/2013" Time="16:49:19" DateTime="2013-04-17T19:49:19.604Z" SessionID="3"><From><User FriendlyName="Rony - New Life"/></From><To><User FriendlyName="Comercial l GRUPO GENESIS"/></To><Text>no minimo</Text></Message><Message Date="17/04/2013" Time="16:49:23" DateTime="2013-04-17T19:49:23.348Z" SessionID="3"><From><User FriendlyName="Rony - New Life"/></From><To><User FriendlyName="Comercial l GRUPO GENESIS"/></To><Text>R$ 59,90</Text></Message><Message Date="17/04/2013" Time="16:50:28" DateTime="2013-04-17T19:50:28.623Z" SessionID="3"><From><User FriendlyName="Comercial l GRUPO GENESIS"/></From><To><User FriendlyName="Rony - New Life"/></To><Text Style="font-family:Segoe UI; color:#000000; ">ok</Text></Message><Message Date="22/04/2013" Time="10:22:57" DateTime="2013-04-22T13:22:57.497Z" SessionID="4"><From><User FriendlyName="Rony - New Life"/></From><To><User FriendlyName="Comercial l GRUPO GENESIS"/></To><Text>bom dia</Text></Message><Message Date="22/04/2013" Time="10:23:06" DateTime="2013-04-22T13:23:06.840Z" SessionID="4"><From><User FriendlyName="Rony - New Life"/></From><To><User FriendlyName="Comercial l GRUPO GENESIS"/></To><Text>estava pensando</Text></Message><Message Date="22/04/2013" Time="10:23:08" DateTime="2013-04-22T13:23:08.383Z" SessionID="4"><From><User FriendlyName="Rony - New Life"/></From><To><User FriendlyName="Comercial l GRUPO GENESIS"/></To><Text>que</Text></Message><Message Date="22/04/2013" Time="10:23:12" DateTime="2013-04-22T13:23:12.514Z" SessionID="4"><From><User FriendlyName="Rony - New Life"/></From><To><User FriendlyName="Comercial l GRUPO GENESIS"/></To><Text>essa data</Text></Message><Message Date="22/04/2013" Time="10:23:20" DateTime="2013-04-22T13:23:20.472Z" SessionID="4"><From><User FriendlyName="Rony - New Life"/></From><To><User FriendlyName="Comercial l GRUPO GENESIS"/></To><Text>final do mÊs</Text></Message><Message Date="22/04/2013" Time="10:23:22" DateTime="2013-04-22T13:23:22.110Z" SessionID="4"><From><User FriendlyName="Rony - New Life"/></From><To><User FriendlyName="Comercial l GRUPO GENESIS"/></To><Text>é</Text></Message><Message Date="22/04/2013" Time="10:23:24" DateTime="2013-04-22T13:23:24.107Z" SessionID="4"><From><User FriendlyName="Rony - New Life"/></From><To><User FriendlyName="Comercial l GRUPO GENESIS"/></To><Text>complicado</Text></Message><Message Date="22/04/2013" Time="10:23:27" DateTime="2013-04-22T13:23:27.445Z" SessionID="4"><From><User FriendlyName="Rony - New Life"/></From><To><User FriendlyName="Comercial l GRUPO GENESIS"/></To><Text>divulgar</Text></Message><Message Date="22/04/2013" Time="10:23:38" DateTime="2013-04-22T13:23:38.287Z" SessionID="4"><From><User FriendlyName="Comercial l GRUPO GENESIS"/></From><To><User FriendlyName="Rony - New Life"/></To><Text Style="font-family:Segoe UI; color:#000000; ">SENHOR RONY,JA COMPREI AS PASSAGENS</Text></Message><Message Date="22/04/2013" Time="10:23:44" DateTime="2013-04-22T13:23:44.777Z" SessionID="4"><From><User FriendlyName="Comercial l GRUPO GENESIS"/></From><To><User FriendlyName="Rony - New Life"/></To><Text Style="font-family:Segoe UI; color:#000000; ">JA ESTA TUDO ENCAMINHADO</Text></Message><Message Date="22/04/2013" Time="10:23:52" DateTime="2013-04-22T13:23:52.140Z" SessionID="4"><From><User FriendlyName="Rony - New Life"/></From><To><User FriendlyName="Comercial l GRUPO GENESIS"/></To><Text>sem problema</Text></Message><Message Date="22/04/2013" Time="10:24:11" DateTime="2013-04-22T13:24:11.263Z" SessionID="4"><From><User FriendlyName="Rony - New Life"/></From><To><User FriendlyName="Comercial l GRUPO GENESIS"/></To><Text>eu pago as passgem, agora vc e eu temos que ver o melhor para seu cliente</Text></Message><Message Date="22/04/2013" Time="10:24:13" DateTime="2013-04-22T13:24:13.010Z" SessionID="4"><From><User FriendlyName="Rony - New Life"/></From><To><User FriendlyName="Comercial l GRUPO GENESIS"/></To><Text>nao ach</Text></Message><Message Date="22/04/2013" Time="10:25:47" DateTime="2013-04-22T13:25:47.287Z" SessionID="4"><From><User FriendlyName="Comercial l GRUPO GENESIS"/></From><To><User FriendlyName="Rony - New Life"/></To><Text Style="font-family:Segoe UI; color:#000000; ">IMPOSSIVEL,</Text></Message><Message Date="22/04/2013" Time="10:30:00" DateTime="2013-04-22T13:30:00.965Z" SessionID="4"><From><User FriendlyName="Rony - New Life"/></From><To><User FriendlyName="Comercial l GRUPO GENESIS"/></To><Text>ok</Text></Message></Log>
