<?xml version="1.0"?>
<?xml-stylesheet type='text/xsl' href='MessageLog.xsl'?>
<Log FirstSessionID="1" LastSessionID="9"><Message Date="13/02/2013" Time="11:07:57" DateTime="2013-02-13T14:07:57.009Z" SessionID="1"><From><User FriendlyName="Sandra"/></From><To><User FriendlyName="Comercial l GRUPO GENESIS"/></To><Text Style="font-family:Segoe UI; color:#000000; ">Olá</Text></Message><Message Date="13/02/2013" Time="11:07:58" DateTime="2013-02-13T14:07:58.304Z" SessionID="1"><From><User FriendlyName="Sandra"/></From><To><User FriendlyName="Comercial l GRUPO GENESIS"/></To><Text Style="font-family:Segoe UI; color:#000000; ">...</Text></Message><Message Date="13/02/2013" Time="11:08:11" DateTime="2013-02-13T14:08:11.372Z" SessionID="1"><From><User FriendlyName="Comercial l GRUPO GENESIS"/></From><To><User FriendlyName="Sandra"/></To><Text Style="font-family:Segoe UI; color:#000000; ">Oi</Text></Message><Message Date="13/02/2013" Time="11:08:14" DateTime="2013-02-13T14:08:14.422Z" SessionID="1"><From><User FriendlyName="Comercial l GRUPO GENESIS"/></From><To><User FriendlyName="Sandra"/></To><Text Style="font-family:Segoe UI; color:#000000; ">tudo  bem?</Text></Message><Message Date="13/02/2013" Time="11:10:04" DateTime="2013-02-13T14:10:04.522Z" SessionID="1"><From><User FriendlyName="Sandra"/></From><To><User FriendlyName="Comercial l GRUPO GENESIS"/></To><Text Style="font-family:Segoe UI; color:#000000; ">gostaria de saber se vcs tem agenda ainda</Text></Message><Message Date="13/02/2013" Time="11:10:11" DateTime="2013-02-13T14:10:11.038Z" SessionID="1"><From><User FriendlyName="Sandra"/></From><To><User FriendlyName="Comercial l GRUPO GENESIS"/></To><Text Style="font-family:Segoe UI; color:#000000; ">para captação de alunos?</Text></Message><Message Date="13/02/2013" Time="11:10:21" DateTime="2013-02-13T14:10:21.354Z" SessionID="1"><From><User FriendlyName="Comercial l GRUPO GENESIS"/></From><To><User FriendlyName="Sandra"/></To><Text Style="font-family:Segoe UI; color:#000000; ">Sim temos</Text></Message><Message Date="13/02/2013" Time="11:10:37" DateTime="2013-02-13T14:10:37.268Z" SessionID="1"><From><User FriendlyName="Sandra"/></From><To><User FriendlyName="Comercial l GRUPO GENESIS"/></To><Text Style="font-family:Segoe UI; color:#000000; ">quais as datas?</Text></Message><Message Date="13/02/2013" Time="11:10:41" DateTime="2013-02-13T14:10:41.245Z" SessionID="1"><From><User FriendlyName="Sandra"/></From><To><User FriendlyName="Comercial l GRUPO GENESIS"/></To><Text Style="font-family:Segoe UI; color:#000000; ">que vcs tem?4</Text></Message><Message Date="13/02/2013" Time="11:11:07" DateTime="2013-02-13T14:11:07.455Z" SessionID="1"><From><User FriendlyName="Comercial l GRUPO GENESIS"/></From><To><User FriendlyName="Sandra"/></To><Text Style="font-family:Segoe UI; color:#000000; ">vc tem alguma data que dejseja?</Text></Message><Message Date="13/02/2013" Time="11:11:50" DateTime="2013-02-13T14:11:50.785Z" SessionID="1"><From><User FriendlyName="Sandra"/></From><To><User FriendlyName="Comercial l GRUPO GENESIS"/></To><Text Style="font-family:Segoe UI; color:#000000; ">tipo agora em março?</Text></Message><Message Date="13/02/2013" Time="11:15:00" DateTime="2013-02-13T14:15:00.071Z" SessionID="1"><From><User FriendlyName="Comercial l GRUPO GENESIS"/></From><To><User FriendlyName="Sandra"/></To><Text Style="font-family:Segoe UI; color:#000000; ">abrimos nossa agenda em novembro de 2012,
para março não temos a  muito tempo,no momento estamos com datas só em junho..
Mais estamos formando uma nova equipe de vendas e daqui a alguns dias terá para fim de março,abril e em diante para quem agendou,mais tem preferencia de fazer antes</Text></Message><Message Date="13/02/2013" Time="11:15:28" DateTime="2013-02-13T14:15:28.666Z" SessionID="1"><From><User FriendlyName="Sandra"/></From><To><User FriendlyName="Comercial l GRUPO GENESIS"/></To><Text Style="font-family:Segoe UI; color:#000000; ">eu gostaria muito de fazer em março</Text></Message><Message Date="13/02/2013" Time="11:15:38" DateTime="2013-02-13T14:15:38.743Z" SessionID="1"><From><User FriendlyName="Sandra"/></From><To><User FriendlyName="Comercial l GRUPO GENESIS"/></To><Text Style="font-family:Segoe UI; color:#000000; ">se vc conseguir qualquer data neste mês</Text></Message><Message Date="13/02/2013" Time="11:15:41" DateTime="2013-02-13T14:15:41.910Z" SessionID="1"><From><User FriendlyName="Sandra"/></From><To><User FriendlyName="Comercial l GRUPO GENESIS"/></To><Text Style="font-family:Segoe UI; color:#000000; ">ficarei bem feliz</Text></Message><Message Date="13/02/2013" Time="11:17:26" DateTime="2013-02-13T14:17:26.531Z" SessionID="1"><From><User FriendlyName="Comercial l GRUPO GENESIS"/></From><To><User FriendlyName="Sandra"/></To><Text Style="font-family:Segoe UI; color:#000000; ">Assim..podemos deixar agendado para a data que tenho nesse momento..
e deixo um lembrete que assim que sair novas datas para começo do ano te encaixo</Text></Message><Message Date="13/02/2013" Time="11:17:39" DateTime="2013-02-13T14:17:39.011Z" SessionID="1"><From><User FriendlyName="Sandra"/></From><To><User FriendlyName="Comercial l GRUPO GENESIS"/></To><Text Style="font-family:Segoe UI; color:#000000; ">ótimo</Text></Message><Message Date="13/02/2013" Time="11:17:44" DateTime="2013-02-13T14:17:44.112Z" SessionID="1"><From><User FriendlyName="Sandra"/></From><To><User FriendlyName="Comercial l GRUPO GENESIS"/></To><Text Style="font-family:Segoe UI; color:#000000; ">qual a data que tem?</Text></Message><Message Date="13/02/2013" Time="11:20:14" DateTime="2013-02-13T14:20:14.785Z" SessionID="1"><From><User FriendlyName="Comercial l GRUPO GENESIS"/></From><To><User FriendlyName="Sandra"/></To><Text Style="font-family:Segoe UI; color:#000000; ">Tem</Text></Message><Message Date="13/02/2013" Time="11:21:11" DateTime="2013-02-13T14:21:11.307Z" SessionID="1"><From><User FriendlyName="Comercial l GRUPO GENESIS"/></From><To><User FriendlyName="Sandra"/></To><Text Style="font-family:Segoe UI; color:#000000; ">para a semana do dia 03 de junho
e para a semana do dia 10 de junho em diante
até o momento</Text></Message><Message Date="13/02/2013" Time="11:22:29" DateTime="2013-02-13T14:22:29.678Z" SessionID="1"><From><User FriendlyName="Sandra"/></From><To><User FriendlyName="Comercial l GRUPO GENESIS"/></To><Text Style="font-family:Segoe UI; color:#000000; ">então agenda para a semana de 03 de junho</Text></Message><Message Date="13/02/2013" Time="11:22:37" DateTime="2013-02-13T14:22:37.738Z" SessionID="1"><From><User FriendlyName="Sandra"/></From><To><User FriendlyName="Comercial l GRUPO GENESIS"/></To><Text Style="font-family:Segoe UI; color:#000000; ">mas eu preciso de março</Text></Message><Message Date="13/02/2013" Time="11:22:40" DateTime="2013-02-13T14:22:40.452Z" SessionID="1"><From><User FriendlyName="Sandra"/></From><To><User FriendlyName="Comercial l GRUPO GENESIS"/></To><Text Style="font-family:Segoe UI; color:#000000; ">se conseguir</Text></Message><Message Date="13/02/2013" Time="11:22:47" DateTime="2013-02-13T14:22:47.461Z" SessionID="1"><From><User FriendlyName="Sandra"/></From><To><User FriendlyName="Comercial l GRUPO GENESIS"/></To><Text Style="font-family:Segoe UI; color:#000000; ">pq não sei o que farei até lá</Text></Message><Message Date="13/02/2013" Time="11:25:28" DateTime="2013-02-13T14:25:28.953Z" SessionID="1"><From><User FriendlyName="Comercial l GRUPO GENESIS"/></From><To><User FriendlyName="Sandra"/></To><Text Style="font-family:Segoe UI; color:#000000; ">Sim,vou fazer o possivel para te encaixar na data que vc deseja..
assim que conseguir te aviso,e por enquanto vc fica nessa data que te passei</Text></Message><Message Date="13/02/2013" Time="11:26:08" DateTime="2013-02-13T14:26:08.609Z" SessionID="1"><From><User FriendlyName="Sandra"/></From><To><User FriendlyName="Comercial l GRUPO GENESIS"/></To><Text Style="font-family:Segoe UI; color:#000000; ">ok</Text></Message><Message Date="13/02/2013" Time="11:26:10" DateTime="2013-02-13T14:26:10.886Z" SessionID="1"><From><User FriendlyName="Sandra"/></From><To><User FriendlyName="Comercial l GRUPO GENESIS"/></To><Text Style="font-family:Segoe UI; color:#000000; ">obrigada</Text></Message><Message Date="13/02/2013" Time="11:26:20" DateTime="2013-02-13T14:26:20.090Z" SessionID="1"><From><User FriendlyName="Sandra"/></From><To><User FriendlyName="Comercial l GRUPO GENESIS"/></To><Text Style="font-family:Segoe UI; color:#000000; ">vou passar o seu endereço</Text></Message><Message Date="13/02/2013" Time="11:26:30" DateTime="2013-02-13T14:26:30.527Z" SessionID="1"><From><User FriendlyName="Sandra"/></From><To><User FriendlyName="Comercial l GRUPO GENESIS"/></To><Text Style="font-family:Segoe UI; color:#000000; ">para qua a gerente fale diretamente contigo</Text></Message><Message Date="13/02/2013" Time="11:26:33" DateTime="2013-02-13T14:26:33.694Z" SessionID="1"><From><User FriendlyName="Sandra"/></From><To><User FriendlyName="Comercial l GRUPO GENESIS"/></To><Text Style="font-family:Segoe UI; color:#000000; ">pode ser?</Text></Message><Message Date="13/02/2013" Time="11:26:52" DateTime="2013-02-13T14:26:52.117Z" SessionID="1"><From><User FriendlyName="Comercial l GRUPO GENESIS"/></From><To><User FriendlyName="Sandra"/></To><Text Style="font-family:Segoe UI; color:#000000; ">Sim</Text></Message><Message Date="13/02/2013" Time="11:27:32" DateTime="2013-02-13T14:27:32.162Z" SessionID="1"><From><User FriendlyName="Comercial l GRUPO GENESIS"/></From><To><User FriendlyName="Sandra"/></To><Text Style="font-family:Segoe UI; color:#000000; ">Preciso de seus dados para mim fazer contrato e formulario</Text></Message><Message Date="13/02/2013" Time="11:27:38" DateTime="2013-02-13T14:27:38.527Z" SessionID="1"><From><User FriendlyName="Sandra"/></From><To><User FriendlyName="Comercial l GRUPO GENESIS"/></To><Text Style="font-family:Segoe UI; color:#000000; ">me passe</Text></Message><Message Date="13/02/2013" Time="11:27:39" DateTime="2013-02-13T14:27:39.494Z" SessionID="1"><From><User FriendlyName="Sandra"/></From><To><User FriendlyName="Comercial l GRUPO GENESIS"/></To><Text Style="font-family:Segoe UI; color:#000000; ">sim]</Text></Message><Message Date="13/02/2013" Time="11:27:50" DateTime="2013-02-13T14:27:50.352Z" SessionID="1"><From><User FriendlyName="Comercial l GRUPO GENESIS"/></From><To><User FriendlyName="Sandra"/></To><Text Style="font-family:Segoe UI; color:#000000; ">vou te passar o documento e vc me devolve preenchido</Text></Message><Message Date="13/02/2013" Time="11:28:00" DateTime="2013-02-13T14:28:00.096Z" SessionID="1"><From><User FriendlyName="Sandra"/></From><To><User FriendlyName="Comercial l GRUPO GENESIS"/></To><Text Style="font-family:Segoe UI; color:#000000; ">meu endereço de e-mail é</Text></Message><Message Date="13/02/2013" Time="11:28:16" DateTime="2013-02-13T14:28:16.585Z" SessionID="1"><From><User FriendlyName="Sandra"/></From><To><User FriendlyName="Comercial l GRUPO GENESIS"/></To><Text Style="font-family:Segoe UI; color:#000000; ">Sandra@escolanetcenter.com.br</Text></Message><Message Date="13/02/2013" Time="11:29:32" DateTime="2013-02-13T14:29:32.462Z" SessionID="1"><From><User FriendlyName="Comercial l GRUPO GENESIS"/></From><To><User FriendlyName="Sandra"/></To><Text Style="font-family:Segoe UI; color:#000000; ">vou enviar e aguardo o email em imediato</Text></Message><Message Date="13/02/2013" Time="11:30:17" DateTime="2013-02-13T14:30:17.203Z" SessionID="1"><From><User FriendlyName="Sandra"/></From><To><User FriendlyName="Comercial l GRUPO GENESIS"/></To><Text Style="font-family:Segoe UI; color:#000000; ">ok</Text></Message><Message Date="13/02/2013" Time="11:37:07" DateTime="2013-02-13T14:37:07.987Z" SessionID="1"><From><User FriendlyName="Comercial l GRUPO GENESIS"/></From><To><User FriendlyName="Sandra"/></To><Text Style="font-family:Segoe UI; color:#000000; ">qual o nome da escola?</Text></Message><Message Date="13/02/2013" Time="11:39:03" DateTime="2013-02-13T14:39:03.560Z" SessionID="1"><From><User FriendlyName="Sandra"/></From><To><User FriendlyName="Comercial l GRUPO GENESIS"/></To><Text Style="font-family:Segoe UI; color:#000000; ">Net Center Profissional</Text></Message><Message Date="13/02/2013" Time="11:39:10" DateTime="2013-02-13T14:39:10.926Z" SessionID="1"><From><User FriendlyName="Sandra"/></From><To><User FriendlyName="Comercial l GRUPO GENESIS"/></To><Text Style="font-family:Segoe UI; color:#000000; ">temos em chapecó e em Maravilha</Text></Message><Message Date="13/02/2013" Time="11:40:31" DateTime="2013-02-13T14:40:31.820Z" SessionID="1"><From><User FriendlyName="Comercial l GRUPO GENESIS"/></From><To><User FriendlyName="Sandra"/></To><Text Style="font-family:Segoe UI; color:#000000; ">chapecó ja temos cliente</Text></Message><Message Date="13/02/2013" Time="11:40:58" DateTime="2013-02-13T14:40:58.765Z" SessionID="1"><From><User FriendlyName="Sandra"/></From><To><User FriendlyName="Comercial l GRUPO GENESIS"/></To><Text Style="font-family:Segoe UI; color:#000000; ">quem?</Text></Message><Message Date="13/02/2013" Time="11:41:57" DateTime="2013-02-13T14:41:57.655Z" SessionID="1"><From><User FriendlyName="Comercial l GRUPO GENESIS"/></From><To><User FriendlyName="Sandra"/></To><Text Style="font-family:Segoe UI; color:#000000; ">jorge</Text></Message><Message Date="13/02/2013" Time="11:42:20" DateTime="2013-02-13T14:42:20.602Z" SessionID="1"><From><User FriendlyName="Sandra"/></From><To><User FriendlyName="Comercial l GRUPO GENESIS"/></To><Text Style="font-family:Segoe UI; color:#000000; ">o Jorge fechou a escola dele</Text></Message><Message Date="13/02/2013" Time="11:42:25" DateTime="2013-02-13T14:42:25.625Z" SessionID="1"><From><User FriendlyName="Sandra"/></From><To><User FriendlyName="Comercial l GRUPO GENESIS"/></To><Text Style="font-family:Segoe UI; color:#000000; ">não tem mais</Text></Message><Message Date="13/02/2013" Time="11:43:27" DateTime="2013-02-13T14:43:27.872Z" SessionID="1"><From><User FriendlyName="Comercial l GRUPO GENESIS"/></From><To><User FriendlyName="Sandra"/></To><Text Style="font-family:Segoe UI; color:#000000; ">Impossivel,a alguns dias reagendamos com a escola dele</Text></Message><Message Date="13/02/2013" Time="11:43:57" DateTime="2013-02-13T14:43:57.790Z" SessionID="1"><From><User FriendlyName="Sandra"/></From><To><User FriendlyName="Comercial l GRUPO GENESIS"/></To><Text Style="font-family:Segoe UI; color:#000000; ">é Grupo CEI</Text></Message><Message Date="13/02/2013" Time="11:43:59" DateTime="2013-02-13T14:43:59.260Z" SessionID="1"><From><User FriendlyName="Sandra"/></From><To><User FriendlyName="Comercial l GRUPO GENESIS"/></To><Text Style="font-family:Segoe UI; color:#000000; ">?</Text></Message><Message Date="13/02/2013" Time="11:44:06" DateTime="2013-02-13T14:44:06.477Z" SessionID="1"><From><User FriendlyName="Comercial l GRUPO GENESIS"/></From><To><User FriendlyName="Sandra"/></To><Text Style="font-family:Segoe UI; color:#000000; ">isso</Text></Message><Message Date="13/02/2013" Time="11:44:17" DateTime="2013-02-13T14:44:17.567Z" SessionID="1"><From><User FriendlyName="Sandra"/></From><To><User FriendlyName="Comercial l GRUPO GENESIS"/></To><Text Style="font-family:Segoe UI; color:#000000; ">então não entendo</Text></Message><Message Date="13/02/2013" Time="11:44:33" DateTime="2013-02-13T14:44:33.439Z" SessionID="1"><From><User FriendlyName="Sandra"/></From><To><User FriendlyName="Comercial l GRUPO GENESIS"/></To><Text Style="font-family:Segoe UI; color:#000000; ">mas podemos agendar então para Maravilha</Text></Message><Message Date="13/02/2013" Time="11:44:36" DateTime="2013-02-13T14:44:36.697Z" SessionID="1"><From><User FriendlyName="Sandra"/></From><To><User FriendlyName="Comercial l GRUPO GENESIS"/></To><Text Style="font-family:Segoe UI; color:#000000; ">sem problemas</Text></Message><Message Date="13/02/2013" Time="11:44:44" DateTime="2013-02-13T14:44:44.307Z" SessionID="1"><From><User FriendlyName="Sandra"/></From><To><User FriendlyName="Comercial l GRUPO GENESIS"/></To><Text Style="font-family:Segoe UI; color:#000000; ">eu posso até ver</Text></Message><Message Date="13/02/2013" Time="11:45:01" DateTime="2013-02-13T14:45:01.265Z" SessionID="1"><From><User FriendlyName="Sandra"/></From><To><User FriendlyName="Comercial l GRUPO GENESIS"/></To><Text Style="font-family:Segoe UI; color:#000000; ">mas a CEI pelo que sei fechou</Text></Message><Message Date="13/02/2013" Time="11:45:21" DateTime="2013-02-13T14:45:21.901Z" SessionID="1"><From><User FriendlyName="Comercial l GRUPO GENESIS"/></From><To><User FriendlyName="Sandra"/></To><Text Style="font-family:Segoe UI; color:#000000; ">vou verificar</Text></Message><Message Date="13/02/2013" Time="11:45:38" DateTime="2013-02-13T14:45:38.207Z" SessionID="1"><From><User FriendlyName="Sandra"/></From><To><User FriendlyName="Comercial l GRUPO GENESIS"/></To><Text Style="font-family:Segoe UI; color:#000000; ">mas fica fechado com Maravilha</Text></Message><Message Date="13/02/2013" Time="11:45:41" DateTime="2013-02-13T14:45:41.128Z" SessionID="1"><From><User FriendlyName="Sandra"/></From><To><User FriendlyName="Comercial l GRUPO GENESIS"/></To><Text Style="font-family:Segoe UI; color:#000000; ">pode ser?</Text></Message><Message Date="13/02/2013" Time="11:46:21" DateTime="2013-02-13T14:46:21.428Z" SessionID="1"><From><User FriendlyName="Comercial l GRUPO GENESIS"/></From><To><User FriendlyName="Sandra"/></To><Text Style="font-family:Segoe UI; color:#000000; ">sim,claro</Text></Message><Message Date="13/02/2013" Time="11:46:43" DateTime="2013-02-13T14:46:43.040Z" SessionID="1"><From><User FriendlyName="Comercial l GRUPO GENESIS"/></From><To><User FriendlyName="Sandra"/></To><Text Style="font-family:Segoe UI; color:#000000; ">se caso o jorge tiver fechado,tbm podemos agendar com chapecó</Text></Message><Message Date="13/02/2013" Time="11:46:54" DateTime="2013-02-13T14:46:54.397Z" SessionID="1"><From><User FriendlyName="Comercial l GRUPO GENESIS"/></From><To><User FriendlyName="Sandra"/></To><Text Style="font-family:Segoe UI; color:#000000; ">maravilha em Sc?</Text></Message><Message Date="13/02/2013" Time="11:47:06" DateTime="2013-02-13T14:47:06.508Z" SessionID="1"><From><User FriendlyName="Sandra"/></From><To><User FriendlyName="Comercial l GRUPO GENESIS"/></To><Text Style="font-family:Segoe UI; color:#000000; ">olha pelo que sei eles fecharam sim..</Text></Message><Message Date="13/02/2013" Time="11:47:10" DateTime="2013-02-13T14:47:10.918Z" SessionID="1"><From><User FriendlyName="Sandra"/></From><To><User FriendlyName="Comercial l GRUPO GENESIS"/></To><Text Style="font-family:Segoe UI; color:#000000; ">tb vou olhar</Text></Message><Message Date="13/02/2013" Time="11:47:14" DateTime="2013-02-13T14:47:14.566Z" SessionID="1"><From><User FriendlyName="Sandra"/></From><To><User FriendlyName="Comercial l GRUPO GENESIS"/></To><Text Style="font-family:Segoe UI; color:#000000; ">sim</Text></Message><Message Date="13/02/2013" Time="11:47:19" DateTime="2013-02-13T14:47:19.652Z" SessionID="1"><From><User FriendlyName="Sandra"/></From><To><User FriendlyName="Comercial l GRUPO GENESIS"/></To><Text Style="font-family:Segoe UI; color:#000000; ">fica perto de chapecó</Text></Message><Message Date="13/02/2013" Time="11:47:39" DateTime="2013-02-13T14:47:39.191Z" SessionID="1"><From><User FriendlyName="Sandra"/></From><To><User FriendlyName="Comercial l GRUPO GENESIS"/></To><Text Style="font-family:Segoe UI; color:#000000; ">mas se vcs tem já agendado com o Jorge e não tem mais a escola</Text></Message><Message Date="13/02/2013" Time="11:47:44" DateTime="2013-02-13T14:47:44.839Z" SessionID="1"><From><User FriendlyName="Sandra"/></From><To><User FriendlyName="Comercial l GRUPO GENESIS"/></To><Text Style="font-family:Segoe UI; color:#000000; ">eu posso usar esta data?</Text></Message><Message Date="13/02/2013" Time="12:00:54" DateTime="2013-02-13T15:00:54.088Z" SessionID="1"><From><User FriendlyName="Comercial l GRUPO GENESIS"/></From><To><User FriendlyName="Sandra"/></To><Text Style="font-family:Segoe UI; color:#000000; ">sim,se o jorge fechou ja te passo automaticamente a data dele</Text></Message><Message Date="13/02/2013" Time="12:01:18" DateTime="2013-02-13T15:01:18.878Z" SessionID="1"><From><User FriendlyName="Sandra"/></From><To><User FriendlyName="Comercial l GRUPO GENESIS"/></To><Text Style="font-family:Segoe UI; color:#000000; ">e qdo é?</Text></Message><Message Date="13/02/2013" Time="12:01:53" DateTime="2013-02-13T15:01:53.901Z" SessionID="1"><From><User FriendlyName="Comercial l GRUPO GENESIS"/></From><To><User FriendlyName="Sandra"/></To><Text Style="font-family:Segoe UI; color:#000000; ">06 de maio</Text></Message><Message Date="13/02/2013" Time="12:02:11" DateTime="2013-02-13T15:02:11.032Z" SessionID="1"><From><User FriendlyName="Sandra"/></From><To><User FriendlyName="Comercial l GRUPO GENESIS"/></To><Text Style="font-family:Segoe UI; color:#000000; ">pena</Text></Message><Message Date="13/02/2013" Time="12:02:17" DateTime="2013-02-13T15:02:17.179Z" SessionID="1"><From><User FriendlyName="Sandra"/></From><To><User FriendlyName="Comercial l GRUPO GENESIS"/></To><Text Style="font-family:Segoe UI; color:#000000; ">achei que fosse março</Text></Message><Message Date="13/02/2013" Time="13:42:04" DateTime="2013-02-13T16:42:04.486Z" SessionID="1"><From><User FriendlyName="Comercial l GRUPO GENESIS"/></From><To><User FriendlyName="Sandra"/></To><Text Style="font-family:Segoe UI; color:#000000; ">oioi</Text></Message><Message Date="13/02/2013" Time="13:42:27" DateTime="2013-02-13T16:42:27.767Z" SessionID="1"><From><User FriendlyName="Comercial l GRUPO GENESIS"/></From><To><User FriendlyName="Sandra"/></To><Text Style="font-family:Segoe UI; color:#000000; ">?????</Text></Message><Message Date="13/02/2013" Time="13:43:07" DateTime="2013-02-13T16:43:07.687Z" SessionID="1"><From><User FriendlyName="Sandra"/></From><To><User FriendlyName="Comercial l GRUPO GENESIS"/></To><Text Style="font-family:Segoe UI; color:#000000; ">OI</Text></Message><Message Date="13/02/2013" Time="13:43:44" DateTime="2013-02-13T16:43:44.007Z" SessionID="1"><From><User FriendlyName="Comercial l GRUPO GENESIS"/></From><To><User FriendlyName="Sandra"/></To><Text Style="font-family:Segoe UI; color:#000000; ">me mandaram um email,mais nao tem nada doque eu pedi preenchido</Text></Message><Message Date="13/02/2013" Time="13:44:05" DateTime="2013-02-13T16:44:05.117Z" SessionID="1"><From><User FriendlyName="Sandra"/></From><To><User FriendlyName="Comercial l GRUPO GENESIS"/></To><Text Style="font-family:Segoe UI; color:#000000; ">perai</Text></Message><Message Date="13/02/2013" Time="13:46:49" DateTime="2013-02-13T16:46:49.597Z" SessionID="1"><From><User FriendlyName="Comercial l GRUPO GENESIS"/></From><To><User FriendlyName="Sandra"/></To><Text Style="font-family:Segoe UI; color:#000000; ">ok</Text></Message><Message Date="13/02/2013" Time="15:40:17" DateTime="2013-02-13T18:40:17.475Z" SessionID="2"><From><User FriendlyName="Comercial l GRUPO GENESIS"/></From><To><User FriendlyName="Sandra"/></To><Text Style="font-family:Segoe UI; color:#000000; ">ooi</Text></Message><Message Date="13/02/2013" Time="15:40:21" DateTime="2013-02-13T18:40:21.505Z" SessionID="2"><From><User FriendlyName="Comercial l GRUPO GENESIS"/></From><To><User FriendlyName="Sandra"/></To><Text Style="font-family:Segoe UI; color:#000000; ">arrumou</Text></Message><Message Date="13/02/2013" Time="15:40:23" DateTime="2013-02-13T18:40:23.935Z" SessionID="2"><From><User FriendlyName="Comercial l GRUPO GENESIS"/></From><To><User FriendlyName="Sandra"/></To><Text Style="font-family:Segoe UI; color:#000000; ">?</Text></Message><Message Date="13/02/2013" Time="15:40:55" DateTime="2013-02-13T18:40:55.295Z" SessionID="2"><From><User FriendlyName="Sandra"/></From><To><User FriendlyName="Comercial l GRUPO GENESIS"/></To><Text Style="font-family:Segoe UI; color:#000000; ">eu passei para a pessoa responsável... tão logo ele termine te envia</Text></Message><Message Date="13/02/2013" Time="15:41:22" DateTime="2013-02-13T18:41:22.336Z" SessionID="2"><From><User FriendlyName="Comercial l GRUPO GENESIS"/></From><To><User FriendlyName="Sandra"/></To><Text Style="font-family:Segoe UI; color:#000000; ">sim,ótimo</Text></Message><Message Date="13/02/2013" Time="15:41:27" DateTime="2013-02-13T18:41:27.825Z" SessionID="2"><From><User FriendlyName="Comercial l GRUPO GENESIS"/></From><To><User FriendlyName="Sandra"/></To><Text Style="font-family:Segoe UI; color:#000000; ">ficarei aguardando</Text></Message><Message Date="13/02/2013" Time="15:58:44" DateTime="2013-02-13T18:58:44.773Z" SessionID="2"><From><User FriendlyName="Sandra"/></From><To><User FriendlyName="Comercial l GRUPO GENESIS"/></To><Text Style="font-family:Segoe UI; color:#000000; ">ok</Text></Message><Message Date="19/02/2013" Time="09:40:10" DateTime="2013-02-19T12:40:10.051Z" SessionID="3"><From><User FriendlyName="Comercial l GRUPO GENESIS"/></From><To><User FriendlyName="Sandra"/></To><Text Style="font-family:Segoe UI; color:#000000; ">OI Sandra</Text></Message><Message Date="19/02/2013" Time="09:40:12" DateTime="2013-02-19T12:40:12.905Z" SessionID="3"><From><User FriendlyName="Comercial l GRUPO GENESIS"/></From><To><User FriendlyName="Sandra"/></To><Text Style="font-family:Segoe UI; color:#000000; ">Bom dia</Text></Message><Message Date="19/02/2013" Time="09:40:25" DateTime="2013-02-19T12:40:25.510Z" SessionID="3"><From><User FriendlyName="Comercial l GRUPO GENESIS"/></From><To><User FriendlyName="Sandra"/></To><Text Style="font-family:Segoe UI; color:#000000; ">tem como me enviar aqueles dados que pedi?</Text></Message><Message Date="19/02/2013" Time="09:40:46" DateTime="2013-02-19T12:40:46.170Z" SessionID="3"><From><User FriendlyName="Sandra"/></From><To><User FriendlyName="Comercial l GRUPO GENESIS"/></To><Text Style="font-family:Segoe UI; color:#000000; ">quais?</Text></Message><Message Date="19/02/2013" Time="09:41:20" DateTime="2013-02-19T12:41:20.241Z" SessionID="3"><From><User FriendlyName="Comercial l GRUPO GENESIS"/></From><To><User FriendlyName="Sandra"/></To><Text Style="font-family:Segoe UI; color:#000000; ">aquele formulario com pra preencher com seus dados</Text></Message><Message Date="19/02/2013" Time="09:41:49" DateTime="2013-02-19T12:41:49.694Z" SessionID="3"><From><User FriendlyName="Comercial l GRUPO GENESIS"/></From><To><User FriendlyName="Sandra"/></To><Text Style="font-family:Segoe UI; color:#000000; ">vc disse que alguem da sua escola ia mandar mais nao recebi</Text></Message><Message Date="19/02/2013" Time="09:42:43" DateTime="2013-02-19T12:42:43.647Z" SessionID="3"><From><User FriendlyName="Comercial l GRUPO GENESIS"/></From><To><User FriendlyName="Sandra"/></To><Text Style="font-family:Segoe UI; color:#000000; ">e talvez tenha uma data pra te adiantar</Text></Message><Message Date="19/02/2013" Time="09:49:18" DateTime="2013-02-19T12:49:18.257Z" SessionID="3"><From><User FriendlyName="Sandra"/></From><To><User FriendlyName="Comercial l GRUPO GENESIS"/></To><Text Style="font-family:Segoe UI; color:#000000; ">vou ver</Text></Message><Message Date="19/02/2013" Time="09:50:09" DateTime="2013-02-19T12:50:09.883Z" SessionID="3"><From><User FriendlyName="Comercial l GRUPO GENESIS"/></From><To><User FriendlyName="Sandra"/></To><Text Style="font-family:Segoe UI; color:#000000; ">ok</Text></Message><Message Date="20/02/2013" Time="13:57:50" DateTime="2013-02-20T16:57:50.918Z" SessionID="4"><From><User FriendlyName="Comercial l GRUPO GENESIS"/></From><To><User FriendlyName="Sandra"/></To><Text Style="font-family:Segoe UI; color:#000000; ">ola</Text></Message><Message Date="20/02/2013" Time="13:58:05" DateTime="2013-02-20T16:58:05.707Z" SessionID="4"><From><User FriendlyName="Comercial l GRUPO GENESIS"/></From><To><User FriendlyName="Sandra"/></To><Text Style="font-family:Segoe UI; color:#000000; ">ainda não me enviou os documentos</Text></Message><Message Date="20/02/2013" Time="13:58:07" DateTime="2013-02-20T16:58:07.251Z" SessionID="4"><From><User FriendlyName="Comercial l GRUPO GENESIS"/></From><To><User FriendlyName="Sandra"/></To><Text Style="font-family:Segoe UI; color:#000000; ">pq?</Text></Message><Message Date="20/02/2013" Time="14:05:22" DateTime="2013-02-20T17:05:22.895Z" SessionID="4"><From><User FriendlyName="Comercial l GRUPO GENESIS"/></From><To><User FriendlyName="Sandra"/></To><Text Style="font-family:Segoe UI; color:#000000; ">acabou de abrir uma data na semana do dia 04 de março</Text></Message><Message Date="20/02/2013" Time="14:05:35" DateTime="2013-02-20T17:05:35.703Z" SessionID="4"><From><User FriendlyName="Comercial l GRUPO GENESIS"/></From><To><User FriendlyName="Sandra"/></To><Text Style="font-family:Segoe UI; color:#000000; ">estou pensando em te encaixar</Text></Message><Message Date="20/02/2013" Time="18:39:04" DateTime="2013-02-20T21:39:04.670Z" SessionID="5"><From><User FriendlyName="Sandra"/></From><To><User FriendlyName="Comercial l GRUPO GENESIS"/></To><Text Style="font-family:Segoe UI; color:#000000; ">nossa</Text></Message><Message Date="20/02/2013" Time="18:39:15" DateTime="2013-02-20T21:39:15.467Z" SessionID="5"><From><User FriendlyName="Sandra"/></From><To><User FriendlyName="Comercial l GRUPO GENESIS"/></To><Text Style="font-family:Segoe UI; color:#000000; ">eu quero esta data ... reserva para mim..</Text></Message><Message Date="20/02/2013" Time="18:39:20" DateTime="2013-02-20T21:39:20.387Z" SessionID="5"><From><User FriendlyName="Sandra"/></From><To><User FriendlyName="Comercial l GRUPO GENESIS"/></To><Text Style="font-family:Segoe UI; color:#000000; ">:)</Text></Message><Message Date="21/02/2013" Time="10:37:53" DateTime="2013-02-21T13:37:53.903Z" SessionID="6"><From><User FriendlyName="Sandra"/></From><To><User FriendlyName="Comercial l GRUPO"/></To><Text Style="font-family:Segoe UI; color:#000000; ">Bom dia!</Text></Message><Message Date="21/02/2013" Time="10:41:58" DateTime="2013-02-21T13:41:58.207Z" SessionID="6"><From><User FriendlyName="Sandra"/></From><To><User FriendlyName="Comercial l GRUPO"/></To><Text Style="font-family:Segoe UI; color:#000000; ">O nadir me falou qu enviou a documenttação</Text></Message><Message Date="21/02/2013" Time="10:42:07" DateTime="2013-02-21T13:42:07.017Z" SessionID="6"><From><User FriendlyName="Sandra"/></From><To><User FriendlyName="Comercial l GRUPO"/></To><Text Style="font-family:Segoe UI; color:#000000; ">preenchida para você..</Text></Message><Message Date="04/03/2013" Time="16:35:15" DateTime="2013-03-04T19:35:15.544Z" SessionID="7"><From><User FriendlyName="Comercial l GRUPO GENESIS"/></From><To><User FriendlyName="Sandra"/></To><Text Style="font-family:Segoe UI; color:#000000; ">oi</Text></Message><Message Date="04/03/2013" Time="16:35:18" DateTime="2013-03-04T19:35:18.789Z" SessionID="7"><From><User FriendlyName="Comercial l GRUPO GENESIS"/></From><To><User FriendlyName="Sandra"/></To><Text Style="font-family:Segoe UI; color:#000000; ">sandra</Text></Message><Message Date="04/03/2013" Time="16:35:22" DateTime="2013-03-04T19:35:22.970Z" SessionID="7"><From><User FriendlyName="Comercial l GRUPO GENESIS"/></From><To><User FriendlyName="Sandra"/></To><Text Style="font-family:Segoe UI; color:#000000; ">tudo bemw</Text></Message><Message Date="04/03/2013" Time="16:35:24" DateTime="2013-03-04T19:35:24.873Z" SessionID="7"><From><User FriendlyName="Comercial l GRUPO GENESIS"/></From><To><User FriendlyName="Sandra"/></To><Text Style="font-family:Segoe UI; color:#000000; ">?</Text></Message><Message Date="04/03/2013" Time="16:40:29" DateTime="2013-03-04T19:40:29.730Z" SessionID="7"><From><User FriendlyName="Sandra"/></From><To><User FriendlyName="Comercial l GRUPO GENESIS"/></To><Text Style="font-family:Segoe UI; color:#000000; ">OL´S</Text></Message><Message Date="04/03/2013" Time="16:42:01" DateTime="2013-03-04T19:42:01.677Z" SessionID="7"><From><User FriendlyName="Comercial l GRUPO GENESIS"/></From><To><User FriendlyName="Sandra"/></To><Text Style="font-family:Segoe UI; color:#000000; ">mais uma vez me enviaram o documento sem ser preenchido corretamente</Text></Message><Message Date="04/03/2013" Time="16:49:28" DateTime="2013-03-04T19:49:28.209Z" SessionID="7"><From><User FriendlyName="Sandra"/></From><To><User FriendlyName="Comercial l GRUPO GENESIS"/></To><Text Style="font-family:Segoe UI; color:#000000; ">Boa tarde\\\\1</Text></Message><Message Date="04/03/2013" Time="16:49:35" DateTime="2013-03-04T19:49:35.239Z" SessionID="7"><From><User FriendlyName="Sandra"/></From><To><User FriendlyName="Comercial l GRUPO GENESIS"/></To><Text Style="font-family:Segoe UI; color:#000000; ">!</Text></Message><Message Date="04/03/2013" Time="16:50:07" DateTime="2013-03-04T19:50:07.697Z" SessionID="7"><From><User FriendlyName="Sandra"/></From><To><User FriendlyName="Comercial l GRUPO GENESIS"/></To><Text Style="font-family:Segoe UI; color:#000000; ">Preciso que vc entre em contato com a gerente de \maravilha</Text></Message><Message Date="04/03/2013" Time="16:50:31" DateTime="2013-03-04T19:50:31.484Z" SessionID="7"><From><User FriendlyName="Sandra"/></From><To><User FriendlyName="Comercial l GRUPO GENESIS"/></To><Text Style="font-family:Segoe UI; color:#000000; ">gerencia.ncprofissional@hotmail.com</Text></Message><Message Date="04/03/2013" Time="16:50:44" DateTime="2013-03-04T19:50:44.198Z" SessionID="7"><From><User FriendlyName="Sandra"/></From><To><User FriendlyName="Comercial l GRUPO GENESIS"/></To><Text Style="font-family:Segoe UI; color:#000000; ">com a  Grazi</Text></Message><Message Date="04/03/2013" Time="16:50:55" DateTime="2013-03-04T19:50:55.555Z" SessionID="7"><From><User FriendlyName="Comercial l GRUPO GENESIS"/></From><To><User FriendlyName="Sandra"/></To><Text Style="font-family:Segoe UI; color:#000000; ">esse éo msn?</Text></Message><Message Date="04/03/2013" Time="16:51:04" DateTime="2013-03-04T19:51:04.884Z" SessionID="7"><From><User FriendlyName="Sandra"/></From><To><User FriendlyName="Comercial l GRUPO GENESIS"/></To><Text Style="font-family:Segoe UI; color:#000000; ">isso mesmo.</Text></Message><Message Date="04/03/2013" Time="16:51:19" DateTime="2013-03-04T19:51:19.049Z" SessionID="7"><From><User FriendlyName="Sandra"/></From><To><User FriendlyName="Comercial l GRUPO GENESIS"/></To><Text Style="font-family:Segoe UI; color:#000000; ">o email dela é: </Text></Message><Message Date="04/03/2013" Time="16:51:43" DateTime="2013-03-04T19:51:43.001Z" SessionID="7"><From><User FriendlyName="Sandra"/></From><To><User FriendlyName="Comercial l GRUPO GENESIS"/></To><Text Style="font-family:Segoe UI; color:#000000; ">gerencia@netcenterprofissional.com.,br</Text></Message><Message Date="04/03/2013" Time="16:52:03" DateTime="2013-03-04T19:52:03.298Z" SessionID="7"><From><User FriendlyName="Sandra"/></From><To><User FriendlyName="Comercial l GRUPO GENESIS"/></To><Text Style="font-family:Segoe UI; color:#000000; ">o fone de lá é 49 3664 3819</Text></Message><Message Date="04/03/2013" Time="16:54:00" DateTime="2013-03-04T19:54:00.576Z" SessionID="7"><From><User FriendlyName="Comercial l GRUPO GENESIS"/></From><To><User FriendlyName="Sandra"/></To><Text Style="font-family:Segoe UI; color:#000000; ">tabom</Text></Message><Message Date="04/03/2013" Time="16:54:23" DateTime="2013-03-04T19:54:23.929Z" SessionID="7"><From><User FriendlyName="Comercial l GRUPO GENESIS"/></From><To><User FriendlyName="Sandra"/></To><Text Style="font-family:Segoe UI; color:#000000; ">é porque ja faz tempo que agendamos e pra ter confirmação preciso dos dados</Text></Message><Message Date="04/03/2013" Time="16:54:35" DateTime="2013-03-04T19:54:35.442Z" SessionID="7"><From><User FriendlyName="Comercial l GRUPO GENESIS"/></From><To><User FriendlyName="Sandra"/></To><Text Style="font-family:Segoe UI; color:#000000; ">e a direção esta me cobrando</Text></Message><Message Date="19/03/2013" Time="14:16:48" DateTime="2013-03-19T17:16:48.861Z" SessionID="8"><From><User FriendlyName="Comercial l GRUPO GENESIS"/></From><To><User FriendlyName="Sandra"/></To><Text Style="font-family:Segoe UI; color:#000000; ">Boa tarde</Text></Message><Message Date="19/03/2013" Time="14:16:53" DateTime="2013-03-19T17:16:53.691Z" SessionID="8"><From><User FriendlyName="Comercial l GRUPO GENESIS"/></From><To><User FriendlyName="Sandra"/></To><Text Style="font-family:Segoe UI; color:#000000; ">sandra</Text></Message><Message Date="19/03/2013" Time="14:16:57" DateTime="2013-03-19T17:16:57.325Z" SessionID="8"><From><User FriendlyName="Comercial l GRUPO GENESIS"/></From><To><User FriendlyName="Sandra"/></To><Text Style="font-family:Segoe UI; color:#000000; ">tudo bem?</Text></Message><Message Date="19/03/2013" Time="14:17:31" DateTime="2013-03-19T17:17:31.063Z" SessionID="8"><From><User FriendlyName="Sandra"/></From><To><User FriendlyName="Comercial l GRUPO GENESIS"/></To><Text Style="font-family:Segoe UI; color:#000000; ">olá tudo </Text></Message><Message Date="19/03/2013" Time="14:17:31" DateTime="2013-03-19T17:17:31.368Z" SessionID="8"><From><User FriendlyName="Sandra"/></From><To><User FriendlyName="Comercial l GRUPO GENESIS"/></To><Text Style="font-family:Segoe UI; color:#000000; ">e vc?</Text></Message><Message Date="19/03/2013" Time="14:17:40" DateTime="2013-03-19T17:17:40.294Z" SessionID="8"><From><User FriendlyName="Comercial l GRUPO GENESIS"/></From><To><User FriendlyName="Sandra"/></To><Text Style="font-family:Segoe UI; color:#000000; ">que bom</Text></Message><Message Date="19/03/2013" Time="14:17:47" DateTime="2013-03-19T17:17:47.727Z" SessionID="8"><From><User FriendlyName="Comercial l GRUPO GENESIS"/></From><To><User FriendlyName="Sandra"/></To><Text Style="font-family:Segoe UI; color:#000000; ">eu estou bem</Text></Message><Message Date="19/03/2013" Time="14:19:59" DateTime="2013-03-19T17:19:59.728Z" SessionID="8"><From><User FriendlyName="Comercial l GRUPO GENESIS"/></From><To><User FriendlyName="Sandra"/></To><Text Style="font-family:Segoe UI; color:#000000; ">Sandra,voce tinha agendado uma campanha com agente,e eu estava esperando um email com os dados soliciatados</Text></Message><Message Date="19/03/2013" Time="14:20:33" DateTime="2013-03-19T17:20:33.037Z" SessionID="8"><From><User FriendlyName="Comercial l GRUPO GENESIS"/></From><To><User FriendlyName="Sandra"/></To><Text Style="font-family:Segoe UI; color:#000000; ">logo em seguida entrei em contato com a graziela,e ela me fez explicar tudo novamente antes de fechar</Text></Message><Message Date="19/03/2013" Time="14:20:43" DateTime="2013-03-19T17:20:43.012Z" SessionID="8"><From><User FriendlyName="Comercial l GRUPO GENESIS"/></From><To><User FriendlyName="Sandra"/></To><Text Style="font-family:Segoe UI; color:#000000; ">sendo que vc ja tinha confirmado a data</Text></Message><Message Date="19/03/2013" Time="14:21:05" DateTime="2013-03-19T17:21:05.734Z" SessionID="8"><From><User FriendlyName="Comercial l GRUPO GENESIS"/></From><To><User FriendlyName="Sandra"/></To><Text Style="font-family:Segoe UI; color:#000000; ">expliquei novamente a ela,e ela disse que ia me mandar os dados e até agora nada</Text></Message><Message Date="19/03/2013" Time="14:21:26" DateTime="2013-03-19T17:21:26.121Z" SessionID="8"><From><User FriendlyName="Comercial l GRUPO GENESIS"/></From><To><User FriendlyName="Sandra"/></To><Text Style="font-family:Segoe UI; color:#000000; ">Como vai ficar a situação da sua escola?</Text></Message><Message Date="19/03/2013" Time="14:21:56" DateTime="2013-03-19T17:21:56.115Z" SessionID="8"><From><User FriendlyName="Sandra"/></From><To><User FriendlyName="Comercial l GRUPO GENESIS"/></To><Text Style="font-family:Segoe UI; color:#000000; ">seguinte:</Text></Message><Message Date="19/03/2013" Time="14:22:13" DateTime="2013-03-19T17:22:13.236Z" SessionID="8"><From><User FriendlyName="Sandra"/></From><To><User FriendlyName="Comercial l GRUPO GENESIS"/></To><Text Style="font-family:Segoe UI; color:#000000; ">eu respondo por chapecó e em Maravilha a Grazi é a gerente</Text></Message><Message Date="19/03/2013" Time="14:22:21" DateTime="2013-03-19T17:22:21.480Z" SessionID="8"><From><User FriendlyName="Sandra"/></From><To><User FriendlyName="Comercial l GRUPO GENESIS"/></To><Text Style="font-family:Segoe UI; color:#000000; ">ela precisava saber como funciona</Text></Message><Message Date="19/03/2013" Time="14:22:27" DateTime="2013-03-19T17:22:27.791Z" SessionID="8"><From><User FriendlyName="Sandra"/></From><To><User FriendlyName="Comercial l GRUPO GENESIS"/></To><Text Style="font-family:Segoe UI; color:#000000; ">pois fui que pedi a ela</Text></Message><Message Date="19/03/2013" Time="14:22:36" DateTime="2013-03-19T17:22:36.139Z" SessionID="8"><From><User FriendlyName="Sandra"/></From><To><User FriendlyName="Comercial l GRUPO GENESIS"/></To><Text Style="font-family:Segoe UI; color:#000000; ">mas está fechado sim</Text></Message><Message Date="19/03/2013" Time="14:22:37" DateTime="2013-03-19T17:22:37.058Z" SessionID="8"><From><User FriendlyName="Sandra"/></From><To><User FriendlyName="Comercial l GRUPO GENESIS"/></To><Text Style="font-family:Segoe UI; color:#000000; ">em Maravilha</Text></Message><Message Date="19/03/2013" Time="14:23:06" DateTime="2013-03-19T17:23:06.563Z" SessionID="8"><From><User FriendlyName="Sandra"/></From><To><User FriendlyName="Comercial l GRUPO GENESIS"/></To><Text Style="font-family:Segoe UI; color:#000000; ">só vc precisa passar as informações para a Grazi</Text></Message><Message Date="19/03/2013" Time="14:23:16" DateTime="2013-03-19T17:23:16.188Z" SessionID="8"><From><User FriendlyName="Sandra"/></From><To><User FriendlyName="Comercial l GRUPO GENESIS"/></To><Text Style="font-family:Segoe UI; color:#000000; ">pois vai ser ela que vai trabalhar jutno com vocês</Text></Message><Message Date="19/03/2013" Time="14:23:19" DateTime="2013-03-19T17:23:19.507Z" SessionID="8"><From><User FriendlyName="Sandra"/></From><To><User FriendlyName="Comercial l GRUPO GENESIS"/></To><Text Style="font-family:Segoe UI; color:#000000; ">entendeu?</Text></Message><Message Date="19/03/2013" Time="14:27:27" DateTime="2013-03-19T17:27:27.594Z" SessionID="8"><From><User FriendlyName="Comercial l GRUPO GENESIS"/></From><To><User FriendlyName="Sandra"/></To><Text Style="font-family:Segoe UI; color:#000000; ">Sim,mais eu ja falei com a grazi,até o diretor da empresa ja conversou com ela e tirou todas as duvidas</Text></Message><Message Date="19/03/2013" Time="14:27:36" DateTime="2013-03-19T17:27:36.931Z" SessionID="8"><From><User FriendlyName="Comercial l GRUPO GENESIS"/></From><To><User FriendlyName="Sandra"/></To><Text Style="font-family:Segoe UI; color:#000000; ">mais ela nao me passou os dados</Text></Message><Message Date="19/03/2013" Time="14:28:10" DateTime="2013-03-19T17:28:10.373Z" SessionID="8"><From><User FriendlyName="Comercial l GRUPO GENESIS"/></From><To><User FriendlyName="Sandra"/></To><Text Style="font-family:Segoe UI; color:#000000; ">e ontem eu levei uma chamada dele,por não ter os dados ainda,que a pessoa tem o prazo de 2 dias pra me mandar</Text></Message><Message Date="19/03/2013" Time="14:28:39" DateTime="2013-03-19T17:28:39.710Z" SessionID="8"><From><User FriendlyName="Comercial l GRUPO GENESIS"/></From><To><User FriendlyName="Sandra"/></To><Text Style="font-family:Segoe UI; color:#000000; ">ou eu tenho os dados confirmados ou tenho que tirar da agenda</Text></Message><Message Date="19/03/2013" Time="14:28:42" DateTime="2013-03-19T17:28:42.602Z" SessionID="8"><From><User FriendlyName="Comercial l GRUPO GENESIS"/></From><To><User FriendlyName="Sandra"/></To><Text Style="font-family:Segoe UI; color:#000000; ">me entende?</Text></Message><Message Date="19/03/2013" Time="14:28:46" DateTime="2013-03-19T17:28:46.637Z" SessionID="8"><From><User FriendlyName="Sandra"/></From><To><User FriendlyName="Comercial l GRUPO GENESIS"/></To><Text Style="font-family:Segoe UI; color:#000000; ">entendo e peço desculpas pela falta </Text></Message><Message Date="19/03/2013" Time="14:28:54" DateTime="2013-03-19T17:28:54.364Z" SessionID="8"><From><User FriendlyName="Sandra"/></From><To><User FriendlyName="Comercial l GRUPO GENESIS"/></To><Text Style="font-family:Segoe UI; color:#000000; ">vou resolver isso agora mesmo</Text></Message><Message Date="19/03/2013" Time="14:29:04" DateTime="2013-03-19T17:29:04.386Z" SessionID="8"><From><User FriendlyName="Sandra"/></From><To><User FriendlyName="Comercial l GRUPO GENESIS"/></To><Text Style="font-family:Segoe UI; color:#000000; ">para quando está agendado?</Text></Message><Message Date="19/03/2013" Time="14:29:13" DateTime="2013-03-19T17:29:13.122Z" SessionID="8"><From><User FriendlyName="Sandra"/></From><To><User FriendlyName="Comercial l GRUPO GENESIS"/></To><Text Style="font-family:Segoe UI; color:#000000; ">vc conseguiu mudar a data...</Text></Message><Message Date="19/03/2013" Time="14:31:46" DateTime="2013-03-19T17:31:46.045Z" SessionID="8"><From><User FriendlyName="Comercial l GRUPO GENESIS"/></From><To><User FriendlyName="Sandra"/></To><Text Style="font-family:Segoe UI; color:#000000; ">esta na semana do dia 03 de Junho
e agora no começo de abril vai começar a ser feita as aberturas na agenda</Text></Message><Message Date="19/03/2013" Time="14:32:10" DateTime="2013-03-19T17:32:10.904Z" SessionID="8"><From><User FriendlyName="Sandra"/></From><To><User FriendlyName="Comercial l GRUPO GENESIS"/></To><Text Style="font-family:Segoe UI; color:#000000; ">vc não conseguiu antes?</Text></Message><Message Date="19/03/2013" Time="14:37:37" DateTime="2013-03-19T17:37:37.874Z" SessionID="8"><From><User FriendlyName="Comercial l GRUPO GENESIS"/></From><To><User FriendlyName="Sandra"/></To><Text Style="font-family:Segoe UI; color:#000000; ">como assim?</Text></Message><Message Date="19/03/2013" Time="14:37:57" DateTime="2013-03-19T17:37:57.251Z" SessionID="8"><From><User FriendlyName="Sandra"/></From><To><User FriendlyName="Comercial l GRUPO GENESIS"/></To><Text Style="font-family:Segoe UI; color:#000000; ">lembra que vc iria ver se conseguia uma data antes de junho?</Text></Message><Message Date="19/03/2013" Time="14:38:15" DateTime="2013-03-19T17:38:15.583Z" SessionID="8"><From><User FriendlyName="Comercial l GRUPO GENESIS"/></From><To><User FriendlyName="Sandra"/></To><Text Style="font-family:Segoe UI; color:#000000; ">então,vou tentar te colocar em abril</Text></Message><Message Date="19/03/2013" Time="14:38:25" DateTime="2013-03-19T17:38:25.918Z" SessionID="8"><From><User FriendlyName="Sandra"/></From><To><User FriendlyName="Comercial l GRUPO GENESIS"/></To><Text Style="font-family:Segoe UI; color:#000000; ">sim sim</Text></Message><Message Date="19/03/2013" Time="14:38:38" DateTime="2013-03-19T17:38:38.864Z" SessionID="8"><From><User FriendlyName="Sandra"/></From><To><User FriendlyName="Comercial l GRUPO GENESIS"/></To><Text Style="font-family:Segoe UI; color:#000000; ">preciso urgente... captar alunos para a escola de maravilha</Text></Message><Message Date="19/03/2013" Time="14:39:09" DateTime="2013-03-19T17:39:09.397Z" SessionID="8"><From><User FriendlyName="Comercial l GRUPO GENESIS"/></From><To><User FriendlyName="Sandra"/></To><Text Style="font-family:Segoe UI; color:#000000; ">Sim,eu entendo</Text></Message><Message Date="19/03/2013" Time="14:39:29" DateTime="2013-03-19T17:39:29.969Z" SessionID="8"><From><User FriendlyName="Sandra"/></From><To><User FriendlyName="Comercial l GRUPO GENESIS"/></To><Text Style="font-family:Segoe UI; color:#000000; ">vc vao ver e me retorna?</Text></Message><Message Date="19/03/2013" Time="14:40:19" DateTime="2013-03-19T17:40:19.572Z" SessionID="8"><From><User FriendlyName="Sandra"/></From><To><User FriendlyName="Comercial l GRUPO GENESIS"/></To><Text Style="font-family:Segoe UI; color:#000000; ">*vai</Text></Message><Message Date="19/03/2013" Time="14:41:10" DateTime="2013-03-19T17:41:10.168Z" SessionID="8"><From><User FriendlyName="Sandra"/></From><To><User FriendlyName="Comercial l GRUPO GENESIS"/></To><Text Style="font-family:Segoe UI; color:#000000; ">vamos fazer assim</Text></Message><Message Date="19/03/2013" Time="14:41:22" DateTime="2013-03-19T17:41:22.757Z" SessionID="8"><From><User FriendlyName="Sandra"/></From><To><User FriendlyName="Comercial l GRUPO GENESIS"/></To><Text Style="font-family:Segoe UI; color:#000000; ">vc vê o dia que consegue e conversamos </Text></Message><Message Date="19/03/2013" Time="14:41:26" DateTime="2013-03-19T17:41:26.340Z" SessionID="8"><From><User FriendlyName="Sandra"/></From><To><User FriendlyName="Comercial l GRUPO GENESIS"/></To><Text Style="font-family:Segoe UI; color:#000000; ">mas </Text></Message><Message Date="19/03/2013" Time="14:41:36" DateTime="2013-03-19T17:41:36.636Z" SessionID="8"><From><User FriendlyName="Sandra"/></From><To><User FriendlyName="Comercial l GRUPO GENESIS"/></To><Text Style="font-family:Segoe UI; color:#000000; ">quero esclarecer está fechado com vocês...</Text></Message><Message Date="19/03/2013" Time="14:41:54" DateTime="2013-03-19T17:41:54.056Z" SessionID="8"><From><User FriendlyName="Sandra"/></From><To><User FriendlyName="Comercial l GRUPO GENESIS"/></To><Text Style="font-family:Segoe UI; color:#000000; ">vou repassar um e-mail para a Grazi</Text></Message><Message Date="19/03/2013" Time="14:41:54" DateTime="2013-03-19T17:41:54.117Z" SessionID="8"><From><User FriendlyName="Sandra"/></From><To><User FriendlyName="Comercial l GRUPO GENESIS"/></To><Text Style="font-family:Segoe UI; color:#000000; ">agora mesmo</Text></Message><Message Date="19/03/2013" Time="14:41:54" DateTime="2013-03-19T17:41:54.855Z" SessionID="8"><From><User FriendlyName="Sandra"/></From><To><User FriendlyName="Comercial l GRUPO GENESIS"/></To><Text Style="font-family:Segoe UI; color:#000000; ">abraços</Text></Message><Message Date="19/03/2013" Time="14:43:12" DateTime="2013-03-19T17:43:12.199Z" SessionID="8"><From><User FriendlyName="Comercial l GRUPO GENESIS"/></From><To><User FriendlyName="Sandra"/></To><Text Style="font-family:Segoe UI; color:#000000; ">Sim,vou aguardar.tenho até essa semana pra receber</Text></Message><Message Date="19/03/2013" Time="14:43:20" DateTime="2013-03-19T17:43:20.949Z" SessionID="8"><From><User FriendlyName="Comercial l GRUPO GENESIS"/></From><To><User FriendlyName="Sandra"/></To><Text Style="font-family:Segoe UI; color:#000000; ">abraços e obrigado</Text></Message><Message Date="27/03/2013" Time="10:36:26" DateTime="2013-03-27T13:36:26.868Z" SessionID="9"><From><User FriendlyName="Comercial l GRUPO GENESIS"/></From><To><User FriendlyName="Sandra"/></To><Text Style="font-family:Segoe UI; color:#000000; ">oi</Text></Message><Message Date="27/03/2013" Time="10:36:30" DateTime="2013-03-27T13:36:30.066Z" SessionID="9"><From><User FriendlyName="Comercial l GRUPO GENESIS"/></From><To><User FriendlyName="Sandra"/></To><Text Style="font-family:Segoe UI; color:#000000; ">bom dia</Text></Message><Message Date="27/03/2013" Time="10:36:58" DateTime="2013-03-27T13:36:58.614Z" SessionID="9"><From><User FriendlyName="Sandra"/></From><To><User FriendlyName="Comercial l GRUPO GENESIS"/></To><Text Style="font-family:Segoe UI; color:#000000; ">bom dia!</Text></Message><Message Date="27/03/2013" Time="10:37:10" DateTime="2013-03-27T13:37:10.110Z" SessionID="9"><From><User FriendlyName="Comercial l GRUPO GENESIS"/></From><To><User FriendlyName="Sandra"/></To><Text Style="font-family:Segoe UI; color:#000000; ">qual o nome da escola sandra?</Text></Message><Message Date="27/03/2013" Time="10:38:04" DateTime="2013-03-27T13:38:04.536Z" SessionID="9"><From><User FriendlyName="Sandra"/></From><To><User FriendlyName="Comercial l GRUPO GENESIS"/></To><Text Style="font-family:Segoe UI; color:#000000; ">NET CENTER PROFISSIONAL</Text></Message><Message Date="02/04/2013" Time="10:35:19" DateTime="2013-04-02T13:35:19.329Z" SessionID="10"><From><User FriendlyName="Comercial l GRUPO GENESIS"/></From><To><User FriendlyName="Sandra"/></To><Text Style="font-family:Segoe UI; color:#000000; ">Oi sandra</Text></Message><Message Date="02/04/2013" Time="10:35:24" DateTime="2013-04-02T13:35:24.118Z" SessionID="10"><From><User FriendlyName="Comercial l GRUPO GENESIS"/></From><To><User FriendlyName="Sandra"/></To><Text Style="font-family:Segoe UI; color:#000000; ">tudo bem?</Text></Message><Message Date="02/04/2013" Time="10:36:08" DateTime="2013-04-02T13:36:08.891Z" SessionID="10"><From><User FriendlyName="Sandra"/></From><To><User FriendlyName="Comercial l GRUPO GENESIS"/></To><Text Style="font-family:Segoe UI; color:#000000; ">olá</Text></Message><Message Date="02/04/2013" Time="10:36:14" DateTime="2013-04-02T13:36:14.550Z" SessionID="10"><From><User FriendlyName="Sandra"/></From><To><User FriendlyName="Comercial l GRUPO GENESIS"/></To><Text Style="font-family:Segoe UI; color:#000000; ">tudo bem e contigo?</Text></Message><Message Date="02/04/2013" Time="10:36:25" DateTime="2013-04-02T13:36:25.047Z" SessionID="10"><From><User FriendlyName="Comercial l GRUPO GENESIS"/></From><To><User FriendlyName="Sandra"/></To><Text Style="font-family:Segoe UI; color:#000000; ">que bom tudo ótimo</Text></Message><Message Date="02/04/2013" Time="10:36:52" DateTime="2013-04-02T13:36:52.613Z" SessionID="10"><From><User FriendlyName="Comercial l GRUPO GENESIS"/></From><To><User FriendlyName="Sandra"/></To><Text Style="font-family:Segoe UI; color:#000000; ">ai sandra éa terceira vez que tenho data pra te colocar antes e nao tenho os dados da sua escola</Text></Message><Message Date="02/04/2013" Time="10:37:33" DateTime="2013-04-02T13:37:33.331Z" SessionID="10"><From><User FriendlyName="Comercial l GRUPO GENESIS"/></From><To><User FriendlyName="Sandra"/></To><Text Style="font-family:Segoe UI; color:#000000; ">agente podia ta fazendo essa semana a campanha ai,mais por falta de Dados,como eu queria desde o começo nao foi possivel</Text></Message><Message Date="02/04/2013" Time="10:45:38" DateTime="2013-04-02T13:45:38.075Z" SessionID="10"><From><User FriendlyName="Sandra"/></From><To><User FriendlyName="Comercial l GRUPO GENESIS"/></To><Text Style="font-family:Segoe UI; color:#000000; ">me diz uma coisa.. liguei agora para Maravilha e vi com a Grazi</Text></Message><Message Date="02/04/2013" Time="10:46:02" DateTime="2013-04-02T13:46:02.046Z" SessionID="10"><From><User FriendlyName="Sandra"/></From><To><User FriendlyName="Comercial l GRUPO GENESIS"/></To><Text Style="font-family:Segoe UI; color:#000000; ">e ela me disse que vocês só trabalham somente com o valor de 39,90 mensais</Text></Message><Message Date="02/04/2013" Time="10:46:04" DateTime="2013-04-02T13:46:04.814Z" SessionID="10"><From><User FriendlyName="Sandra"/></From><To><User FriendlyName="Comercial l GRUPO GENESIS"/></To><Text Style="font-family:Segoe UI; color:#000000; ">é isso?</Text></Message><Message Date="02/04/2013" Time="10:47:27" DateTime="2013-04-02T13:47:27.242Z" SessionID="10"><From><User FriendlyName="Comercial l GRUPO GENESIS"/></From><To><User FriendlyName="Sandra"/></To><Text Style="font-family:Segoe UI; color:#000000; ">Não</Text></Message><Message Date="02/04/2013" Time="10:48:31" DateTime="2013-04-02T13:48:31.764Z" SessionID="10"><From><User FriendlyName="Comercial l GRUPO GENESIS"/></From><To><User FriendlyName="Sandra"/></To><Text Style="font-family:Segoe UI; color:#000000; ">o minimo que trabalhamos é 49,90
mais o Diretor da empresa conversou com a Grazi,e só pra sua escola mudou o valor
os valores minimos para sua escola vai ficar em R$ 89,90.
</Text></Message><Message Date="02/04/2013" Time="10:48:47" DateTime="2013-04-02T13:48:47.426Z" SessionID="10"><From><User FriendlyName="Comercial l GRUPO GENESIS"/></From><To><User FriendlyName="Sandra"/></To><Text Style="font-family:Segoe UI; color:#000000; ">mandei um email pra grazi confirmando tudo</Text></Message><Message Date="02/04/2013" Time="10:49:00" DateTime="2013-04-02T13:49:00.637Z" SessionID="10"><From><User FriendlyName="Comercial l GRUPO GENESIS"/></From><To><User FriendlyName="Sandra"/></To><Text Style="font-family:Segoe UI; color:#000000; ">mas não tenho retorno nenhum dela</Text></Message><Message Date="02/04/2013" Time="10:50:17" DateTime="2013-04-02T13:50:17.203Z" SessionID="10"><From><User FriendlyName="Sandra"/></From><To><User FriendlyName="Comercial l GRUPO GENESIS"/></To><Text Style="font-family:Segoe UI; color:#000000; ">vou verificar isso </Text></Message><Message Date="02/04/2013" Time="10:50:18" DateTime="2013-04-02T13:50:18.794Z" SessionID="10"><From><User FriendlyName="Sandra"/></From><To><User FriendlyName="Comercial l GRUPO GENESIS"/></To><Text Style="font-family:Segoe UI; color:#000000; ">perai</Text></Message><Message Date="02/04/2013" Time="10:50:22" DateTime="2013-04-02T13:50:22.273Z" SessionID="10"><From><User FriendlyName="Comercial l GRUPO GENESIS"/></From><To><User FriendlyName="Sandra"/></To><Text Style="font-family:Segoe UI; color:#000000; ">tabom</Text></Message><Message Date="02/04/2013" Time="10:50:41" DateTime="2013-04-02T13:50:41.977Z" SessionID="10"><From><User FriendlyName="Comercial l GRUPO GENESIS"/></From><To><User FriendlyName="Sandra"/></To><Text Style="font-family:Segoe UI; color:#000000; ">acabei de olhar esse email,que mandei pra ela</Text></Message><Message Date="02/04/2013" Time="10:51:00" DateTime="2013-04-02T13:51:00.183Z" SessionID="10"><From><User FriendlyName="Comercial l GRUPO GENESIS"/></From><To><User FriendlyName="Sandra"/></To><Text Style="font-family:Segoe UI; color:#000000; ">mandei dia 07/03</Text></Message><Message Date="02/04/2013" Time="10:51:00" DateTime="2013-04-02T13:51:00.385Z" SessionID="10"><From><User FriendlyName="Sandra"/></From><To><User FriendlyName="Comercial l GRUPO GENESIS"/></To><Text Style="font-family:Segoe UI; color:#000000; ">vc pode me enviar este e-mail...</Text></Message><Message Date="02/04/2013" Time="10:51:07" DateTime="2013-04-02T13:51:07.764Z" SessionID="10"><From><User FriendlyName="Comercial l GRUPO GENESIS"/></From><To><User FriendlyName="Sandra"/></To><Text Style="font-family:Segoe UI; color:#000000; ">claro</Text></Message><Message Date="02/04/2013" Time="10:52:08" DateTime="2013-04-02T13:52:08.688Z" SessionID="10"><From><User FriendlyName="Comercial l GRUPO GENESIS"/></From><To><User FriendlyName="Sandra"/></To><Text Style="font-family:Segoe UI; color:#000000; ">qual email eu posso estar te mandando?</Text></Message><Message Date="02/04/2013" Time="10:52:20" DateTime="2013-04-02T13:52:20.578Z" SessionID="10"><From><User FriendlyName="Sandra"/></From><To><User FriendlyName="Comercial l GRUPO GENESIS"/></To><Text Style="font-family:Segoe UI; color:#000000; ">sandra@escolanetcenter.com.br</Text></Message><Message Date="02/04/2013" Time="10:53:04" DateTime="2013-04-02T13:53:04.365Z" SessionID="10"><From><User FriendlyName="Comercial l GRUPO GENESIS"/></From><To><User FriendlyName="Sandra"/></To><Text Style="font-family:Segoe UI; color:#000000; ">enviado</Text></Message><Message Date="02/04/2013" Time="10:54:55" DateTime="2013-04-02T13:54:55.593Z" SessionID="10"><From><User FriendlyName="Comercial l GRUPO GENESIS"/></From><To><User FriendlyName="Sandra"/></To><Text Style="font-family:Segoe UI; color:#000000; ">Desculpa estar te encomodando Sandra,maisé que alem de me cobrarem isso,eu estou tentando te colocar a tempo em uma data boa pra começo de ano,e não esta sendo possivel.
essa semana queria e não deu,e semana que vem abriu uma data e se eu não tiver esses dados,novamente vai ser impossivel fazer a campanha.</Text></Message><Message Date="02/04/2013" Time="10:56:56" DateTime="2013-04-02T13:56:56.698Z" SessionID="10"><From><User FriendlyName="Sandra"/></From><To><User FriendlyName="Comercial l GRUPO GENESIS"/></To><Text Style="font-family:Segoe UI; color:#000000; ">olha só</Text></Message><Message Date="02/04/2013" Time="10:57:04" DateTime="2013-04-02T13:57:04.473Z" SessionID="10"><From><User FriendlyName="Sandra"/></From><To><User FriendlyName="Comercial l GRUPO GENESIS"/></To><Text Style="font-family:Segoe UI; color:#000000; ">acabei de falar com a Grazi </Text></Message><Message Date="02/04/2013" Time="10:57:10" DateTime="2013-04-02T13:57:10.526Z" SessionID="10"><From><User FriendlyName="Sandra"/></From><To><User FriendlyName="Comercial l GRUPO GENESIS"/></To><Text Style="font-family:Segoe UI; color:#000000; ">e chamei a atenção dela</Text></Message><Message Date="02/04/2013" Time="10:57:21" DateTime="2013-04-02T13:57:21.337Z" SessionID="10"><From><User FriendlyName="Sandra"/></From><To><User FriendlyName="Comercial l GRUPO GENESIS"/></To><Text Style="font-family:Segoe UI; color:#000000; ">quero que fechem nesta data que vc tem</Text></Message><Message Date="02/04/2013" Time="10:57:26" DateTime="2013-04-02T13:57:26.688Z" SessionID="10"><From><User FriendlyName="Sandra"/></From><To><User FriendlyName="Comercial l GRUPO GENESIS"/></To><Text Style="font-family:Segoe UI; color:#000000; ">urgente</Text></Message><Message Date="02/04/2013" Time="10:57:30" DateTime="2013-04-02T13:57:30.292Z" SessionID="10"><From><User FriendlyName="Sandra"/></From><To><User FriendlyName="Comercial l GRUPO GENESIS"/></To><Text Style="font-family:Segoe UI; color:#000000; ">eu preciso de alunos</Text></Message><Message Date="02/04/2013" Time="10:57:42" DateTime="2013-04-02T13:57:42.678Z" SessionID="10"><From><User FriendlyName="Sandra"/></From><To><User FriendlyName="Comercial l GRUPO GENESIS"/></To><Text Style="font-family:Segoe UI; color:#000000; ">estou indignada</Text></Message><Message Date="02/04/2013" Time="10:57:47" DateTime="2013-04-02T13:57:47.514Z" SessionID="10"><From><User FriendlyName="Sandra"/></From><To><User FriendlyName="Comercial l GRUPO GENESIS"/></To><Text Style="font-family:Segoe UI; color:#000000; ">com a Grazi</Text></Message><Message Date="02/04/2013" Time="10:57:53" DateTime="2013-04-02T13:57:53.208Z" SessionID="10"><From><User FriendlyName="Sandra"/></From><To><User FriendlyName="Comercial l GRUPO GENESIS"/></To><Text Style="font-family:Segoe UI; color:#000000; ">acho que ela não entendeu</Text></Message><Message Date="02/04/2013" Time="10:58:01" DateTime="2013-04-02T13:58:01.679Z" SessionID="10"><From><User FriendlyName="Sandra"/></From><To><User FriendlyName="Comercial l GRUPO GENESIS"/></To><Text Style="font-family:Segoe UI; color:#000000; ">pois me passou do valor</Text></Message><Message Date="02/04/2013" Time="10:58:08" DateTime="2013-04-02T13:58:08.902Z" SessionID="10"><From><User FriendlyName="Sandra"/></From><To><User FriendlyName="Comercial l GRUPO GENESIS"/></To><Text Style="font-family:Segoe UI; color:#000000; ">que achava mto baixo 39,90</Text></Message><Message Date="02/04/2013" Time="11:00:09" DateTime="2013-04-02T14:00:09.126Z" SessionID="10"><From><User FriendlyName="Comercial l GRUPO GENESIS"/></From><To><User FriendlyName="Sandra"/></To><Text Style="font-family:Segoe UI; color:#000000; ">o minimo que fazemos é 49,90
conversei com ela,passei pro diretor da empresa resolver isso com ela.
até então achei que estava tudo esclarecido,pois tudo que foi conversado resumi em um breve Email
só estava esperando os dados pra antecipar sua data.</Text></Message><Message Date="02/04/2013" Time="11:01:03" DateTime="2013-04-02T14:01:03.764Z" SessionID="10"><From><User FriendlyName="Comercial l GRUPO GENESIS"/></From><To><User FriendlyName="Sandra"/></To><Text Style="font-family:Segoe UI; color:#000000; ">Se conseguir me passar esses dados ainda hoje,semana que vem estaremos em Maravilha fazendo a campanha.</Text></Message><Message Date="02/04/2013" Time="11:01:37" DateTime="2013-04-02T14:01:37.041Z" SessionID="10"><From><User FriendlyName="Comercial l GRUPO GENESIS"/></From><To><User FriendlyName="Sandra"/></To><Text Style="font-family:Segoe UI; color:#000000; ">Caso não me passarem vou ter que colocar outra escola,que estao esperando datas.</Text></Message><Message Date="02/04/2013" Time="11:18:23" DateTime="2013-04-02T14:18:23.533Z" SessionID="10"><From><User FriendlyName="Sandra"/></From><To><User FriendlyName="Comercial l GRUPO GENESIS"/></To><Text Style="font-family:Segoe UI; color:#000000; ">ela vai passar tudo hoje.... para vc</Text></Message><Message Date="02/04/2013" Time="11:20:40" DateTime="2013-04-02T14:20:40.040Z" SessionID="10"><From><User FriendlyName="Sandra"/></From><To><User FriendlyName="Comercial l GRUPO GENESIS"/></To><Text Style="font-family:Segoe UI; color:#000000; ">valeu....</Text></Message><Message Date="02/04/2013" Time="11:20:45" DateTime="2013-04-02T14:20:45.380Z" SessionID="10"><From><User FriendlyName="Sandra"/></From><To><User FriendlyName="Comercial l GRUPO GENESIS"/></To><Text Style="font-family:Segoe UI; color:#000000; ">muito obrigada pela ajuda</Text></Message><Message Date="02/04/2013" Time="11:20:50" DateTime="2013-04-02T14:20:50.888Z" SessionID="10"><From><User FriendlyName="Sandra"/></From><To><User FriendlyName="Comercial l GRUPO GENESIS"/></To><Text Style="font-family:Segoe UI; color:#000000; ">na semana que vem </Text></Message><Message Date="02/04/2013" Time="11:20:56" DateTime="2013-04-02T14:20:56.800Z" SessionID="10"><From><User FriendlyName="Sandra"/></From><To><User FriendlyName="Comercial l GRUPO GENESIS"/></To><Text Style="font-family:Segoe UI; color:#000000; ">faremos o trabalho</Text></Message><Message Date="02/04/2013" Time="11:21:05" DateTime="2013-04-02T14:21:05.645Z" SessionID="10"><From><User FriendlyName="Sandra"/></From><To><User FriendlyName="Comercial l GRUPO GENESIS"/></To><Text Style="font-family:Segoe UI; color:#000000; ">e vamos comemorar</Text></Message><Message Date="02/04/2013" Time="11:21:48" DateTime="2013-04-02T14:21:48.518Z" SessionID="10"><From><User FriendlyName="Comercial l GRUPO GENESIS"/></From><To><User FriendlyName="Sandra"/></To><Text Style="font-family:Segoe UI; color:#000000; ">isso mesmo,semana que vem nosso Diretor de marketing vai estar em maravilha,consegui colocar sua escola na agenda dele</Text></Message><Message Date="02/04/2013" Time="11:22:20" DateTime="2013-04-02T14:22:20.948Z" SessionID="10"><From><User FriendlyName="Sandra"/></From><To><User FriendlyName="Comercial l GRUPO GENESIS"/></To><Text Style="font-family:Segoe UI; color:#000000; ">muito obrigada</Text></Message><Message Date="02/04/2013" Time="11:22:25" DateTime="2013-04-02T14:22:25.353Z" SessionID="10"><From><User FriendlyName="Sandra"/></From><To><User FriendlyName="Comercial l GRUPO GENESIS"/></To><Text Style="font-family:Segoe UI; color:#000000; ">Daiana</Text></Message><Message Date="02/04/2013" Time="11:22:27" DateTime="2013-04-02T14:22:27.600Z" SessionID="10"><From><User FriendlyName="Sandra"/></From><To><User FriendlyName="Comercial l GRUPO GENESIS"/></To><Text Style="font-family:Segoe UI; color:#000000; ">:)</Text></Message><Message Date="02/04/2013" Time="11:23:00" DateTime="2013-04-02T14:23:00.048Z" SessionID="10"><From><User FriendlyName="Comercial l GRUPO GENESIS"/></From><To><User FriendlyName="Sandra"/></To><Text Style="font-family:Segoe UI; color:#000000; ">Eu que agradeço Sandra.Que Deus Abençoe nossa parceria.</Text></Message><Message Date="02/04/2013" Time="11:23:12" DateTime="2013-04-02T14:23:12.309Z" SessionID="10"><From><User FriendlyName="Sandra"/></From><To><User FriendlyName="Comercial l GRUPO GENESIS"/></To><Text Style="font-family:Segoe UI; color:#000000; ">amém...</Text></Message><Message Date="08/04/2013" Time="09:15:12" DateTime="2013-04-08T12:15:12.091Z" SessionID="11"><From><User FriendlyName="Comercial l GRUPO GENESIS"/></From><To><User FriendlyName="Sandra"/></To><Text Style="font-family:Segoe UI; color:#000000; ">Bom dia sandra</Text></Message><Message Date="08/04/2013" Time="09:15:38" DateTime="2013-04-08T12:15:38.548Z" SessionID="11"><From><User FriendlyName="Sandra"/></From><To><User FriendlyName="Comercial l GRUPO GENESIS"/></To><Text Style="font-family:Segoe UI; color:#000000; ">bom dia!</Text></Message><Message Date="08/04/2013" Time="09:16:25" DateTime="2013-04-08T12:16:25.812Z" SessionID="11"><From><User FriendlyName="Comercial l GRUPO GENESIS"/></From><To><User FriendlyName="Sandra"/></To><Text Style="font-family:Segoe UI; color:#000000; ">tentei falar com vc sexta e nao consegui</Text></Message><Message Date="08/04/2013" Time="09:16:52" DateTime="2013-04-08T12:16:52.784Z" SessionID="11"><From><User FriendlyName="Sandra"/></From><To><User FriendlyName="Comercial l GRUPO GENESIS"/></To><Text Style="font-family:Segoe UI; color:#000000; ">oi</Text></Message><Message Date="08/04/2013" Time="09:20:34" DateTime="2013-04-08T12:20:34.082Z" SessionID="11"><From><User FriendlyName="Sandra"/></From><To><User FriendlyName="Comercial l GRUPO GENESIS"/></To><Text Style="font-family:Segoe UI; color:#000000; ">Pode falar</Text></Message><Message Date="08/04/2013" Time="09:32:51" DateTime="2013-04-08T12:32:51.294Z" SessionID="11"><From><User FriendlyName="Comercial l GRUPO GENESIS"/></From><To><User FriendlyName="Sandra"/></To><Text Style="font-family:Segoe UI; color:#000000; ">é que nosso gerente vai de aviao até chapecó,pois nao havia nenhum onibus até maravilha confortavel que suportace uma viagem tao longa,e dei uma olhada no valor aéreo ate chapeco e saia o mesmo valor..entao comprei essa!
só que nosso gerente chegando em chapeco,e queria saber se voce pode levar ele até maravilha,pois nao achei nenhum onibus que fosse pra lá,depois que ele chega ai</Text></Message><Message Date="08/04/2013" Time="09:33:16" DateTime="2013-04-08T12:33:16.316Z" SessionID="11"><From><User FriendlyName="Comercial l GRUPO GENESIS"/></From><To><User FriendlyName="Sandra"/></To><Text Style="font-family:Segoe UI; color:#000000; ">ou se vc conseguir colocar em um onibus que vá até lá,tbm nao tem problema</Text></Message><Message Date="08/04/2013" Time="09:33:34" DateTime="2013-04-08T12:33:34.085Z" SessionID="11"><From><User FriendlyName="Comercial l GRUPO GENESIS"/></From><To><User FriendlyName="Sandra"/></To><Text Style="font-family:Segoe UI; color:#000000; ">mais teria que ser logo em seguida,pra nao atrasar</Text></Message><Message Date="08/04/2013" Time="09:34:02" DateTime="2013-04-08T12:34:02.835Z" SessionID="11"><From><User FriendlyName="Sandra"/></From><To><User FriendlyName="Comercial l GRUPO GENESIS"/></To><Text Style="font-family:Segoe UI; color:#000000; ">bom dia!</Text></Message><Message Date="08/04/2013" Time="09:34:10" DateTime="2013-04-08T12:34:10.242Z" SessionID="11"><From><User FriendlyName="Sandra"/></From><To><User FriendlyName="Comercial l GRUPO GENESIS"/></To><Text Style="font-family:Segoe UI; color:#000000; ">qdo ele chega em chapecó?</Text></Message><Message Date="08/04/2013" Time="09:34:56" DateTime="2013-04-08T12:34:56.314Z" SessionID="11"><From><User FriendlyName="Comercial l GRUPO GENESIS"/></From><To><User FriendlyName="Sandra"/></To><Text Style="font-family:Segoe UI; color:#000000; ">chega amanha no aéroporto as 11:15
unica passagem que consegui</Text></Message><Message Date="08/04/2013" Time="09:36:15" DateTime="2013-04-08T12:36:15.837Z" SessionID="11"><From><User FriendlyName="Sandra"/></From><To><User FriendlyName="Comercial l GRUPO GENESIS"/></To><Text Style="font-family:Segoe UI; color:#000000; ">vem somente ele?</Text></Message><Message Date="08/04/2013" Time="09:36:52" DateTime="2013-04-08T12:36:52.445Z" SessionID="11"><From><User FriendlyName="Comercial l GRUPO GENESIS"/></From><To><User FriendlyName="Sandra"/></To><Text Style="font-family:Segoe UI; color:#000000; ">sim</Text></Message><Message Date="08/04/2013" Time="09:37:16" DateTime="2013-04-08T12:37:16.961Z" SessionID="11"><From><User FriendlyName="Sandra"/></From><To><User FriendlyName="Comercial l GRUPO GENESIS"/></To><Text Style="font-family:Segoe UI; color:#000000; ">o nadir pega ele no aeroporto</Text></Message><Message Date="08/04/2013" Time="09:37:35" DateTime="2013-04-08T12:37:35.651Z" SessionID="11"><From><User FriendlyName="Sandra"/></From><To><User FriendlyName="Comercial l GRUPO GENESIS"/></To><Text Style="font-family:Segoe UI; color:#000000; ">vou te passar o fone de (49) 8813 6438</Text></Message><Message Date="08/04/2013" Time="09:37:40" DateTime="2013-04-08T12:37:40.471Z" SessionID="11"><From><User FriendlyName="Sandra"/></From><To><User FriendlyName="Comercial l GRUPO GENESIS"/></To><Text Style="font-family:Segoe UI; color:#000000; ">passa o dele tb</Text></Message><Message Date="08/04/2013" Time="09:37:50" DateTime="2013-04-08T12:37:50.955Z" SessionID="11"><From><User FriendlyName="Sandra"/></From><To><User FriendlyName="Comercial l GRUPO GENESIS"/></To><Text Style="font-family:Segoe UI; color:#000000; ">para que se tiverem alguma dúvida se ligam</Text></Message><Message Date="08/04/2013" Time="09:37:58" DateTime="2013-04-08T12:37:58.141Z" SessionID="11"><From><User FriendlyName="Sandra"/></From><To><User FriendlyName="Comercial l GRUPO GENESIS"/></To><Text Style="font-family:Segoe UI; color:#000000; ">e como é o nome dele</Text></Message><Message Date="08/04/2013" Time="10:06:07" DateTime="2013-04-08T13:06:07.469Z" SessionID="11"><From><User FriendlyName="Comercial l GRUPO GENESIS"/></From><To><User FriendlyName="Sandra"/></To><Text Style="font-family:Segoe UI; color:#000000; ">Andre nosso diretor de marketing da empresa
(48)99389179</Text></Message><Message Date="08/04/2013" Time="10:07:13" DateTime="2013-04-08T13:07:13.408Z" SessionID="11"><From><User FriendlyName="Sandra"/></From><To><User FriendlyName="Comercial l GRUPO GENESIS"/></To><Text Style="font-family:Segoe UI; color:#000000; ">ele estará no aeroporto para pagar</Text></Message><Message Date="08/04/2013" Time="10:07:23" DateTime="2013-04-08T13:07:23.611Z" SessionID="11"><From><User FriendlyName="Sandra"/></From><To><User FriendlyName="Comercial l GRUPO GENESIS"/></To><Text Style="font-family:Segoe UI; color:#000000; ">o nome dele é Nadir</Text></Message><Message Date="08/04/2013" Time="10:08:49" DateTime="2013-04-08T13:08:49.228Z" SessionID="11"><From><User FriendlyName="Comercial l GRUPO GENESIS"/></From><To><User FriendlyName="Sandra"/></To><Text Style="font-family:Segoe UI; color:#000000; ">ok</Text></Message><Message Date="08/04/2013" Time="10:09:14" DateTime="2013-04-08T13:09:14.999Z" SessionID="11"><From><User FriendlyName="Comercial l GRUPO GENESIS"/></From><To><User FriendlyName="Sandra"/></To><Text Style="font-family:Segoe UI; color:#000000; ">Agradeço pela atençao Sandra e desejo um trabalho com um resultado exelente</Text></Message><Message Date="08/04/2013" Time="10:09:30" DateTime="2013-04-08T13:09:30.599Z" SessionID="11"><From><User FriendlyName="Sandra"/></From><To><User FriendlyName="Comercial l GRUPO GENESIS"/></To><Text Style="font-family:Segoe UI; color:#000000; ">igualmente... :)</Text></Message></Log>