<?xml version="1.0"?>
<?xml-stylesheet type='text/xsl' href='MessageLog.xsl'?>
<Log FirstSessionID="1" LastSessionID="4"><Message Date="24/01/2013" Time="14:56:35" DateTime="2013-01-24T16:56:35.343Z" SessionID="1"><From><User FriendlyName="Comercial l GRUPO GENESIS"/></From><To><User FriendlyName="Sarom Pereira Ribeiro"/></To><Text Style="font-family:Segoe UI; color:#000000; ">Ola]</Text></Message><Message Date="24/01/2013" Time="14:56:46" DateTime="2013-01-24T16:56:46.282Z" SessionID="1"><From><User FriendlyName="Sarom Pereira Ribeiro"/></From><To><User FriendlyName="Comercial l GRUPO GENESIS"/></To><Text Style="font-family:Bell MT; color:#ff0000; ">ola</Text></Message><Message Date="24/01/2013" Time="14:56:47" DateTime="2013-01-24T16:56:47.562Z" SessionID="1"><From><User FriendlyName="Comercial l GRUPO GENESIS"/></From><To><User FriendlyName="Sarom Pereira Ribeiro"/></To><Text Style="font-family:Segoe UI; color:#000000; ">Boa tarde?</Text></Message><Message Date="24/01/2013" Time="14:56:48" DateTime="2013-01-24T16:56:48.922Z" SessionID="1"><From><User FriendlyName="Sarom Pereira Ribeiro"/></From><To><User FriendlyName="Comercial l GRUPO GENESIS"/></To><Text Style="font-family:Bell MT; color:#ff0000; ">bom dia</Text></Message><Message Date="24/01/2013" Time="14:57:16" DateTime="2013-01-24T16:57:16.468Z" SessionID="1"><From><User FriendlyName="Comercial l GRUPO GENESIS"/></From><To><User FriendlyName="Sarom Pereira Ribeiro"/></To><Text Style="font-family:Segoe UI; color:#000000; ">tudo bem?</Text></Message><Message Date="24/01/2013" Time="14:57:27" DateTime="2013-01-24T16:57:27.902Z" SessionID="1"><From><User FriendlyName="Sarom Pereira Ribeiro"/></From><To><User FriendlyName="Comercial l GRUPO GENESIS"/></To><Text Style="font-family:Bell MT; color:#ff0000; ">100%</Text></Message><Message Date="24/01/2013" Time="14:57:38" DateTime="2013-01-24T16:57:38.667Z" SessionID="1"><From><User FriendlyName="Comercial l GRUPO GENESIS"/></From><To><User FriendlyName="Sarom Pereira Ribeiro"/></To><Text Style="font-family:Segoe UI; color:#000000; ">que bommmmm</Text></Message><Message Date="24/01/2013" Time="14:58:14" DateTime="2013-01-24T16:58:14.171Z" SessionID="1"><From><User FriendlyName="Comercial l GRUPO GENESIS"/></From><To><User FriendlyName="Sarom Pereira Ribeiro"/></To><Text Style="font-family:Segoe UI; color:#000000; ">como esta o trabalho?</Text></Message><Message Date="24/01/2013" Time="14:59:28" DateTime="2013-01-24T16:59:28.013Z" SessionID="1"><From><User FriendlyName="Sarom Pereira Ribeiro"/></From><To><User FriendlyName="Comercial l GRUPO GENESIS"/></To><Text Style="font-family:Bell MT; color:#ff0000; ">como tá as agendas pra minha regiaoo</Text></Message><Message Date="24/01/2013" Time="15:00:25" DateTime="2013-01-24T17:00:25.782Z" SessionID="1"><From><User FriendlyName="Comercial l GRUPO GENESIS"/></From><To><User FriendlyName="Sarom Pereira Ribeiro"/></To><Text Style="font-family:Segoe UI; color:#000000; ">qual sua região?</Text></Message><Message Date="24/01/2013" Time="15:00:50" DateTime="2013-01-24T17:00:50.152Z" SessionID="1"><From><User FriendlyName="Sarom Pereira Ribeiro"/></From><To><User FriendlyName="Comercial l GRUPO GENESIS"/></To><Text Style="font-family:Bell MT; color:#ff0000; ">Tocantins</Text></Message><Message Date="24/01/2013" Time="15:01:29" DateTime="2013-01-24T17:01:29.744Z" SessionID="1"><From><User FriendlyName="Comercial l GRUPO GENESIS"/></From><To><User FriendlyName="Sarom Pereira Ribeiro"/></To><Text Style="font-family:Segoe UI; color:#000000; ">olha..por enquanto esta cidade esta livre
ainda nao temos clientes</Text></Message><Message Date="24/01/2013" Time="15:02:28" DateTime="2013-01-24T17:02:28.241Z" SessionID="1"><From><User FriendlyName="Sarom Pereira Ribeiro"/></From><To><User FriendlyName="Comercial l GRUPO GENESIS"/></To><Text Style="font-family:Bell MT; color:#ff0000; ">sim mais o custo ñ ficamuito caro</Text></Message><Message Date="24/01/2013" Time="15:03:59" DateTime="2013-01-24T17:03:59.425Z" SessionID="1"><From><User FriendlyName="Comercial l GRUPO GENESIS"/></From><To><User FriendlyName="Sarom Pereira Ribeiro"/></To><Text Style="font-family:Segoe UI; color:#000000; ">olha,esse ano a região que queremos atuar é especialmente essa,pois ninguem conhece nosso trabalho,nosso projeto e consequentemente vai dar muito retorno,muitas matriculas por causa do nosso diferencial..</Text></Message><Message Date="24/01/2013" Time="15:04:27" DateTime="2013-01-24T17:04:27.551Z" SessionID="1"><From><User FriendlyName="Sarom Pereira Ribeiro"/></From><To><User FriendlyName="Comercial l GRUPO GENESIS"/></To><Text Style="font-family:Bell MT; color:#ff0000; ">hum</Text></Message><Message Date="24/01/2013" Time="15:05:44" DateTime="2013-01-24T17:05:44.044Z" SessionID="1"><From><User FriendlyName="Comercial l GRUPO GENESIS"/></From><To><User FriendlyName="Sarom Pereira Ribeiro"/></To><Text Style="font-family:Segoe UI; color:#000000; ">então nenhum gasto será tão grande quanto o retorno que vai vir depois...entende?</Text></Message><Message Date="24/01/2013" Time="15:06:40" DateTime="2013-01-24T17:06:40.786Z" SessionID="1"><From><User FriendlyName="Sarom Pereira Ribeiro"/></From><To><User FriendlyName="Comercial l GRUPO GENESIS"/></To><Text Style="font-family:Bell MT; color:#ff0000; ">e qual seiria meus custos</Text></Message><Message Date="24/01/2013" Time="15:07:23" DateTime="2013-01-24T17:07:23.109Z" SessionID="1"><From><User FriendlyName="Sarom Pereira Ribeiro"/></From><To><User FriendlyName="Comercial l GRUPO GENESIS"/></To><Text Style="font-family:Bell MT; color:#ff0000; ">me parece que já falei com vcs</Text></Message><Message Date="24/01/2013" Time="15:13:25" DateTime="2013-01-24T17:13:25.325Z" SessionID="1"><From><User FriendlyName="Comercial l GRUPO GENESIS"/></From><To><User FriendlyName="Sarom Pereira Ribeiro"/></To><Text Style="font-family:Segoe UI; color:#000000; ">- Hospedagem 
- viagem ida e volta 
e material para campanha, o convite é impresso em sua escola (preto e branco)+ adesivo que já levamos pronto valor de R$0,25 centavos cada
</Text></Message><Message Date="24/01/2013" Time="15:14:42" DateTime="2013-01-24T17:14:42.289Z" SessionID="1"><From><User FriendlyName="Sarom Pereira Ribeiro"/></From><To><User FriendlyName="Comercial l GRUPO GENESIS"/></To><Text Style="font-family:Bell MT; color:#ff0000; ">ai ñ dá fic amuito caro</Text></Message><Message Date="24/01/2013" Time="15:15:09" DateTime="2013-01-24T17:15:09.871Z" SessionID="1"><From><User FriendlyName="Comercial l GRUPO GENESIS"/></From><To><User FriendlyName="Sarom Pereira Ribeiro"/></To><Text Style="font-family:Segoe UI; color:#000000; ">kedjiosejdkjsldmxsklamdoewijdojf</Text></Message><Message Date="24/01/2013" Time="15:15:30" DateTime="2013-01-24T17:15:30.764Z" SessionID="1"><From><User FriendlyName="Comercial l GRUPO GENESIS"/></From><To><User FriendlyName="Sarom Pereira Ribeiro"/></To><Text Style="font-family:Segoe UI; color:#000000; ">Senhor,pense comigo..</Text></Message><Message Date="24/01/2013" Time="15:17:25" DateTime="2013-01-24T17:17:25.108Z" SessionID="1"><From><User FriendlyName="Sarom Pereira Ribeiro"/></From><To><User FriendlyName="Comercial l GRUPO GENESIS"/></To><Text Style="font-family:Bell MT; color:#ff0000; ">hum</Text></Message><Message Date="24/01/2013" Time="15:20:20" DateTime="2013-01-24T17:20:20.451Z" SessionID="1"><From><User FriendlyName="Comercial l GRUPO GENESIS"/></From><To><User FriendlyName="Sarom Pereira Ribeiro"/></To><Text Style="font-family:Segoe UI; color:#000000; ">nós fazemos um serviço,não estamos comprando um produto..
se fosse uma caneta  se custasse 1.50 e cobrassem 1.0 real vc estaria ganhando 50 centavos 
Mas como é um Serviço,se fossem instalar um ar condicionado em sua casa,uma pessoa cobrou 100 e outra 300 reais,quem vc acha que vai trabalhar melhor??
oque cobrou 300 até o parafuso ia apertar melhor,e aquele que cobrou 100 pode ter saido até mais barato,mais com certeza daqui a pouco vai dar dor de cabeça,vai ter que trocar alguma peça e no final o barato sai caro..
Como acontece muito nesse ramo da captação hoje em dia...</Text></Message><Message Date="24/01/2013" Time="15:21:33" DateTime="2013-01-24T17:21:33.431Z" SessionID="1"><From><User FriendlyName="Sarom Pereira Ribeiro"/></From><To><User FriendlyName="Comercial l GRUPO GENESIS"/></To><Text Style="font-family:Bell MT; color:#ff0000; ">isso é verdade</Text></Message><Message Date="24/01/2013" Time="15:21:57" DateTime="2013-01-24T17:21:57.336Z" SessionID="1"><From><User FriendlyName="Sarom Pereira Ribeiro"/></From><To><User FriendlyName="Comercial l GRUPO GENESIS"/></To><Text Style="font-family:Bell MT; color:#ff0000; ">mais o negocio que to sem dinheiro pra investir</Text></Message><Message Date="24/01/2013" Time="15:27:48" DateTime="2013-01-24T17:27:48.207Z" SessionID="1"><From><User FriendlyName="Comercial l GRUPO GENESIS"/></From><To><User FriendlyName="Sarom Pereira Ribeiro"/></To><Text Style="font-family:Segoe UI; color:#000000; ">e oque poderiamos isentar então,pra fechar a parceria?</Text></Message><Message Date="24/01/2013" Time="15:34:44" DateTime="2013-01-24T17:34:44.052Z" SessionID="1"><From><User FriendlyName="Comercial l GRUPO GENESIS"/></From><To><User FriendlyName="Sarom Pereira Ribeiro"/></To><Text Style="font-family:Segoe UI; color:#000000; ">50 % da viagem de IDA
podemos isentar mais a alimentação completa</Text></Message><Message Date="24/01/2013" Time="15:35:05" DateTime="2013-01-24T17:35:05.304Z" SessionID="1"><From><User FriendlyName="Comercial l GRUPO GENESIS"/></From><To><User FriendlyName="Sarom Pereira Ribeiro"/></To><Text Style="font-family:Segoe UI; color:#000000; ">oque acha?</Text></Message><Message Date="24/01/2013" Time="15:38:21" DateTime="2013-01-24T17:38:21.433Z" SessionID="1"><From><User FriendlyName="Sarom Pereira Ribeiro"/></From><To><User FriendlyName="Comercial l GRUPO GENESIS"/></To><Text Style="font-family:Bell MT; color:#ff0000; ">vou entrar em contato com meu socio!!</Text></Message><Message Date="24/01/2013" Time="15:38:38" DateTime="2013-01-24T17:38:38.764Z" SessionID="1"><From><User FriendlyName="Sarom Pereira Ribeiro"/></From><To><User FriendlyName="Comercial l GRUPO GENESIS"/></To><Text Style="font-family:Bell MT; color:#ff0000; ">amanha ja falo pra vcs!</Text></Message><Message Date="24/01/2013" Time="15:39:28" DateTime="2013-01-24T17:39:28.857Z" SessionID="1"><From><User FriendlyName="Comercial l GRUPO GENESIS"/></From><To><User FriendlyName="Sarom Pereira Ribeiro"/></To><Text Style="font-family:Segoe UI; color:#000000; ">tabom</Text></Message><Message Date="24/01/2013" Time="15:39:35" DateTime="2013-01-24T17:39:35.846Z" SessionID="1"><From><User FriendlyName="Comercial l GRUPO GENESIS"/></From><To><User FriendlyName="Sarom Pereira Ribeiro"/></To><Text Style="font-family:Segoe UI; color:#000000; ">vou aguardar</Text></Message><Message Date="24/01/2013" Time="16:32:31" DateTime="2013-01-24T18:32:31.300Z" SessionID="1"><From><User FriendlyName="Comercial l GRUPO GENESIS"/></From><To><User FriendlyName="Sarom Pereira Ribeiro"/></To><Text Style="font-family:Segoe UI; color:#000000; ">Saron?qual o nome da sua escola?</Text></Message><Message Date="24/01/2013" Time="16:45:42" DateTime="2013-01-24T18:45:42.217Z" SessionID="1"><From><User FriendlyName="Sarom Pereira Ribeiro"/></From><To><User FriendlyName="Comercial l GRUPO GENESIS"/></To><Text Style="font-family:Bell MT; color:#ff0000; ">Sarom_Informática:Escola de Cursos Profissionalizantes</Text></Message><Message Date="24/01/2013" Time="16:52:49" DateTime="2013-01-24T18:52:49.562Z" SessionID="1"><From><User FriendlyName="Comercial l GRUPO GENESIS"/></From><To><User FriendlyName="Sarom Pereira Ribeiro"/></To><Text Style="font-family:Segoe UI; color:#000000; ">e qual cidade fica sua escola?</Text></Message><Message Date="24/01/2013" Time="16:55:41" DateTime="2013-01-24T18:55:41.035Z" SessionID="1"><From><User FriendlyName="Sarom Pereira Ribeiro"/></From><To><User FriendlyName="Comercial l GRUPO GENESIS"/></To><Text Style="font-family:Bell MT; color:#ff0000; ">em tocantins</Text></Message><Message Date="24/01/2013" Time="16:55:44" DateTime="2013-01-24T18:55:44.247Z" SessionID="1"><From><User FriendlyName="Sarom Pereira Ribeiro"/></From><To><User FriendlyName="Comercial l GRUPO GENESIS"/></To><Text Style="font-family:Bell MT; color:#ff0000; ">Alvorada</Text></Message><Message Date="01/02/2013" Time="11:12:14" DateTime="2013-02-01T13:12:14.231Z" SessionID="2"><From><User FriendlyName="Comercial l GRUPO GENESIS"/></From><To><User FriendlyName="Sarom Pereira Ribeiro"/></To><Text Style="font-family:Segoe UI; color:#000000; ">Ola</Text></Message><Message Date="01/02/2013" Time="11:12:16" DateTime="2013-02-01T13:12:16.011Z" SessionID="2"><From><User FriendlyName="Comercial l GRUPO GENESIS"/></From><To><User FriendlyName="Sarom Pereira Ribeiro"/></To><Text Style="font-family:Segoe UI; color:#000000; ">bom dia</Text></Message><Message Date="01/02/2013" Time="11:13:15" DateTime="2013-02-01T13:13:15.499Z" SessionID="2"><From><User FriendlyName="Sarom Pereira Ribeiro"/></From><To><User FriendlyName="Comercial l GRUPO GENESIS"/></To><Text Style="font-family:Segoe UI; color:#000000; ">bom dia</Text></Message><Message Date="01/02/2013" Time="11:13:30" DateTime="2013-02-01T13:13:30.707Z" SessionID="2"><From><User FriendlyName="Sarom Pereira Ribeiro"/></From><To><User FriendlyName="Comercial l GRUPO GENESIS"/></To><Text Style="font-family:Berlin Sans FB; color:#ff0000; ">tudo</Text></Message><Message Date="01/02/2013" Time="11:13:32" DateTime="2013-02-01T13:13:32.435Z" SessionID="2"><From><User FriendlyName="Sarom Pereira Ribeiro"/></From><To><User FriendlyName="Comercial l GRUPO GENESIS"/></To><Text Style="font-family:Berlin Sans FB; color:#ff0000; ">bemn</Text></Message><Message Date="01/02/2013" Time="11:13:49" DateTime="2013-02-01T13:13:49.547Z" SessionID="2"><From><User FriendlyName="Comercial l GRUPO GENESIS"/></From><To><User FriendlyName="Sarom Pereira Ribeiro"/></To><Text Style="font-family:Segoe UI; color:#000000; ">tudo ótimo </Text></Message><Message Date="01/02/2013" Time="11:13:53" DateTime="2013-02-01T13:13:53.541Z" SessionID="2"><From><User FriendlyName="Comercial l GRUPO GENESIS"/></From><To><User FriendlyName="Sarom Pereira Ribeiro"/></To><Text Style="font-family:Segoe UI; color:#000000; ">e vc como esta?</Text></Message><Message Date="01/02/2013" Time="11:14:34" DateTime="2013-02-01T13:14:34.561Z" SessionID="2"><From><User FriendlyName="Sarom Pereira Ribeiro"/></From><To><User FriendlyName="Comercial l GRUPO GENESIS"/></To><Text Style="font-family:Segoe UI; color:#000000; ">tudo otimooo</Text></Message><Message Date="01/02/2013" Time="11:14:44" DateTime="2013-02-01T13:14:44.903Z" SessionID="2"><From><User FriendlyName="Comercial l GRUPO GENESIS"/></From><To><User FriendlyName="Sarom Pereira Ribeiro"/></To><Text Style="font-family:Segoe UI; color:#000000; ">que bommmm</Text></Message><Message Date="01/02/2013" Time="11:14:49" DateTime="2013-02-01T13:14:49.009Z" SessionID="2"><From><User FriendlyName="Comercial l GRUPO GENESIS"/></From><To><User FriendlyName="Sarom Pereira Ribeiro"/></To><Text Style="font-family:Segoe UI; color:#000000; ">=)</Text></Message><Message Date="01/02/2013" Time="11:15:47" DateTime="2013-02-01T13:15:47.740Z" SessionID="2"><From><User FriendlyName="Comercial l GRUPO GENESIS"/></From><To><User FriendlyName="Sarom Pereira Ribeiro"/></To><Text Style="font-family:Segoe UI; color:#000000; ">Saron?voce ja resolveu se vai fazer a campanha?</Text></Message><Message Date="01/02/2013" Time="11:16:13" DateTime="2013-02-01T13:16:13.833Z" SessionID="2"><From><User FriendlyName="Comercial l GRUPO GENESIS"/></From><To><User FriendlyName="Sarom Pereira Ribeiro"/></To><Text Style="font-family:Segoe UI; color:#000000; ">voce me disse que ia falar com seu socio e me daria  a resposta e nao entrou em contato.</Text></Message><Message Date="08/02/2013" Time="11:23:02" DateTime="2013-02-08T13:23:02.125Z" SessionID="3"><From><User FriendlyName="Comercial l GRUPO GENESIS"/></From><To><User FriendlyName="Sarom Pereira Ribeiro"/></To><Text Style="font-family:Segoe UI; color:#000000; ">ola</Text></Message><Message Date="08/02/2013" Time="11:23:05" DateTime="2013-02-08T13:23:05.370Z" SessionID="3"><From><User FriendlyName="Comercial l GRUPO GENESIS"/></From><To><User FriendlyName="Sarom Pereira Ribeiro"/></To><Text Style="font-family:Segoe UI; color:#000000; ">bom dia</Text></Message><Message Date="07/05/2013" Time="15:29:46" DateTime="2013-05-07T18:29:46.646Z" SessionID="4"><From><User FriendlyName="Sarom Pereira Ribeiro"/></From><To><User FriendlyName="Comercial l GRUPO GENESIS"/></To><Text Style="font-family:Segoe UI; color:#000000; ">boa tarde</Text></Message><Message Date="07/05/2013" Time="15:30:17" DateTime="2013-05-07T18:30:17.266Z" SessionID="4"><From><User FriendlyName="Comercial l GRUPO GENESIS"/></From><To><User FriendlyName="Sarom Pereira Ribeiro"/></To><Text Style="font-family:Segoe UI; color:#000000; ">Olá</Text></Message><Message Date="07/05/2013" Time="15:30:19" DateTime="2013-05-07T18:30:19.513Z" SessionID="4"><From><User FriendlyName="Comercial l GRUPO GENESIS"/></From><To><User FriendlyName="Sarom Pereira Ribeiro"/></To><Text Style="font-family:Segoe UI; color:#000000; ">boa tarde</Text></Message><Message Date="07/05/2013" Time="15:30:25" DateTime="2013-05-07T18:30:25.191Z" SessionID="4"><From><User FriendlyName="Comercial l GRUPO GENESIS"/></From><To><User FriendlyName="Sarom Pereira Ribeiro"/></To><Text Style="font-family:Segoe UI; color:#000000; ">tudo bem?</Text></Message><Message Date="07/05/2013" Time="15:30:29" DateTime="2013-05-07T18:30:29.918Z" SessionID="4"><From><User FriendlyName="Sarom Pereira Ribeiro"/></From><To><User FriendlyName="Comercial l GRUPO GENESIS"/></To><Text Style="font-family:Segoe UI; color:#000000; ">tudo</Text></Message><Message Date="07/05/2013" Time="15:30:46" DateTime="2013-05-07T18:30:46.910Z" SessionID="4"><From><User FriendlyName="Sarom Pereira Ribeiro"/></From><To><User FriendlyName="Comercial l GRUPO GENESIS"/></To><Text Style="font-family:Segoe UI; color:#000000; ">eu sou dono de escola</Text></Message><Message Date="07/05/2013" Time="15:30:48" DateTime="2013-05-07T18:30:48.969Z" SessionID="4"><From><User FriendlyName="Comercial l GRUPO GENESIS"/></From><To><User FriendlyName="Sarom Pereira Ribeiro"/></To><Text Style="font-family:Segoe UI; color:#000000; ">que bom</Text></Message><Message Date="07/05/2013" Time="15:30:52" DateTime="2013-05-07T18:30:52.229Z" SessionID="4"><From><User FriendlyName="Sarom Pereira Ribeiro"/></From><To><User FriendlyName="Comercial l GRUPO GENESIS"/></To><Text Style="font-family:Segoe UI; color:#000000; ">ja falei com vcs</Text></Message><Message Date="07/05/2013" Time="15:30:56" DateTime="2013-05-07T18:30:56.753Z" SessionID="4"><From><User FriendlyName="Sarom Pereira Ribeiro"/></From><To><User FriendlyName="Comercial l GRUPO GENESIS"/></To><Text Style="font-family:Segoe UI; color:#000000; ">outra epoca</Text></Message><Message Date="07/05/2013" Time="15:31:00" DateTime="2013-05-07T18:31:00.388Z" SessionID="4"><From><User FriendlyName="Comercial l GRUPO GENESIS"/></From><To><User FriendlyName="Sarom Pereira Ribeiro"/></To><Text Style="font-family:Segoe UI; color:#000000; ">me lembro</Text></Message><Message Date="07/05/2013" Time="15:31:16" DateTime="2013-05-07T18:31:16.080Z" SessionID="4"><From><User FriendlyName="Sarom Pereira Ribeiro"/></From><To><User FriendlyName="Comercial l GRUPO GENESIS"/></To><Text Style="font-family:Segoe UI; color:#000000; ">so que ficou muito alto o cuso pra vcs virem aq na minha regiao</Text></Message><Message Date="07/05/2013" Time="15:31:44" DateTime="2013-05-07T18:31:44.973Z" SessionID="4"><From><User FriendlyName="Comercial l GRUPO GENESIS"/></From><To><User FriendlyName="Sarom Pereira Ribeiro"/></To><Text Style="font-family:Segoe UI; color:#000000; ">qual sua cidade?</Text></Message><Message Date="07/05/2013" Time="15:31:55" DateTime="2013-05-07T18:31:55.222Z" SessionID="4"><From><User FriendlyName="Sarom Pereira Ribeiro"/></From><To><User FriendlyName="Comercial l GRUPO GENESIS"/></To><Text Style="font-family:Segoe UI; color:#000000; ">Tocantins</Text></Message><Message Date="07/05/2013" Time="15:31:57" DateTime="2013-05-07T18:31:57.921Z" SessionID="4"><From><User FriendlyName="Sarom Pereira Ribeiro"/></From><To><User FriendlyName="Comercial l GRUPO GENESIS"/></To><Text Style="font-family:Segoe UI; color:#000000; ">Alvorada</Text></Message><Message Date="07/05/2013" Time="15:32:11" DateTime="2013-05-07T18:32:11.558Z" SessionID="4"><From><User FriendlyName="Comercial l GRUPO GENESIS"/></From><To><User FriendlyName="Sarom Pereira Ribeiro"/></To><Text Style="font-family:Segoe UI; color:#000000; ">sim,lembro</Text></Message><Message Date="07/05/2013" Time="15:33:20" DateTime="2013-05-07T18:33:20.980Z" SessionID="4"><From><User FriendlyName="Comercial l GRUPO GENESIS"/></From><To><User FriendlyName="Sarom Pereira Ribeiro"/></To><Text Style="font-family:Segoe UI; color:#000000; ">posso ajudar?</Text></Message><Message Date="07/05/2013" Time="15:36:10" DateTime="2013-05-07T18:36:10.922Z" SessionID="4"><From><User FriendlyName="Sarom Pereira Ribeiro"/></From><To><User FriendlyName="Comercial l GRUPO GENESIS"/></To><Text Style="font-family:Segoe UI; color:#000000; ">vcs tem equipe que vem pra esses lados em agosto?</Text></Message><Message Date="07/05/2013" Time="15:37:11" DateTime="2013-05-07T18:37:11.137Z" SessionID="4"><From><User FriendlyName="Comercial l GRUPO GENESIS"/></From><To><User FriendlyName="Sarom Pereira Ribeiro"/></To><Text Style="font-family:Segoe UI; color:#000000; ">Podemos fazer em agosto</Text></Message><Message Date="07/05/2013" Time="16:14:34" DateTime="2013-05-07T19:14:34.536Z" SessionID="4"><From><User FriendlyName="Comercial l GRUPO GENESIS"/></From><To><User FriendlyName="Sarom Pereira Ribeiro"/></To><Text Style="font-family:Segoe UI; color:#000000; ">OQUE acha?</Text></Message><Message Date="07/05/2013" Time="16:16:09" DateTime="2013-05-07T19:16:09.866Z" SessionID="4"><From><User FriendlyName="Sarom Pereira Ribeiro"/></From><To><User FriendlyName="Comercial l GRUPO GENESIS"/></To><Text Style="font-family:Segoe UI; color:#000000; ">sim mais o que acontece e que minha empresa tá começando agora</Text></Message><Message Date="07/05/2013" Time="16:16:28" DateTime="2013-05-07T19:16:28.284Z" SessionID="4"><From><User FriendlyName="Sarom Pereira Ribeiro"/></From><To><User FriendlyName="Comercial l GRUPO GENESIS"/></To><Text Style="font-family:Segoe UI; color:#000000; ">pra vir fazer so a minha escola fica muito caro</Text></Message><Message Date="07/05/2013" Time="16:16:29" DateTime="2013-05-07T19:16:29.735Z" SessionID="4"><From><User FriendlyName="Sarom Pereira Ribeiro"/></From><To><User FriendlyName="Comercial l GRUPO GENESIS"/></To><Text Style="font-family:Segoe UI; color:#000000; ">ñ</Text></Message><Message Date="07/05/2013" Time="16:21:46" DateTime="2013-05-07T19:21:46.616Z" SessionID="4"><From><User FriendlyName="Comercial l GRUPO GENESIS"/></From><To><User FriendlyName="Sarom Pereira Ribeiro"/></To><Text Style="font-family:Segoe UI; color:#000000; ">realmente a passagem aérea daria um gasto.Mais voce tem alguma escola para indicar,podemos rachar o gasto dessa passagem com essa escola</Text></Message></Log>
