<?xml version="1.0"?>
<?xml-stylesheet type='text/xsl' href='MessageLog.xsl'?>
<Log FirstSessionID="1" LastSessionID="1"><Message Date="15/01/2013" Time="14:52:21" DateTime="2013-01-15T16:52:21.979Z" SessionID="1"><From><User FriendlyName="Comercial l GRUPO GENESIS"/></From><To><User FriendlyName="Sirlei Yes Bras Camboriu SC"/></To><Text Style="font-family:Segoe UI; color:#000000; ">ola</Text></Message><Message Date="15/01/2013" Time="14:52:24" DateTime="2013-01-15T16:52:24.669Z" SessionID="1"><From><User FriendlyName="Comercial l GRUPO GENESIS"/></From><To><User FriendlyName="Sirlei Yes Bras Camboriu SC"/></To><Text Style="font-family:Segoe UI; color:#000000; ">boa tarde</Text></Message></Log>
