<?xml version="1.0"?>
<?xml-stylesheet type='text/xsl' href='MessageLog.xsl'?>
<Log FirstSessionID="1" LastSessionID="4"><Message Date="17/01/2013" Time="16:02:36" DateTime="2013-01-17T18:02:36.808Z" SessionID="1"><From><User FriendlyName="Comercial l GRUPO GENESIS"/></From><To><User FriendlyName="INSTITUTO SOS"/></To><Text Style="font-family:Segoe UI; color:#000000; ">ola</Text></Message><Message Date="17/01/2013" Time="16:02:39" DateTime="2013-01-17T18:02:39.366Z" SessionID="1"><From><User FriendlyName="Comercial l GRUPO GENESIS"/></From><To><User FriendlyName="INSTITUTO SOS"/></To><Text Style="font-family:Segoe UI; color:#000000; ">boa tarde</Text></Message><Message Date="09/04/2013" Time="09:24:43" DateTime="2013-04-09T12:24:43.928Z" SessionID="2"><From><User FriendlyName="Comercial l GRUPO GENESIS"/></From><To><User FriendlyName="INSTITUTO SOS"/></To><Text Style="font-family:Segoe UI; color:#000000; ">Oi</Text></Message><Message Date="09/04/2013" Time="09:24:45" DateTime="2013-04-09T12:24:45.878Z" SessionID="2"><From><User FriendlyName="Comercial l GRUPO GENESIS"/></From><To><User FriendlyName="INSTITUTO SOS"/></To><Text Style="font-family:Segoe UI; color:#000000; ">bom dia</Text></Message><Message Date="17/04/2013" Time="15:49:27" DateTime="2013-04-17T18:49:27.075Z" SessionID="3"><From><User FriendlyName="Comercial l GRUPO GENESIS"/></From><To><User FriendlyName="INSTITUTO SOS"/></To><Text Style="font-family:Segoe UI; color:#000000; ">Ola</Text></Message><Message Date="17/04/2013" Time="15:49:30" DateTime="2013-04-17T18:49:30.913Z" SessionID="3"><From><User FriendlyName="Comercial l GRUPO GENESIS"/></From><To><User FriendlyName="INSTITUTO SOS"/></To><Text Style="font-family:Segoe UI; color:#000000; ">boa tardee</Text></Message><Message Date="30/04/2013" Time="13:33:22" DateTime="2013-04-30T16:33:22.438Z" SessionID="4"><From><User FriendlyName="Comercial l GRUPO GENESIS"/></From><To><User FriendlyName="INSTITUTO SOS"/></To><Text Style="font-family:Segoe UI; color:#000000; ">OLAAA</Text></Message><Message Date="30/04/2013" Time="13:33:26" DateTime="2013-04-30T16:33:26.416Z" SessionID="4"><From><User FriendlyName="Comercial l GRUPO GENESIS"/></From><To><User FriendlyName="INSTITUTO SOS"/></To><Text Style="font-family:Segoe UI; color:#000000; ">BOAA TARDEEE</Text></Message></Log>
