<?xml version="1.0"?>
<?xml-stylesheet type='text/xsl' href='MessageLog.xsl'?>
<Log FirstSessionID="1" LastSessionID="3"><Message Date="28/01/2013" Time="09:05:41" DateTime="2013-01-28T11:05:41.082Z" SessionID="1"><From><User FriendlyName="Comercial l GRUPO GENESIS"/></From><To><User FriendlyName="[b]Bruna - Star Info Treinamentos - Bento Gonçalves[/b]"/></To><Text Style="font-family:Segoe UI; color:#000000; ">ola</Text></Message><Message Date="28/01/2013" Time="09:05:44" DateTime="2013-01-28T11:05:44.532Z" SessionID="1"><From><User FriendlyName="Comercial l GRUPO GENESIS"/></From><To><User FriendlyName="[b]Bruna - Star Info Treinamentos - Bento Gonçalves[/b]"/></To><Text Style="font-family:Segoe UI; color:#000000; ">Bom dia</Text></Message><Message Date="30/01/2013" Time="09:28:37" DateTime="2013-01-30T11:28:37.445Z" SessionID="2"><From><User FriendlyName="Comercial l GRUPO GENESIS"/></From><To><User FriendlyName="[b]Bruna - Star Info Treinamentos - Bento Gonçalves[/b]"/></To><Text Style="font-family:Segoe UI; color:#000000; ">Ola</Text></Message><Message Date="30/01/2013" Time="09:28:40" DateTime="2013-01-30T11:28:40.675Z" SessionID="2"><From><User FriendlyName="Comercial l GRUPO GENESIS"/></From><To><User FriendlyName="[b]Bruna - Star Info Treinamentos - Bento Gonçalves[/b]"/></To><Text Style="font-family:Segoe UI; color:#000000; ">Bom Dia</Text></Message><Message Date="09/04/2013" Time="09:26:41" DateTime="2013-04-09T12:26:41.549Z" SessionID="3"><From><User FriendlyName="Comercial l GRUPO GENESIS"/></From><To><User FriendlyName="[b]Bruna - Star Info Treinamentos - Bento Gonçalves[/b]"/></To><Text Style="font-family:Segoe UI; color:#000000; ">Oi</Text></Message><Message Date="09/04/2013" Time="09:26:43" DateTime="2013-04-09T12:26:43.577Z" SessionID="3"><From><User FriendlyName="Comercial l GRUPO GENESIS"/></From><To><User FriendlyName="[b]Bruna - Star Info Treinamentos - Bento Gonçalves[/b]"/></To><Text Style="font-family:Segoe UI; color:#000000; ">bom dia</Text></Message><Message Date="09/04/2013" Time="09:27:28" DateTime="2013-04-09T12:27:28.101Z" SessionID="3"><From><User FriendlyName="[b]Bruna - Star Info Treinamentos - Bento Gonçalves[/b]"/></From><To><User FriendlyName="Comercial l GRUPO GENESIS"/></To><Text Style="font-family:Segoe UI; color:#000000; ">Oi</Text></Message><Message Date="09/04/2013" Time="09:27:29" DateTime="2013-04-09T12:27:29.161Z" SessionID="3"><From><User FriendlyName="[b]Bruna - Star Info Treinamentos - Bento Gonçalves[/b]"/></From><To><User FriendlyName="Comercial l GRUPO GENESIS"/></To><Text Style="font-family:Segoe UI; color:#000000; ">Bom dia</Text></Message><Message Date="09/04/2013" Time="09:27:44" DateTime="2013-04-09T12:27:44.695Z" SessionID="3"><From><User FriendlyName="Comercial l GRUPO GENESIS"/></From><To><User FriendlyName="[b]Bruna - Star Info Treinamentos - Bento Gonçalves[/b]"/></To><Text Style="font-family:Segoe UI; color:#000000; ">tudo bem?</Text></Message><Message Date="09/04/2013" Time="09:29:23" DateTime="2013-04-09T12:29:23.252Z" SessionID="3"><From><User FriendlyName="[b]Bruna - Star Info Treinamentos - Bento Gonçalves[/b]"/></From><To><User FriendlyName="Comercial l GRUPO GENESIS"/></To><Text Style="font-family:Segoe UI; color:#000000; ">td</Text></Message><Message Date="09/04/2013" Time="09:29:30" DateTime="2013-04-09T12:29:30.656Z" SessionID="3"><From><User FriendlyName="Comercial l GRUPO GENESIS"/></From><To><User FriendlyName="[b]Bruna - Star Info Treinamentos - Bento Gonçalves[/b]"/></To><Text Style="font-family:Segoe UI; color:#000000; ">que bom</Text></Message><Message Date="09/04/2013" Time="09:30:05" DateTime="2013-04-09T12:30:05.979Z" SessionID="3"><From><User FriendlyName="Comercial l GRUPO GENESIS"/></From><To><User FriendlyName="[b]Bruna - Star Info Treinamentos - Bento Gonçalves[/b]"/></To><Text Style="font-family:Segoe UI; color:#000000; "> Voce ja agendou uma data pra campanha esse ano?</Text></Message><Message Date="09/04/2013" Time="09:31:00" DateTime="2013-04-09T12:31:00.404Z" SessionID="3"><From><User FriendlyName="[b]Bruna - Star Info Treinamentos - Bento Gonçalves[/b]"/></From><To><User FriendlyName="Comercial l GRUPO GENESIS"/></To><Text Style="font-family:Segoe UI; color:#000000; ">não, começamos fazendo nossa própria campanha esse ano</Text></Message><Message Date="09/04/2013" Time="09:35:08" DateTime="2013-04-09T12:35:08.588Z" SessionID="3"><From><User FriendlyName="Comercial l GRUPO GENESIS"/></From><To><User FriendlyName="[b]Bruna - Star Info Treinamentos - Bento Gonçalves[/b]"/></To><Text Style="font-family:Segoe UI; color:#000000; ">Entendo,mais os clientes fidelidade tem que fazer ao menos 1 vez campanha por ano com a EDUCA GENESIS.
</Text></Message><Message Date="09/04/2013" Time="09:38:32" DateTime="2013-04-09T12:38:32.824Z" SessionID="3"><From><User FriendlyName="[b]Bruna - Star Info Treinamentos - Bento Gonçalves[/b]"/></From><To><User FriendlyName="Comercial l GRUPO GENESIS"/></To><Text Style="font-family:Segoe UI; color:#000000; ">como? vc está me dizendo que sou obrigada a fazer campanha com vcs?</Text></Message><Message Date="09/04/2013" Time="10:18:35" DateTime="2013-04-09T13:18:35.729Z" SessionID="3"><From><User FriendlyName="Comercial l GRUPO GENESIS"/></From><To><User FriendlyName="[b]Bruna - Star Info Treinamentos - Bento Gonçalves[/b]"/></To><Text Style="font-family:Segoe UI; color:#000000; ">Não,obrigada não</Text></Message><Message Date="09/04/2013" Time="10:18:53" DateTime="2013-04-09T13:18:53.700Z" SessionID="3"><From><User FriendlyName="Comercial l GRUPO GENESIS"/></From><To><User FriendlyName="[b]Bruna - Star Info Treinamentos - Bento Gonçalves[/b]"/></To><Text Style="font-family:Segoe UI; color:#000000; ">só que os clientes educa genesis fazem 1 a 2 campanhas por ano</Text></Message><Message Date="09/04/2013" Time="10:19:40" DateTime="2013-04-09T13:19:40.547Z" SessionID="3"><From><User FriendlyName="Comercial l GRUPO GENESIS"/></From><To><User FriendlyName="[b]Bruna - Star Info Treinamentos - Bento Gonçalves[/b]"/></To><Text Style="font-family:Segoe UI; color:#000000; ">como vc sabe,temos um padrao de só atender 1 escola por cidade
e nossos clientes tem que ter padroes com nossa empresa tambem</Text></Message></Log>
