<?xml version="1.0"?>
<?xml-stylesheet type='text/xsl' href='MessageLog.xsl'?>
<Log FirstSessionID="1" LastSessionID="1"><Message Date="29/01/2013" Time="14:30:31" DateTime="2013-01-29T16:30:31.911Z" SessionID="1"><From><User FriendlyName="Comercial l GRUPO GENESIS"/></From><To><User FriendlyName="Julio ST INFOf. PITANGA PR"/></To><Text Style="font-family:Segoe UI; color:#000000; ">ola</Text></Message><Message Date="29/01/2013" Time="14:30:36" DateTime="2013-01-29T16:30:36.291Z" SessionID="1"><From><User FriendlyName="Comercial l GRUPO GENESIS"/></From><To><User FriendlyName="Julio ST INFOf. PITANGA PR"/></To><Text Style="font-family:Segoe UI; color:#000000; ">tudo bem?</Text></Message><Message Date="29/01/2013" Time="14:33:06" DateTime="2013-01-29T16:33:06.751Z" SessionID="1"><From><User FriendlyName="Julio ST INFOf. PITANGA PR"/></From><To><User FriendlyName="Comercial l GRUPO GENESIS"/></To><Text>boa tarde! td bem.</Text></Message><Message Date="29/01/2013" Time="14:33:51" DateTime="2013-01-29T16:33:51.046Z" SessionID="1"><From><User FriendlyName="Comercial l GRUPO GENESIS"/></From><To><User FriendlyName="Julio ST INFOf. PITANGA PR"/></To><Text Style="font-family:Segoe UI; color:#000000; ">que bom</Text></Message><Message Date="29/01/2013" Time="14:35:36" DateTime="2013-01-29T16:35:36.169Z" SessionID="1"><From><User FriendlyName="Comercial l GRUPO GENESIS"/></From><To><User FriendlyName="Julio ST INFOf. PITANGA PR"/></To><Text Style="font-family:Segoe UI; color:#000000; ">ja agendou sua campanha para esse ano?</Text></Message><Message Date="29/01/2013" Time="14:37:08" DateTime="2013-01-29T16:37:08.538Z" SessionID="1"><From><User FriendlyName="Julio ST INFOf. PITANGA PR"/></From><To><User FriendlyName="Comercial l GRUPO GENESIS"/></To><Text>sobre?</Text></Message><Message Date="29/01/2013" Time="14:37:28" DateTime="2013-01-29T16:37:28.088Z" SessionID="1"><From><User FriendlyName="Julio ST INFOf. PITANGA PR"/></From><To><User FriendlyName="Comercial l GRUPO GENESIS"/></To><Text>ADICIONE ai.. a gerente da empresa/Administradora</Text></Message><Message Date="29/01/2013" Time="14:37:33" DateTime="2013-01-29T16:37:33.246Z" SessionID="1"><From><User FriendlyName="Julio ST INFOf. PITANGA PR"/></From><To><User FriendlyName="Comercial l GRUPO GENESIS"/></To><Text>Joseli - 42 3646-3515</Text></Message><Message Date="29/01/2013" Time="14:37:41" DateTime="2013-01-29T16:37:41.278Z" SessionID="1"><From><User FriendlyName="Julio ST INFOf. PITANGA PR"/></From><To><User FriendlyName="Comercial l GRUPO GENESIS"/></To><Text>SKYPE: santosurbano</Text></Message><Message Date="29/01/2013" Time="14:38:17" DateTime="2013-01-29T16:38:17.817Z" SessionID="1"><From><User FriendlyName="Julio ST INFOf. PITANGA PR"/></From><To><User FriendlyName="Comercial l GRUPO GENESIS"/></To><Text>Eu sou funcionario publico e não posso estar tratando de assuntos particulares aqui no trabalho..</Text></Message><Message Date="29/01/2013" Time="14:38:27" DateTime="2013-01-29T16:38:27.914Z" SessionID="1"><From><User FriendlyName="Julio ST INFOf. PITANGA PR"/></From><To><User FriendlyName="Comercial l GRUPO GENESIS"/></To><Text>fico agradecido se puder adicionar a Joseli</Text></Message><Message Date="29/01/2013" Time="14:38:37" DateTime="2013-01-29T16:38:37.534Z" SessionID="1"><From><User FriendlyName="Comercial l GRUPO GENESIS"/></From><To><User FriendlyName="Julio ST INFOf. PITANGA PR"/></To><Text Style="font-family:Segoe UI; color:#000000; ">ela tem msn?</Text></Message><Message Date="29/01/2013" Time="14:38:55" DateTime="2013-01-29T16:38:55.981Z" SessionID="1"><From><User FriendlyName="Comercial l GRUPO GENESIS"/></From><To><User FriendlyName="Julio ST INFOf. PITANGA PR"/></To><Text Style="font-family:Segoe UI; color:#000000; ">pq ainda nao estou usando o skype</Text></Message><Message Date="29/01/2013" Time="14:39:02" DateTime="2013-01-29T16:39:02.099Z" SessionID="1"><From><User FriendlyName="Julio ST INFOf. PITANGA PR"/></From><To><User FriendlyName="Comercial l GRUPO GENESIS"/></To><Text>joseli_correia@hotmail.com</Text></Message><Message Date="29/01/2013" Time="14:39:15" DateTime="2013-01-29T16:39:15.427Z" SessionID="1"><From><User FriendlyName="Comercial l GRUPO GENESIS"/></From><To><User FriendlyName="Julio ST INFOf. PITANGA PR"/></To><Text Style="font-family:Segoe UI; color:#000000; ">sim,obrigado</Text></Message><Message Date="29/01/2013" Time="14:39:24" DateTime="2013-01-29T16:39:24.221Z" SessionID="1"><From><User FriendlyName="Comercial l GRUPO GENESIS"/></From><To><User FriendlyName="Julio ST INFOf. PITANGA PR"/></To><Text Style="font-family:Segoe UI; color:#000000; ">vou entrar em contato com ela</Text></Message><Message Date="29/01/2013" Time="14:39:27" DateTime="2013-01-29T16:39:27.733Z" SessionID="1"><From><User FriendlyName="Comercial l GRUPO GENESIS"/></From><To><User FriendlyName="Julio ST INFOf. PITANGA PR"/></To><Text Style="font-family:Segoe UI; color:#000000; ">uma boa tarde</Text></Message></Log>
