<?xml version="1.0"?>
<?xml-stylesheet type='text/xsl' href='MessageLog.xsl'?>
<Log FirstSessionID="1" LastSessionID="1"><Message Date="22/01/2013" Time="11:40:05" DateTime="2013-01-22T13:40:05.803Z" SessionID="1"><From><User FriendlyName="Comercial l GRUPO GENESIS"/></From><To><User FriendlyName="Tavares"/></To><Text Style="font-family:Segoe UI; color:#000000; ">ola</Text></Message><Message Date="22/01/2013" Time="11:40:07" DateTime="2013-01-22T13:40:07.803Z" SessionID="1"><From><User FriendlyName="Comercial l GRUPO GENESIS"/></From><To><User FriendlyName="Tavares"/></To><Text Style="font-family:Segoe UI; color:#000000; ">bom dia</Text></Message></Log>
