<?xml version="1.0"?>
<?xml-stylesheet type='text/xsl' href='MessageLog.xsl'?>
<Log FirstSessionID="1" LastSessionID="3"><Message Date="28/01/2013" Time="09:06:52" DateTime="2013-01-28T11:06:52.375Z" SessionID="1"><From><User FriendlyName="Comercial l GRUPO GENESIS"/></From><To><User FriendlyName="Techinfo Informática - Escola ROGÉRIO"/></To><Text Style="font-family:Segoe UI; color:#000000; ">ola</Text></Message><Message Date="28/01/2013" Time="09:06:55" DateTime="2013-01-28T11:06:55.261Z" SessionID="1"><From><User FriendlyName="Comercial l GRUPO GENESIS"/></From><To><User FriendlyName="Techinfo Informática - Escola ROGÉRIO"/></To><Text Style="font-family:Segoe UI; color:#000000; ">Bom dia</Text></Message><Message Date="28/01/2013" Time="14:57:52" DateTime="2013-01-28T16:57:52.963Z" SessionID="2"><From><User FriendlyName="Comercial l GRUPO GENESIS"/></From><To><User FriendlyName="Techinfo Informática - Escola ROGÉRIO"/></To><Text Style="font-family:Segoe UI; color:#000000; ">ola rogerio</Text></Message><Message Date="28/01/2013" Time="14:57:55" DateTime="2013-01-28T16:57:55.609Z" SessionID="2"><From><User FriendlyName="Comercial l GRUPO GENESIS"/></From><To><User FriendlyName="Techinfo Informática - Escola ROGÉRIO"/></To><Text Style="font-family:Segoe UI; color:#000000; ">tudo bem?</Text></Message><Message Date="30/04/2013" Time="10:23:35" DateTime="2013-04-30T13:23:35.736Z" SessionID="3"><From><User FriendlyName="Comercial l GRUPO GENESIS"/></From><To><User FriendlyName="Techinfo Informática - Escola ROGÉRIO"/></To><Text Style="font-family:Segoe UI; color:#000000; ">Oi bom dia</Text></Message><Message Date="30/04/2013" Time="11:22:54" DateTime="2013-04-30T14:22:54.451Z" SessionID="3"><From><User FriendlyName="Techinfo Informática - Escola ROGÉRIO"/></From><To><User FriendlyName="Comercial l GRUPO GENESIS"/></To><Text>Bom Dia</Text></Message><Message Date="30/04/2013" Time="11:23:04" DateTime="2013-04-30T14:23:04.198Z" SessionID="3"><From><User FriendlyName="Comercial l GRUPO GENESIS"/></From><To><User FriendlyName="Techinfo Informática - Escola ROGÉRIO"/></To><Text Style="font-family:Segoe UI; color:#000000; ">tudo bem?</Text></Message><Message Date="30/04/2013" Time="13:30:48" DateTime="2013-04-30T16:30:48.859Z" SessionID="3"><From><User FriendlyName="Comercial l GRUPO GENESIS"/></From><To><User FriendlyName="Techinfo Informática - Escola ROGÉRIO"/></To><Text Style="font-family:Segoe UI; color:#000000; ">?</Text></Message></Log>
