<?xml version="1.0"?>
<?xml-stylesheet type='text/xsl' href='MessageLog.xsl'?>
<Log FirstSessionID="1" LastSessionID="1"><Message Date="22/01/2013" Time="11:29:51" DateTime="2013-01-22T13:29:51.891Z" SessionID="1"><From><User FriendlyName="Comercial l GRUPO GENESIS"/></From><To><User FriendlyName="Technos Porto União - SC achou caro"/></To><Text Style="font-family:Segoe UI; color:#000000; ">ola</Text></Message><Message Date="22/01/2013" Time="11:29:53" DateTime="2013-01-22T13:29:53.921Z" SessionID="1"><From><User FriendlyName="Comercial l GRUPO GENESIS"/></From><To><User FriendlyName="Technos Porto União - SC achou caro"/></To><Text Style="font-family:Segoe UI; color:#000000; ">bom dia</Text></Message><Message Date="22/01/2013" Time="11:30:41" DateTime="2013-01-22T13:30:41.417Z" SessionID="1"><From><User FriendlyName="Technos Porto União - SC achou caro"/></From><To><User FriendlyName="Comercial l GRUPO GENESIS"/></To><Text>bom dia</Text></Message><Message Date="22/01/2013" Time="11:31:45" DateTime="2013-01-22T13:31:45.272Z" SessionID="1"><From><User FriendlyName="Comercial l GRUPO GENESIS"/></From><To><User FriendlyName="Technos Porto União - SC achou caro"/></To><Text Style="font-family:Segoe UI; color:#000000; ">tudo bem?</Text></Message><Message Date="22/01/2013" Time="13:58:51" DateTime="2013-01-22T15:58:51.185Z" SessionID="1"><From><User FriendlyName="Comercial l GRUPO GENESIS"/></From><To><User FriendlyName="Technos Porto União - SC achou caro"/></To><Text Style="font-family:Segoe UI; color:#000000; ">tudo bem?</Text></Message><Message Date="22/01/2013" Time="13:59:01" DateTime="2013-01-22T15:59:01.695Z" SessionID="1"><From><User FriendlyName="Technos Porto União - SC achou caro"/></From><To><User FriendlyName="Comercial l GRUPO GENESIS"/></To><Text>td bem</Text></Message><Message Date="22/01/2013" Time="13:59:27" DateTime="2013-01-22T15:59:27.682Z" SessionID="1"><From><User FriendlyName="Comercial l GRUPO GENESIS"/></From><To><User FriendlyName="Technos Porto União - SC achou caro"/></To><Text Style="font-family:Segoe UI; color:#000000; ">que bom</Text></Message><Message Date="22/01/2013" Time="14:57:57" DateTime="2013-01-22T16:57:57.158Z" SessionID="1"><From><User FriendlyName="Comercial l GRUPO GENESIS"/></From><To><User FriendlyName="Technos Porto União - SC achou caro"/></To><Text Style="font-family:Segoe UI; color:#000000; ">ja agendou sua campanha para o primeiro semestre de 2013?</Text></Message><Message Date="22/01/2013" Time="15:02:02" DateTime="2013-01-22T17:02:02.337Z" SessionID="1"><From><User FriendlyName="Technos Porto União - SC achou caro"/></From><To><User FriendlyName="Comercial l GRUPO GENESIS"/></To><Text>nãicao trabalho mais com escola de inforat</Text></Message><Message Date="22/01/2013" Time="15:02:12" DateTime="2013-01-22T17:02:12.613Z" SessionID="1"><From><User FriendlyName="Technos Porto União - SC achou caro"/></From><To><User FriendlyName="Comercial l GRUPO GENESIS"/></To><Text>informatica</Text></Message><Message Date="22/01/2013" Time="15:04:59" DateTime="2013-01-22T17:04:59.760Z" SessionID="1"><From><User FriendlyName="Comercial l GRUPO GENESIS"/></From><To><User FriendlyName="Technos Porto União - SC achou caro"/></To><Text Style="font-family:Segoe UI; color:#000000; ">hum</Text></Message><Message Date="22/01/2013" Time="15:05:02" DateTime="2013-01-22T17:05:02.310Z" SessionID="1"><From><User FriendlyName="Comercial l GRUPO GENESIS"/></From><To><User FriendlyName="Technos Porto União - SC achou caro"/></To><Text Style="font-family:Segoe UI; color:#000000; ">nao sabia</Text></Message><Message Date="22/01/2013" Time="15:05:10" DateTime="2013-01-22T17:05:10.571Z" SessionID="1"><From><User FriendlyName="Comercial l GRUPO GENESIS"/></From><To><User FriendlyName="Technos Porto União - SC achou caro"/></To><Text Style="font-family:Segoe UI; color:#000000; ">obrigado pela atenção</Text></Message></Log>
