<?xml version="1.0"?>
<?xml-stylesheet type='text/xsl' href='MessageLog.xsl'?>
<Log FirstSessionID="1" LastSessionID="2"><Message Date="16/01/2013" Time="14:40:17" DateTime="2013-01-16T16:40:17.371Z" SessionID="1"><From><User FriendlyName="Comercial l GRUPO GENESIS"/></From><To><User FriendlyName="Aleks Indicado Ana Cristina Interact"/></To><Text Style="font-family:Segoe UI; color:#000000; ">ola</Text></Message><Message Date="16/01/2013" Time="14:40:20" DateTime="2013-01-16T16:40:20.708Z" SessionID="1"><From><User FriendlyName="Comercial l GRUPO GENESIS"/></From><To><User FriendlyName="Aleks Indicado Ana Cristina Interact"/></To><Text Style="font-family:Segoe UI; color:#000000; ">tudo bem?</Text></Message><Message Date="13/02/2013" Time="14:08:11" DateTime="2013-02-13T17:08:11.871Z" SessionID="2"><From><User FriendlyName="Comercial l GRUPO GENESIS"/></From><To><User FriendlyName="Aleks Indicado Ana Cristina Interact"/></To><Text Style="font-family:Segoe UI; color:#000000; ">ooi</Text></Message></Log>
