<?xml version="1.0"?>
<?xml-stylesheet type='text/xsl' href='MessageLog.xsl'?>
<Log FirstSessionID="1" LastSessionID="1"><Message Date="07/02/2013" Time="08:37:08" DateTime="2013-02-07T10:37:08.438Z" SessionID="1"><From><User FriendlyName="Comercial l GRUPO GENESIS"/></From><To><User FriendlyName="Thiago Junio"/></To><Text Style="font-family:Segoe UI; color:#000000; ">ola</Text></Message><Message Date="07/02/2013" Time="08:37:10" DateTime="2013-02-07T10:37:10.178Z" SessionID="1"><From><User FriendlyName="Comercial l GRUPO GENESIS"/></From><To><User FriendlyName="Thiago Junio"/></To><Text Style="font-family:Segoe UI; color:#000000; ">bom dia</Text></Message><Message Date="07/02/2013" Time="08:37:31" DateTime="2013-02-07T10:37:31.558Z" SessionID="1"><From><User FriendlyName="Comercial l GRUPO GENESIS"/></From><To><User FriendlyName="Thiago Junio"/></To><Text Style="font-family:Segoe UI; color:#000000; ">podemos conversar?</Text></Message></Log>
