<?xml version="1.0"?>
<?xml-stylesheet type='text/xsl' href='MessageLog.xsl'?>
<Log FirstSessionID="1" LastSessionID="4"><Message Date="25/01/2013" Time="09:58:48" DateTime="2013-01-25T11:58:48.999Z" SessionID="1"><From><User FriendlyName="Comercial l GRUPO GENESIS"/></From><To><User FriendlyName="Nilton - ES ind. Ana"/></To><Text Style="font-family:Segoe UI; color:#000000; ">Ola</Text></Message><Message Date="25/01/2013" Time="09:58:51" DateTime="2013-01-25T11:58:51.931Z" SessionID="1"><From><User FriendlyName="Comercial l GRUPO GENESIS"/></From><To><User FriendlyName="Nilton - ES ind. Ana"/></To><Text Style="font-family:Segoe UI; color:#000000; ">Bom Dia</Text></Message><Message Date="06/03/2013" Time="17:35:27" DateTime="2013-03-06T20:35:27.486Z" SessionID="2"><From><User FriendlyName="Comercial l GRUPO GENESIS"/></From><To><User FriendlyName="Nilton - ES ind. Ana"/></To><Text Style="font-family:Segoe UI; color:#000000; ">Oi</Text></Message><Message Date="06/03/2013" Time="17:35:31" DateTime="2013-03-06T20:35:31.838Z" SessionID="2"><From><User FriendlyName="Comercial l GRUPO GENESIS"/></From><To><User FriendlyName="Nilton - ES ind. Ana"/></To><Text Style="font-family:Segoe UI; color:#000000; ">Boa tarde</Text></Message><Message Date="14/03/2013" Time="14:45:16" DateTime="2013-03-14T17:45:16.359Z" SessionID="3"><From><User FriendlyName="Comercial l GRUPO GENESIS"/></From><To><User FriendlyName="Nilton - ES ind. Ana"/></To><Text Style="font-family:Segoe UI; color:#000000; ">Oii</Text></Message><Message Date="14/03/2013" Time="14:45:23" DateTime="2013-03-14T17:45:23.504Z" SessionID="3"><From><User FriendlyName="Comercial l GRUPO GENESIS"/></From><To><User FriendlyName="Nilton - ES ind. Ana"/></To><Text Style="font-family:Segoe UI; color:#000000; ">boz tarde</Text></Message><Message Date="19/03/2013" Time="13:37:44" DateTime="2013-03-19T16:37:44.139Z" SessionID="4"><From><User FriendlyName="Comercial l GRUPO GENESIS"/></From><To><User FriendlyName="Nilton - ES ind. Ana"/></To><Text Style="font-family:Segoe UI; color:#000000; ">Oi</Text></Message><Message Date="19/03/2013" Time="13:37:46" DateTime="2013-03-19T16:37:46.942Z" SessionID="4"><From><User FriendlyName="Comercial l GRUPO GENESIS"/></From><To><User FriendlyName="Nilton - ES ind. Ana"/></To><Text Style="font-family:Segoe UI; color:#000000; ">Boa tarde</Text></Message><Message Date="19/03/2013" Time="13:37:56" DateTime="2013-03-19T16:37:56.087Z" SessionID="4"><From><User FriendlyName="Nilton - ES ind. Ana"/></From><To><User FriendlyName="Comercial l GRUPO GENESIS"/></To><Text Style="font-family:Segoe UI; color:#000000; ">boa tarde</Text></Message><Message Date="19/03/2013" Time="13:38:41" DateTime="2013-03-19T16:38:41.046Z" SessionID="4"><From><User FriendlyName="Nilton - ES ind. Ana"/></From><To><User FriendlyName="Comercial l GRUPO GENESIS"/></To><Text Style="font-family:Segoe UI; color:#000000; ">com eu estou falando?</Text></Message><Message Date="19/03/2013" Time="13:39:00" DateTime="2013-03-19T16:39:00.757Z" SessionID="4"><From><User FriendlyName="Comercial l GRUPO GENESIS"/></From><To><User FriendlyName="Nilton - ES ind. Ana"/></To><Text Style="font-family:Segoe UI; color:#000000; ">Daiana</Text></Message><Message Date="19/03/2013" Time="13:39:08" DateTime="2013-03-19T16:39:08.278Z" SessionID="4"><From><User FriendlyName="Comercial l GRUPO GENESIS"/></From><To><User FriendlyName="Nilton - ES ind. Ana"/></To><Text Style="font-family:Segoe UI; color:#000000; ">tudo bem?</Text></Message><Message Date="19/03/2013" Time="13:39:30" DateTime="2013-03-19T16:39:30.564Z" SessionID="4"><From><User FriendlyName="Nilton - ES ind. Ana"/></From><To><User FriendlyName="Comercial l GRUPO GENESIS"/></To><Text Style="font-family:Segoe UI; color:#000000; ">tudo bem</Text></Message><Message Date="19/03/2013" Time="13:39:46" DateTime="2013-03-19T16:39:46.604Z" SessionID="4"><From><User FriendlyName="Comercial l GRUPO GENESIS"/></From><To><User FriendlyName="Nilton - ES ind. Ana"/></To><Text Style="font-family:Segoe UI; color:#000000; ">que bom</Text></Message><Message Date="19/03/2013" Time="13:40:24" DateTime="2013-03-19T16:40:24.717Z" SessionID="4"><From><User FriendlyName="Nilton - ES ind. Ana"/></From><To><User FriendlyName="Comercial l GRUPO GENESIS"/></To><Text Style="font-family:Segoe UI; color:#000000; ">aqui é o Nilson, gostaria de saber sobre seu trabalho</Text></Message><Message Date="19/03/2013" Time="13:40:37" DateTime="2013-03-19T16:40:37.857Z" SessionID="4"><From><User FriendlyName="Nilton - ES ind. Ana"/></From><To><User FriendlyName="Comercial l GRUPO GENESIS"/></To><Text Style="font-family:Segoe UI; color:#000000; ">vc trabalha com captação?</Text></Message><Message Date="19/03/2013" Time="13:40:53" DateTime="2013-03-19T16:40:53.896Z" SessionID="4"><From><User FriendlyName="Comercial l GRUPO GENESIS"/></From><To><User FriendlyName="Nilton - ES ind. Ana"/></To><Text Style="font-family:Segoe UI; color:#000000; ">exatamente</Text></Message><Message Date="19/03/2013" Time="13:41:51" DateTime="2013-03-19T16:41:51.440Z" SessionID="4"><From><User FriendlyName="Nilton - ES ind. Ana"/></From><To><User FriendlyName="Comercial l GRUPO GENESIS"/></To><Text Style="font-family:Segoe UI; color:#000000; ">eu trabalho comescola de curso profissionalizantes e de informatica (método Visual Mídia)</Text></Message><Message Date="19/03/2013" Time="13:42:59" DateTime="2013-03-19T16:42:59.625Z" SessionID="4"><From><User FriendlyName="Nilton - ES ind. Ana"/></From><To><User FriendlyName="Comercial l GRUPO GENESIS"/></To><Text Style="font-family:Segoe UI; color:#000000; ">tb trabalho com o método NPE de preparatório para o enem, vc trabalha com algum tipo de captação para o enem?</Text></Message><Message Date="19/03/2013" Time="13:45:05" DateTime="2013-03-19T16:45:05.490Z" SessionID="4"><From><User FriendlyName="Comercial l GRUPO GENESIS"/></From><To><User FriendlyName="Nilton - ES ind. Ana"/></To><Text Style="font-family:Segoe UI; color:#000000; ">Vou explicar a campanha e vamos ver..se o senhor acha que pode se encaixar</Text></Message><Message Date="19/03/2013" Time="13:45:40" DateTime="2013-03-19T16:45:40.408Z" SessionID="4"><From><User FriendlyName="Comercial l GRUPO GENESIS"/></From><To><User FriendlyName="Nilton - ES ind. Ana"/></To><Text Style="font-family:Segoe UI; color:#000000; ">Para o senhor entender melhor , nós temos uma campanha chamada Clube Estudantil e através desse clube os alunos terão mais vantagens de estudar em sua escola, além de aprender os cursos que você oferece, os alunos recebem um reforço escolar através de um portal exclusivo de nossa empresa, onde eles terão professores online em matemática e português, ou seja,adquirindo nossa campanha o senhor recebe um portal totalmente gratuito livre de taxas e manutenções.</Text></Message><Message Date="19/03/2013" Time="13:46:48" DateTime="2013-03-19T16:46:48.260Z" SessionID="4"><From><User FriendlyName="Nilton - ES ind. Ana"/></From><To><User FriendlyName="Comercial l GRUPO GENESIS"/></To><Text Style="font-family:Segoe UI; color:#000000; ">entendí</Text></Message><Message Date="19/03/2013" Time="13:47:08" DateTime="2013-03-19T16:47:08.937Z" SessionID="4"><From><User FriendlyName="Nilton - ES ind. Ana"/></From><To><User FriendlyName="Comercial l GRUPO GENESIS"/></To><Text Style="font-family:Segoe UI; color:#000000; ">este portal pra mim é sem custos, cert?</Text></Message><Message Date="19/03/2013" Time="13:47:16" DateTime="2013-03-19T16:47:16.644Z" SessionID="4"><From><User FriendlyName="Comercial l GRUPO GENESIS"/></From><To><User FriendlyName="Nilton - ES ind. Ana"/></To><Text Style="font-family:Segoe UI; color:#000000; ">sim</Text></Message><Message Date="19/03/2013" Time="13:47:45" DateTime="2013-03-19T16:47:45.619Z" SessionID="4"><From><User FriendlyName="Nilton - ES ind. Ana"/></From><To><User FriendlyName="Comercial l GRUPO GENESIS"/></To><Text Style="font-family:Segoe UI; color:#000000; ">este serviço on line é pra qualquer tipo de dúvia que o aluno tiver?</Text></Message><Message Date="19/03/2013" Time="13:48:32" DateTime="2013-03-19T16:48:32.851Z" SessionID="4"><From><User FriendlyName="Comercial l GRUPO GENESIS"/></From><To><User FriendlyName="Nilton - ES ind. Ana"/></To><Text Style="font-family:Segoe UI; color:#000000; ">Na verdade a professora é formada em Portugues e Matematica;
mais ela auxilia o aluno em qualquer outra materia</Text></Message><Message Date="19/03/2013" Time="13:49:30" DateTime="2013-03-19T16:49:30.970Z" SessionID="4"><From><User FriendlyName="Nilton - ES ind. Ana"/></From><To><User FriendlyName="Comercial l GRUPO GENESIS"/></To><Text Style="font-family:Segoe UI; color:#000000; ">ela está online direto, ou as perguntas são feitas depois é enviado a resposta?</Text></Message><Message Date="19/03/2013" Time="13:50:52" DateTime="2013-03-19T16:50:52.384Z" SessionID="4"><From><User FriendlyName="Comercial l GRUPO GENESIS"/></From><To><User FriendlyName="Nilton - ES ind. Ana"/></To><Text Style="font-family:Segoe UI; color:#000000; ">toda quinta feira,ela fica online no site o dia todo,durante os outros dias ela recebe a pergunta e ela responde dentro do mesmo dia..
cada aluno faz seu cadastro e fica com sua pagina e duvidas na pagina dele</Text></Message><Message Date="19/03/2013" Time="13:51:20" DateTime="2013-03-19T16:51:20.335Z" SessionID="4"><From><User FriendlyName="Nilton - ES ind. Ana"/></From><To><User FriendlyName="Comercial l GRUPO GENESIS"/></To><Text Style="font-family:Segoe UI; color:#000000; ">entendí</Text></Message><Message Date="19/03/2013" Time="13:51:50" DateTime="2013-03-19T16:51:50.220Z" SessionID="4"><From><User FriendlyName="Nilton - ES ind. Ana"/></From><To><User FriendlyName="Comercial l GRUPO GENESIS"/></To><Text Style="font-family:Segoe UI; color:#000000; ">tem como vc me enviar uma proposta de seu trabalho.</Text></Message><Message Date="19/03/2013" Time="13:52:00" DateTime="2013-03-19T16:52:00.818Z" SessionID="4"><From><User FriendlyName="Nilton - ES ind. Ana"/></From><To><User FriendlyName="Comercial l GRUPO GENESIS"/></To><Text Style="font-family:Segoe UI; color:#000000; ">estou em Cariacica-ES.</Text></Message><Message Date="19/03/2013" Time="13:52:22" DateTime="2013-03-19T16:52:22.603Z" SessionID="4"><From><User FriendlyName="Comercial l GRUPO GENESIS"/></From><To><User FriendlyName="Nilton - ES ind. Ana"/></To><Text Style="font-family:Segoe UI; color:#000000; ">sim,qual e-mail?</Text></Message><Message Date="19/03/2013" Time="13:52:34" DateTime="2013-03-19T16:52:34.160Z" SessionID="4"><From><User FriendlyName="Nilton - ES ind. Ana"/></From><To><User FriendlyName="Comercial l GRUPO GENESIS"/></To><Text Style="font-family:Segoe UI; color:#000000; ">este mesmo que estamos </Text></Message><Message Date="19/03/2013" Time="13:52:41" DateTime="2013-03-19T16:52:41.986Z" SessionID="4"><From><User FriendlyName="Nilton - ES ind. Ana"/></From><To><User FriendlyName="Comercial l GRUPO GENESIS"/></To><Text Style="font-family:Segoe UI; color:#000000; ">visualmidia_es@hotmail.com</Text></Message><Message Date="19/03/2013" Time="13:53:09" DateTime="2013-03-19T16:53:09.460Z" SessionID="4"><From><User FriendlyName="Comercial l GRUPO GENESIS"/></From><To><User FriendlyName="Nilton - ES ind. Ana"/></To><Text Style="font-family:Segoe UI; color:#000000; ">Sim,mando agora</Text></Message><Message Date="19/03/2013" Time="13:53:56" DateTime="2013-03-19T16:53:56.307Z" SessionID="4"><From><User FriendlyName="Nilton - ES ind. Ana"/></From><To><User FriendlyName="Comercial l GRUPO GENESIS"/></To><Text Style="font-family:Segoe UI; color:#000000; ">blz, vou ver e se vc estiver online continuamos a conversa</Text></Message><Message Date="19/03/2013" Time="13:54:34" DateTime="2013-03-19T16:54:34.552Z" SessionID="4"><From><User FriendlyName="Comercial l GRUPO GENESIS"/></From><To><User FriendlyName="Nilton - ES ind. Ana"/></To><Text Style="font-family:Segoe UI; color:#000000; ">Sim</Text></Message><Message Date="19/03/2013" Time="14:14:31" DateTime="2013-03-19T17:14:31.417Z" SessionID="4"><From><User FriendlyName="Comercial l GRUPO GENESIS"/></From><To><User FriendlyName="Nilton - ES ind. Ana"/></To><Text Style="font-family:Segoe UI; color:#000000; ">acabei de mandar</Text></Message><Message Date="19/03/2013" Time="15:33:49" DateTime="2013-03-19T18:33:49.577Z" SessionID="4"><From><User FriendlyName="Nilton - ES ind. Ana"/></From><To><User FriendlyName="Comercial l GRUPO GENESIS"/></To><Text Style="font-family:Segoe UI; color:#000000; ">então acabei de ler sua proposta</Text></Message><Message Date="19/03/2013" Time="15:35:37" DateTime="2013-03-19T18:35:37.846Z" SessionID="4"><From><User FriendlyName="Comercial l GRUPO GENESIS"/></From><To><User FriendlyName="Nilton - ES ind. Ana"/></To><Text Style="font-family:Segoe UI; color:#000000; ">alguma duvida?</Text></Message><Message Date="19/03/2013" Time="15:36:00" DateTime="2013-03-19T18:36:00.643Z" SessionID="4"><From><User FriendlyName="Nilton - ES ind. Ana"/></From><To><User FriendlyName="Comercial l GRUPO GENESIS"/></To><Text Style="font-family:Segoe UI; color:#000000; ">o problema aqui é abrir as escolas, são muitas escolas, mas nem todas deixam entrar, pra falar a verdade a maioria não deixa, eu preciso de apresentar um projeto para as diretoras e tb na secretaria de educação, vc tem alguma idéia ou projeto que eu possa apresentar pra eles?</Text></Message><Message Date="19/03/2013" Time="15:37:43" DateTime="2013-03-19T18:37:43.652Z" SessionID="4"><From><User FriendlyName="Nilton - ES ind. Ana"/></From><To><User FriendlyName="Comercial l GRUPO GENESIS"/></To><Text Style="font-family:Segoe UI; color:#000000; ">preciso de um projeto pra apresentar e assim deixar as escolas abertas, aqui são cerca de 20 escolas boas, com projeto eu posso tentar deixar o máximo possível aberta e aqui quando vcs vierem podemos tentar abrir outras.</Text></Message><Message Date="19/03/2013" Time="15:38:31" DateTime="2013-03-19T18:38:31.879Z" SessionID="4"><From><User FriendlyName="Comercial l GRUPO GENESIS"/></From><To><User FriendlyName="Nilton - ES ind. Ana"/></To><Text Style="font-family:Segoe UI; color:#000000; ">Vou te passar agora por email,uma carta para ajudar nas aberturas</Text></Message><Message Date="19/03/2013" Time="15:38:35" DateTime="2013-03-19T18:38:35.560Z" SessionID="4"><From><User FriendlyName="Comercial l GRUPO GENESIS"/></From><To><User FriendlyName="Nilton - ES ind. Ana"/></To><Text Style="font-family:Segoe UI; color:#000000; ">1 min</Text></Message><Message Date="19/03/2013" Time="15:51:27" DateTime="2013-03-19T18:51:27.705Z" SessionID="4"><From><User FriendlyName="Comercial l GRUPO GENESIS"/></From><To><User FriendlyName="Nilton - ES ind. Ana"/></To><Text Style="font-family:Segoe UI; color:#000000; ">recebeu?</Text></Message></Log>
